0 verbose cli /opt/alt/alt-nodejs20/root/usr/bin/node /opt/alt/alt-nodejs20/root/usr/bin/npm
1 info using npm@10.8.2
2 info using node@v20.18.3
3 silly config load:file:/opt/alt/alt-nodejs20/root/usr/lib/node_modules/npm/npmrc
4 silly config load:file:/home/drarmank/source_build/dr.armankabir-main/src/frontend/.npmrc
5 silly config load:file:/home/drarmank/.npmrc
6 silly config load:file:/opt/alt/alt-nodejs20/root/usr/etc/npmrc
7 verbose title npm install
8 verbose argv "install"
9 verbose logfile logs-max:10 dir:/home/drarmank/.npm/_logs/2026-07-27T02_41_20_016Z-
10 verbose logfile /home/drarmank/.npm/_logs/2026-07-27T02_41_20_016Z-debug-0.log
11 silly packumentCache heap:4345298944 maxSize:1086324736 maxEntrySize:543162368
12 silly logfile done cleaning log files
13 silly idealTree buildDeps
14 silly fetch manifest @radix-ui/react-accordion@^1.1.2
15 silly packumentCache full:https://registry.npmjs.org/@radix-ui%2freact-accordion cache-miss
16 http fetch GET 200 https://registry.npmjs.org/@radix-ui%2freact-accordion 44ms (cache hit)
17 silly packumentCache full:https://registry.npmjs.org/@radix-ui%2freact-accordion set size:1017825 disposed:false
18 silly fetch manifest @types/react@~19.1.0
19 silly packumentCache full:https://registry.npmjs.org/@types%2freact cache-miss
20 http fetch GET 200 https://registry.npmjs.org/@types%2freact 22ms (cache hit)
21 silly packumentCache full:https://registry.npmjs.org/@types%2freact set size:2632776 disposed:false
22 silly fetch manifest @types/react-dom@~19.1.0
23 silly packumentCache full:https://registry.npmjs.org/@types%2freact-dom cache-miss
24 http fetch GET 200 https://registry.npmjs.org/@types%2freact-dom 9ms (cache hit)
25 silly packumentCache full:https://registry.npmjs.org/@types%2freact-dom set size:429026 disposed:false
26 silly fetch manifest react@~19.1.0
27 silly packumentCache full:https://registry.npmjs.org/react cache-miss
28 http fetch GET 200 https://registry.npmjs.org/react 28ms (cache hit)
29 silly packumentCache full:https://registry.npmjs.org/react set size:6830011 disposed:false
30 silly fetch manifest react-dom@~19.1.0
31 silly packumentCache full:https://registry.npmjs.org/react-dom cache-miss
32 http fetch GET 200 https://registry.npmjs.org/react-dom 35ms (cache hit)
33 silly packumentCache full:https://registry.npmjs.org/react-dom set size:9160340 disposed:false
34 silly fetch manifest @radix-ui/react-alert-dialog@^1.1.2
35 silly packumentCache full:https://registry.npmjs.org/@radix-ui%2freact-alert-dialog cache-miss
36 http fetch GET 200 https://registry.npmjs.org/@radix-ui%2freact-alert-dialog 8ms (cache hit)
37 silly packumentCache full:https://registry.npmjs.org/@radix-ui%2freact-alert-dialog set size:1130181 disposed:false
38 silly fetch manifest @radix-ui/react-aspect-ratio@^1.1.0
39 silly packumentCache full:https://registry.npmjs.org/@radix-ui%2freact-aspect-ratio cache-miss
40 http fetch GET 200 https://registry.npmjs.org/@radix-ui%2freact-aspect-ratio 8ms (cache hit)
41 silly packumentCache full:https://registry.npmjs.org/@radix-ui%2freact-aspect-ratio set size:719416 disposed:false
42 silly fetch manifest @radix-ui/react-avatar@^1.1.0
43 silly packumentCache full:https://registry.npmjs.org/@radix-ui%2freact-avatar cache-miss
44 http fetch GET 200 https://registry.npmjs.org/@radix-ui%2freact-avatar 6ms (cache hit)
45 silly packumentCache full:https://registry.npmjs.org/@radix-ui%2freact-avatar set size:831864 disposed:false
46 silly fetch manifest @radix-ui/react-checkbox@^1.1.1
47 silly packumentCache full:https://registry.npmjs.org/@radix-ui%2freact-checkbox cache-miss
48 http fetch GET 200 https://registry.npmjs.org/@radix-ui%2freact-checkbox 42ms (cache hit)
49 silly packumentCache full:https://registry.npmjs.org/@radix-ui%2freact-checkbox set size:1007067 disposed:false
50 silly fetch manifest @radix-ui/react-collapsible@^1.1.0
51 silly packumentCache full:https://registry.npmjs.org/@radix-ui%2freact-collapsible cache-miss
52 http fetch GET 200 https://registry.npmjs.org/@radix-ui%2freact-collapsible 8ms (cache hit)
53 silly packumentCache full:https://registry.npmjs.org/@radix-ui%2freact-collapsible set size:959318 disposed:false
54 silly fetch manifest @radix-ui/react-context-menu@^2.2.15
55 silly packumentCache full:https://registry.npmjs.org/@radix-ui%2freact-context-menu cache-miss
56 http fetch GET 200 https://registry.npmjs.org/@radix-ui%2freact-context-menu 8ms (cache hit)
57 silly packumentCache full:https://registry.npmjs.org/@radix-ui%2freact-context-menu set size:1224175 disposed:false
58 silly fetch manifest @radix-ui/react-dialog@^1.1.1
59 silly packumentCache full:https://registry.npmjs.org/@radix-ui%2freact-dialog cache-miss
60 http fetch GET 200 https://registry.npmjs.org/@radix-ui%2freact-dialog 9ms (cache hit)
61 silly packumentCache full:https://registry.npmjs.org/@radix-ui%2freact-dialog set size:1243391 disposed:false
62 silly fetch manifest @radix-ui/react-dropdown-menu@^2.1.1
63 silly packumentCache full:https://registry.npmjs.org/@radix-ui%2freact-dropdown-menu cache-miss
64 http fetch GET 200 https://registry.npmjs.org/@radix-ui%2freact-dropdown-menu 7ms (cache hit)
65 silly packumentCache full:https://registry.npmjs.org/@radix-ui%2freact-dropdown-menu set size:1234465 disposed:false
66 silly fetch manifest @radix-ui/react-hover-card@^1.1.2
67 silly packumentCache full:https://registry.npmjs.org/@radix-ui%2freact-hover-card cache-miss
68 http fetch GET 200 https://registry.npmjs.org/@radix-ui%2freact-hover-card 34ms (cache hit)
69 silly packumentCache full:https://registry.npmjs.org/@radix-ui%2freact-hover-card set size:1159674 disposed:false
70 silly fetch manifest @radix-ui/react-label@^2.1.0
71 silly packumentCache full:https://registry.npmjs.org/@radix-ui%2freact-label cache-miss
72 http fetch GET 200 https://registry.npmjs.org/@radix-ui%2freact-label 5ms (cache hit)
73 silly packumentCache full:https://registry.npmjs.org/@radix-ui%2freact-label set size:749327 disposed:false
74 silly fetch manifest @radix-ui/react-menubar@^1.1.1
75 silly packumentCache full:https://registry.npmjs.org/@radix-ui%2freact-menubar cache-miss
76 http fetch GET 200 https://registry.npmjs.org/@radix-ui%2freact-menubar 4ms (cache hit)
77 silly packumentCache full:https://registry.npmjs.org/@radix-ui%2freact-menubar set size:740824 disposed:false
78 silly fetch manifest @radix-ui/react-navigation-menu@^1.2.0
79 silly packumentCache full:https://registry.npmjs.org/@radix-ui%2freact-navigation-menu cache-miss
80 http fetch GET 200 https://registry.npmjs.org/@radix-ui%2freact-navigation-menu 8ms (cache hit)
81 silly packumentCache full:https://registry.npmjs.org/@radix-ui%2freact-navigation-menu set size:1003424 disposed:false
82 silly fetch manifest @radix-ui/react-popover@^1.1.1
83 silly packumentCache full:https://registry.npmjs.org/@radix-ui%2freact-popover cache-miss
84 http fetch GET 200 https://registry.npmjs.org/@radix-ui%2freact-popover 8ms (cache hit)
85 silly packumentCache full:https://registry.npmjs.org/@radix-ui%2freact-popover set size:1289696 disposed:false
86 silly fetch manifest @radix-ui/react-progress@^1.1.0
87 silly packumentCache full:https://registry.npmjs.org/@radix-ui%2freact-progress cache-miss
88 http fetch GET 200 https://registry.npmjs.org/@radix-ui%2freact-progress 6ms (cache hit)
89 silly packumentCache full:https://registry.npmjs.org/@radix-ui%2freact-progress set size:739742 disposed:false
90 silly fetch manifest @radix-ui/react-radio-group@^1.2.0
91 silly packumentCache full:https://registry.npmjs.org/@radix-ui%2freact-radio-group cache-miss
92 http fetch GET 200 https://registry.npmjs.org/@radix-ui%2freact-radio-group 13ms (cache hit)
93 silly packumentCache full:https://registry.npmjs.org/@radix-ui%2freact-radio-group set size:1095058 disposed:false
94 silly fetch manifest @radix-ui/react-scroll-area@^1.2.0
95 silly packumentCache full:https://registry.npmjs.org/@radix-ui%2freact-scroll-area cache-miss
96 http fetch GET 200 https://registry.npmjs.org/@radix-ui%2freact-scroll-area 8ms (cache hit)
97 silly packumentCache full:https://registry.npmjs.org/@radix-ui%2freact-scroll-area set size:1057478 disposed:false
98 silly fetch manifest @radix-ui/react-select@^2.1.2
99 silly packumentCache full:https://registry.npmjs.org/@radix-ui%2freact-select cache-miss
100 http fetch GET 200 https://registry.npmjs.org/@radix-ui%2freact-select 9ms (cache hit)
101 silly packumentCache full:https://registry.npmjs.org/@radix-ui%2freact-select set size:1160674 disposed:false
102 silly fetch manifest @radix-ui/react-separator@^1.1.0
103 silly packumentCache full:https://registry.npmjs.org/@radix-ui%2freact-separator cache-miss
104 http fetch GET 200 https://registry.npmjs.org/@radix-ui%2freact-separator 6ms (cache hit)
105 silly packumentCache full:https://registry.npmjs.org/@radix-ui%2freact-separator set size:717684 disposed:false
106 silly fetch manifest @radix-ui/react-slider@^1.2.0
107 silly packumentCache full:https://registry.npmjs.org/@radix-ui%2freact-slider cache-miss
108 http fetch GET 200 https://registry.npmjs.org/@radix-ui%2freact-slider 11ms (cache hit)
109 silly packumentCache full:https://registry.npmjs.org/@radix-ui%2freact-slider set size:1019786 disposed:false
110 silly fetch manifest @radix-ui/react-slot@^1.1.0
111 silly packumentCache full:https://registry.npmjs.org/@radix-ui%2freact-slot cache-miss
112 http fetch GET 200 https://registry.npmjs.org/@radix-ui%2freact-slot 12ms (cache hit)
113 silly packumentCache full:https://registry.npmjs.org/@radix-ui%2freact-slot set size:484643 disposed:false
114 silly fetch manifest @radix-ui/react-switch@^1.1.1
115 silly packumentCache full:https://registry.npmjs.org/@radix-ui%2freact-switch cache-miss
116 http fetch GET 200 https://registry.npmjs.org/@radix-ui%2freact-switch 7ms (cache hit)
117 silly packumentCache full:https://registry.npmjs.org/@radix-ui%2freact-switch set size:876390 disposed:false
118 silly fetch manifest @radix-ui/react-tabs@^1.1.0
119 silly packumentCache full:https://registry.npmjs.org/@radix-ui%2freact-tabs cache-miss
120 http fetch GET 200 https://registry.npmjs.org/@radix-ui%2freact-tabs 10ms (cache hit)
121 silly packumentCache full:https://registry.npmjs.org/@radix-ui%2freact-tabs set size:1035055 disposed:false
122 silly fetch manifest @radix-ui/react-toggle@^1.1.0
123 silly packumentCache full:https://registry.npmjs.org/@radix-ui%2freact-toggle cache-miss
124 http fetch GET 200 https://registry.npmjs.org/@radix-ui%2freact-toggle 6ms (cache hit)
125 silly packumentCache full:https://registry.npmjs.org/@radix-ui%2freact-toggle set size:794961 disposed:false
126 silly fetch manifest @radix-ui/react-toggle-group@^1.1.0
127 silly packumentCache full:https://registry.npmjs.org/@radix-ui%2freact-toggle-group cache-miss
128 http fetch GET 200 https://registry.npmjs.org/@radix-ui%2freact-toggle-group 8ms (cache hit)
129 silly packumentCache full:https://registry.npmjs.org/@radix-ui%2freact-toggle-group set size:980389 disposed:false
130 silly fetch manifest @radix-ui/react-tooltip@^1.1.2
131 silly packumentCache full:https://registry.npmjs.org/@radix-ui%2freact-tooltip cache-miss
132 http fetch GET 200 https://registry.npmjs.org/@radix-ui%2freact-tooltip 32ms (cache hit)
133 silly packumentCache full:https://registry.npmjs.org/@radix-ui%2freact-tooltip set size:1296941 disposed:false
134 silly fetch manifest @react-three/cannon@~6.6.0
135 silly packumentCache full:https://registry.npmjs.org/@react-three%2fcannon cache-miss
136 http fetch GET 200 https://registry.npmjs.org/@react-three%2fcannon 63ms (cache hit)
137 silly packumentCache full:https://registry.npmjs.org/@react-three%2fcannon set size:265484 disposed:false
138 silly fetch manifest @react-three/fiber@~9.1.2
139 silly packumentCache full:https://registry.npmjs.org/@react-three%2ffiber cache-miss
140 http fetch GET 200 https://registry.npmjs.org/@react-three%2ffiber 8ms (cache hit)
141 silly packumentCache full:https://registry.npmjs.org/@react-three%2ffiber set size:1153721 disposed:false
142 silly fetch manifest expo@>=43.0
143 silly packumentCache full:https://registry.npmjs.org/expo cache-miss
144 http fetch GET 200 https://registry.npmjs.org/expo 14ms (cache hit)
145 silly packumentCache full:https://registry.npmjs.org/expo set size:3969729 disposed:false
146 silly fetch manifest @expo/metro-runtime@*
147 silly packumentCache full:https://registry.npmjs.org/@expo%2fmetro-runtime cache-miss
148 http fetch GET 200 https://registry.npmjs.org/@expo%2fmetro-runtime 8ms (cache hit)
149 silly packumentCache full:https://registry.npmjs.org/@expo%2fmetro-runtime set size:779136 disposed:false
150 silly fetch manifest react-native@*
151 silly packumentCache full:https://registry.npmjs.org/react-native cache-miss
152 http fetch GET 200 https://registry.npmjs.org/react-native 67ms (cache hit)
153 silly packumentCache full:https://registry.npmjs.org/react-native set size:15558287 disposed:false
154 silly fetch manifest react-native-web@*
155 silly packumentCache full:https://registry.npmjs.org/react-native-web cache-miss
156 http fetch GET 200 https://registry.npmjs.org/react-native-web 8ms (cache hit)
157 silly packumentCache full:https://registry.npmjs.org/react-native-web set size:1090416 disposed:false
158 silly fetch manifest react-native-webview@*
159 silly packumentCache full:https://registry.npmjs.org/react-native-webview cache-miss
160 http fetch GET 200 https://registry.npmjs.org/react-native-webview 9ms (cache hit)
161 silly packumentCache full:https://registry.npmjs.org/react-native-webview set size:1379763 disposed:false
162 silly fetch manifest expo-asset@>=8.4
163 silly packumentCache full:https://registry.npmjs.org/expo-asset cache-miss
164 http fetch GET 200 https://registry.npmjs.org/expo-asset 8ms (cache hit)
165 silly packumentCache full:https://registry.npmjs.org/expo-asset set size:1136091 disposed:false
166 silly fetch manifest expo-file-system@>=11.0
167 silly packumentCache full:https://registry.npmjs.org/expo-file-system cache-miss
168 http fetch GET 200 https://registry.npmjs.org/expo-file-system 34ms (cache hit)
169 silly packumentCache full:https://registry.npmjs.org/expo-file-system set size:1148651 disposed:false
170 silly fetch manifest expo-gl@>=11.0
171 silly packumentCache full:https://registry.npmjs.org/expo-gl cache-miss
172 http fetch GET 200 https://registry.npmjs.org/expo-gl 13ms (cache hit)
173 silly packumentCache full:https://registry.npmjs.org/expo-gl set size:1025775 disposed:false
174 silly fetch manifest react-native-reanimated@*
175 silly packumentCache full:https://registry.npmjs.org/react-native-reanimated cache-miss
176 http fetch GET 200 https://registry.npmjs.org/react-native-reanimated 45ms (cache hit)
177 silly packumentCache full:https://registry.npmjs.org/react-native-reanimated set size:11265724 disposed:false
178 silly fetch manifest react-native@0.83 - 0.86
179 silly packumentCache full:https://registry.npmjs.org/react-native cache-miss
180 http fetch GET 200 https://registry.npmjs.org/react-native 106ms (cache hit)
181 silly packumentCache full:https://registry.npmjs.org/react-native set size:15558287 disposed:false
182 silly fetch manifest @react-native/jest-preset@0.86.0
183 silly packumentCache full:https://registry.npmjs.org/@react-native%2fjest-preset cache-miss
184 http fetch GET 200 https://registry.npmjs.org/@react-native%2fjest-preset 56ms (cache hit)
185 silly packumentCache full:https://registry.npmjs.org/@react-native%2fjest-preset set size:298206 disposed:false
186 silly fetch manifest react@*
187 silly packumentCache full:https://registry.npmjs.org/react cache-miss
188 http fetch GET 200 https://registry.npmjs.org/react 27ms (cache hit)
189 silly packumentCache full:https://registry.npmjs.org/react set size:6830011 disposed:false
190 silly fetch manifest @types/react@^19.1.1
191 silly packumentCache full:https://registry.npmjs.org/@types%2freact cache-miss
192 http fetch GET 200 https://registry.npmjs.org/@types%2freact 57ms (cache hit)
193 silly packumentCache full:https://registry.npmjs.org/@types%2freact set size:2632776 disposed:false
194 silly fetch manifest react@^19.2.3
195 silly packumentCache full:https://registry.npmjs.org/react cache-miss
196 http fetch GET 200 https://registry.npmjs.org/react 20ms (cache hit)
197 silly packumentCache full:https://registry.npmjs.org/react set size:6830011 disposed:false
198 silly fetch manifest react-native-worklets@0.10.x - 0.11.x
199 silly packumentCache full:https://registry.npmjs.org/react-native-worklets cache-miss
200 http fetch GET 200 https://registry.npmjs.org/react-native-worklets 18ms (cache hit)
201 silly packumentCache full:https://registry.npmjs.org/react-native-worklets set size:3061442 disposed:false
202 silly fetch manifest @babel/core@*
203 silly packumentCache full:https://registry.npmjs.org/@babel%2fcore cache-miss
204 http fetch GET 200 https://registry.npmjs.org/@babel%2fcore 8ms (cache hit)
205 silly packumentCache full:https://registry.npmjs.org/@babel%2fcore set size:788273 disposed:false
206 silly fetch manifest @react-native/metro-config@*
207 silly packumentCache full:https://registry.npmjs.org/@react-native%2fmetro-config cache-miss
208 http fetch GET 200 https://registry.npmjs.org/@react-native%2fmetro-config 27ms (cache hit)
209 silly packumentCache full:https://registry.npmjs.org/@react-native%2fmetro-config set size:2318211 disposed:false
210 silly fetch manifest three@^0.176.0
211 silly packumentCache full:https://registry.npmjs.org/three cache-miss
212 http fetch GET 200 https://registry.npmjs.org/three 11ms (cache hit)
213 silly packumentCache full:https://registry.npmjs.org/three set size:933563 disposed:false
214 silly fetch manifest @react-three/drei@~10.0.8
215 silly packumentCache full:https://registry.npmjs.org/@react-three%2fdrei cache-miss
216 http fetch GET 200 https://registry.npmjs.org/@react-three%2fdrei 11ms (cache hit)
217 silly packumentCache full:https://registry.npmjs.org/@react-three%2fdrei set size:2751174 disposed:false
218 silly fetch manifest @tanstack/react-query@^5.24.0
219 silly packumentCache full:https://registry.npmjs.org/@tanstack%2freact-query cache-miss
220 http fetch GET 200 https://registry.npmjs.org/@tanstack%2freact-query 49ms (cache hit)
221 silly packumentCache full:https://registry.npmjs.org/@tanstack%2freact-query set size:1624221 disposed:false
222 silly fetch manifest @tanstack/react-router@~1.131.8
223 silly packumentCache full:https://registry.npmjs.org/@tanstack%2freact-router cache-miss
224 http fetch GET 200 https://registry.npmjs.org/@tanstack%2freact-router 15ms (cache hit)
225 silly packumentCache full:https://registry.npmjs.org/@tanstack%2freact-router set size:3624638 disposed:false
226 silly fetch manifest class-variance-authority@^0.7.0
227 silly packumentCache full:https://registry.npmjs.org/class-variance-authority cache-miss
228 http fetch GET 200 https://registry.npmjs.org/class-variance-authority 62ms (cache hit)
229 silly packumentCache full:https://registry.npmjs.org/class-variance-authority set size:96388 disposed:false
230 silly fetch manifest clsx@^2.1.1
231 silly packumentCache full:https://registry.npmjs.org/clsx cache-miss
232 http fetch GET 200 https://registry.npmjs.org/clsx 5ms (cache hit)
233 silly packumentCache full:https://registry.npmjs.org/clsx set size:42506 disposed:false
234 silly fetch manifest cmdk@^1.0.0
235 silly packumentCache full:https://registry.npmjs.org/cmdk cache-miss
236 http fetch GET 200 https://registry.npmjs.org/cmdk 4ms (cache hit)
237 silly packumentCache full:https://registry.npmjs.org/cmdk set size:102891 disposed:false
238 silly fetch manifest date-fns@^3.6.0
239 silly packumentCache full:https://registry.npmjs.org/date-fns cache-miss
240 http fetch GET 200 https://registry.npmjs.org/date-fns 14ms (cache hit)
241 silly packumentCache full:https://registry.npmjs.org/date-fns set size:4144741 disposed:false
242 silly fetch manifest embla-carousel-react@^8.2.1
243 silly packumentCache full:https://registry.npmjs.org/embla-carousel-react cache-miss
244 http fetch GET 200 https://registry.npmjs.org/embla-carousel-react 5ms (cache hit)
245 silly packumentCache full:https://registry.npmjs.org/embla-carousel-react set size:398957 disposed:false
246 silly fetch manifest html2canvas@^1.4.1
247 silly packumentCache full:https://registry.npmjs.org/html2canvas cache-miss
248 http fetch GET 200 https://registry.npmjs.org/html2canvas 4ms (cache hit)
249 silly packumentCache full:https://registry.npmjs.org/html2canvas set size:186292 disposed:false
250 silly fetch manifest input-otp@^1.4.1
251 silly packumentCache full:https://registry.npmjs.org/input-otp cache-miss
252 http fetch GET 200 https://registry.npmjs.org/input-otp 4ms (cache hit)
253 silly packumentCache full:https://registry.npmjs.org/input-otp set size:85904 disposed:false
254 silly fetch manifest lucide-react@0.511.0
255 silly packumentCache full:https://registry.npmjs.org/lucide-react cache-miss
256 http fetch GET 200 https://registry.npmjs.org/lucide-react 17ms (cache hit)
257 silly packumentCache full:https://registry.npmjs.org/lucide-react set size:2299808 disposed:false
258 silly fetch manifest motion@^12.34.3
259 silly packumentCache full:https://registry.npmjs.org/motion cache-miss
260 http fetch GET 200 https://registry.npmjs.org/motion 8ms (cache hit)
261 silly packumentCache full:https://registry.npmjs.org/motion set size:1403357 disposed:false
262 silly fetch manifest @emotion/is-prop-valid@*
263 silly packumentCache full:https://registry.npmjs.org/@emotion%2fis-prop-valid cache-miss
264 http fetch GET 200 https://registry.npmjs.org/@emotion%2fis-prop-valid 12ms (cache hit)
265 silly packumentCache full:https://registry.npmjs.org/@emotion%2fis-prop-valid set size:96539 disposed:false
266 silly fetch manifest next-themes@~0.4.6
267 silly packumentCache full:https://registry.npmjs.org/next-themes cache-miss
268 http fetch GET 200 https://registry.npmjs.org/next-themes 6ms (cache hit)
269 silly packumentCache full:https://registry.npmjs.org/next-themes set size:162039 disposed:false
270 silly fetch manifest react-day-picker@^9.5.0
271 silly packumentCache full:https://registry.npmjs.org/react-day-picker cache-miss
272 http fetch GET 200 https://registry.npmjs.org/react-day-picker 7ms (cache hit)
273 silly packumentCache full:https://registry.npmjs.org/react-day-picker set size:1169083 disposed:false
274 silly fetch manifest react-hook-form@^7.53.0
275 silly packumentCache full:https://registry.npmjs.org/react-hook-form cache-miss
276 http fetch GET 200 https://registry.npmjs.org/react-hook-form 17ms (cache hit)
277 silly packumentCache full:https://registry.npmjs.org/react-hook-form set size:5189031 disposed:false
278 silly fetch manifest react-icons@^5.4.0
279 silly packumentCache full:https://registry.npmjs.org/react-icons cache-miss
280 http fetch GET 200 https://registry.npmjs.org/react-icons 5ms (cache hit)
281 silly packumentCache full:https://registry.npmjs.org/react-icons set size:275121 disposed:false
282 silly fetch manifest react-quill-new@3.4.6
283 silly packumentCache full:https://registry.npmjs.org/react-quill-new cache-miss
284 http fetch GET 200 https://registry.npmjs.org/react-quill-new 5ms (cache hit)
285 silly packumentCache full:https://registry.npmjs.org/react-quill-new set size:80896 disposed:false
286 silly fetch manifest quill-delta@^5.1.0
287 silly packumentCache full:https://registry.npmjs.org/quill-delta cache-miss
288 http fetch GET 200 https://registry.npmjs.org/quill-delta 4ms (cache hit)
289 silly packumentCache full:https://registry.npmjs.org/quill-delta set size:61893 disposed:false
290 silly fetch manifest react-resizable-panels@^2.1.7
291 silly packumentCache full:https://registry.npmjs.org/react-resizable-panels cache-miss
292 http fetch GET 200 https://registry.npmjs.org/react-resizable-panels 9ms (cache hit)
293 silly packumentCache full:https://registry.npmjs.org/react-resizable-panels set size:824952 disposed:false
294 silly fetch manifest react-use@~17.6.0
295 silly packumentCache full:https://registry.npmjs.org/react-use cache-miss
296 http fetch GET 200 https://registry.npmjs.org/react-use 11ms (cache hit)
297 silly packumentCache full:https://registry.npmjs.org/react-use set size:1315123 disposed:false
298 silly fetch manifest recharts@^2.15.1
299 silly packumentCache full:https://registry.npmjs.org/recharts cache-miss
300 http fetch GET 200 https://registry.npmjs.org/recharts 9ms (cache hit)
301 silly packumentCache full:https://registry.npmjs.org/recharts set size:1441197 disposed:false
302 silly fetch manifest sonner@^1.7.4
303 silly packumentCache full:https://registry.npmjs.org/sonner cache-miss
304 http fetch GET 200 https://registry.npmjs.org/sonner 16ms (cache hit)
305 silly packumentCache full:https://registry.npmjs.org/sonner set size:143249 disposed:false
306 silly fetch manifest tailwind-merge@^2.5.2
307 silly packumentCache full:https://registry.npmjs.org/tailwind-merge cache-miss
308 http fetch GET 200 https://registry.npmjs.org/tailwind-merge 9ms (cache hit)
309 silly packumentCache full:https://registry.npmjs.org/tailwind-merge set size:1669841 disposed:false
310 silly fetch manifest vaul@^1.1.2
311 silly packumentCache full:https://registry.npmjs.org/vaul cache-miss
312 http fetch GET 200 https://registry.npmjs.org/vaul 6ms (cache hit)
313 silly packumentCache full:https://registry.npmjs.org/vaul set size:132229 disposed:false
314 silly fetch manifest zustand@~5.0.5
315 silly packumentCache full:https://registry.npmjs.org/zustand cache-miss
316 http fetch GET 200 https://registry.npmjs.org/zustand 7ms (cache hit)
317 silly packumentCache full:https://registry.npmjs.org/zustand set size:486775 disposed:false
318 silly fetch manifest immer@>=9.0.6
319 silly packumentCache full:https://registry.npmjs.org/immer cache-miss
320 http fetch GET 200 https://registry.npmjs.org/immer 9ms (cache hit)
321 silly packumentCache full:https://registry.npmjs.org/immer set size:787228 disposed:false
322 silly fetch manifest use-sync-external-store@>=1.2.0
323 silly packumentCache full:https://registry.npmjs.org/use-sync-external-store cache-miss
324 http fetch GET 200 https://registry.npmjs.org/use-sync-external-store 21ms (cache hit)
325 silly packumentCache full:https://registry.npmjs.org/use-sync-external-store set size:4861581 disposed:false
326 silly fetch manifest @biomejs/biome@^1.9.0
327 silly packumentCache full:https://registry.npmjs.org/@biomejs%2fbiome cache-miss
328 http fetch GET 200 https://registry.npmjs.org/@biomejs%2fbiome 12ms (cache hit)
329 silly packumentCache full:https://registry.npmjs.org/@biomejs%2fbiome set size:352902 disposed:false
330 silly fetch manifest @tailwindcss/container-queries@^0.1.1
331 silly packumentCache full:https://registry.npmjs.org/@tailwindcss%2fcontainer-queries cache-miss
332 http fetch GET 200 https://registry.npmjs.org/@tailwindcss%2fcontainer-queries 5ms (cache hit)
333 silly packumentCache full:https://registry.npmjs.org/@tailwindcss%2fcontainer-queries set size:133760 disposed:false
334 silly fetch manifest tailwindcss@^3.4.17
335 silly packumentCache full:https://registry.npmjs.org/tailwindcss cache-miss
336 http fetch GET 200 https://registry.npmjs.org/tailwindcss 50ms (cache hit)
337 silly packumentCache full:https://registry.npmjs.org/tailwindcss set size:10778950 disposed:false
338 silly fetch manifest @tailwindcss/typography@0.5.10
339 silly packumentCache full:https://registry.npmjs.org/@tailwindcss%2ftypography cache-miss
340 http fetch GET 200 https://registry.npmjs.org/@tailwindcss%2ftypography 61ms (cache hit)
341 silly packumentCache full:https://registry.npmjs.org/@tailwindcss%2ftypography set size:510615 disposed:false
342 silly fetch manifest @types/node@^20.9.0
343 silly packumentCache full:https://registry.npmjs.org/@types%2fnode cache-miss
344 http fetch GET 200 https://registry.npmjs.org/@types%2fnode 32ms (cache hit)
345 silly packumentCache full:https://registry.npmjs.org/@types%2fnode set size:11080817 disposed:false
346 silly fetch manifest @types/three@0.176.0
347 silly packumentCache full:https://registry.npmjs.org/@types%2fthree cache-miss
348 http fetch GET 200 https://registry.npmjs.org/@types%2fthree 8ms (cache hit)
349 silly packumentCache full:https://registry.npmjs.org/@types%2fthree set size:645825 disposed:false
350 silly fetch manifest @vitejs/plugin-react@^4.3.1
351 silly packumentCache full:https://registry.npmjs.org/@vitejs%2fplugin-react cache-miss
352 http fetch GET 200 https://registry.npmjs.org/@vitejs%2fplugin-react 6ms (cache hit)
353 silly packumentCache full:https://registry.npmjs.org/@vitejs%2fplugin-react set size:273554 disposed:false
354 silly fetch manifest vite@^5.4.1
355 silly packumentCache full:https://registry.npmjs.org/vite cache-miss
356 http fetch GET 200 https://registry.npmjs.org/vite 162ms (cache hit)
357 silly packumentCache full:https://registry.npmjs.org/vite set size:38911891 disposed:false
358 silly fetch manifest less@*
359 silly packumentCache full:https://registry.npmjs.org/less cache-miss
360 http fetch GET 200 https://registry.npmjs.org/less 7ms (cache hit)
361 silly packumentCache full:https://registry.npmjs.org/less set size:486919 disposed:false
362 silly fetch manifest lightningcss@^1.21.0
363 silly packumentCache full:https://registry.npmjs.org/lightningcss cache-miss
364 http fetch GET 200 https://registry.npmjs.org/lightningcss 6ms (cache hit)
365 silly packumentCache full:https://registry.npmjs.org/lightningcss set size:191065 disposed:false
366 silly fetch manifest sass@*
367 silly packumentCache full:https://registry.npmjs.org/sass cache-miss
368 http fetch GET 200 https://registry.npmjs.org/sass 7ms (cache hit)
369 silly packumentCache full:https://registry.npmjs.org/sass set size:743214 disposed:false
370 silly fetch manifest sass-embedded@*
371 silly packumentCache full:https://registry.npmjs.org/sass-embedded cache-miss
372 http fetch GET 200 https://registry.npmjs.org/sass-embedded 6ms (cache hit)
373 silly packumentCache full:https://registry.npmjs.org/sass-embedded set size:419718 disposed:false
374 silly fetch manifest stylus@*
375 silly packumentCache full:https://registry.npmjs.org/stylus cache-miss
376 http fetch GET 200 https://registry.npmjs.org/stylus 6ms (cache hit)
377 silly packumentCache full:https://registry.npmjs.org/stylus set size:286766 disposed:false
378 silly fetch manifest sugarss@*
379 silly packumentCache full:https://registry.npmjs.org/sugarss cache-miss
380 http fetch GET 200 https://registry.npmjs.org/sugarss 5ms (cache hit)
381 silly packumentCache full:https://registry.npmjs.org/sugarss set size:44975 disposed:false
382 silly fetch manifest postcss@^8.4.41
383 silly packumentCache full:https://registry.npmjs.org/postcss cache-miss
384 http fetch GET 200 https://registry.npmjs.org/postcss 33ms (cache hit)
385 silly packumentCache full:https://registry.npmjs.org/postcss set size:749954 disposed:false
386 silly fetch manifest terser@^5.4.0
387 silly packumentCache full:https://registry.npmjs.org/terser cache-miss
388 http fetch GET 200 https://registry.npmjs.org/terser 7ms (cache hit)
389 silly packumentCache full:https://registry.npmjs.org/terser set size:806866 disposed:false
390 silly fetch manifest autoprefixer@^10.4.20
391 silly packumentCache full:https://registry.npmjs.org/autoprefixer cache-miss
392 http fetch GET 200 https://registry.npmjs.org/autoprefixer 9ms (cache hit)
393 silly packumentCache full:https://registry.npmjs.org/autoprefixer set size:1366815 disposed:false
394 silly fetch manifest dotenv@^16.5.0
395 silly packumentCache full:https://registry.npmjs.org/dotenv cache-miss
396 http fetch GET 200 https://registry.npmjs.org/dotenv 14ms (cache hit)
397 silly packumentCache full:https://registry.npmjs.org/dotenv set size:277802 disposed:false
398 silly fetch manifest dotenv-cli@^8.0.0
399 silly packumentCache full:https://registry.npmjs.org/dotenv-cli cache-miss
400 http fetch GET 200 https://registry.npmjs.org/dotenv-cli 4ms (cache hit)
401 silly packumentCache full:https://registry.npmjs.org/dotenv-cli set size:76298 disposed:false
402 silly fetch manifest tailwindcss-animate@^1.0.7
403 silly packumentCache full:https://registry.npmjs.org/tailwindcss-animate cache-miss
404 http fetch GET 200 https://registry.npmjs.org/tailwindcss-animate 4ms (cache hit)
405 silly packumentCache full:https://registry.npmjs.org/tailwindcss-animate set size:29893 disposed:false
406 silly fetch manifest typescript@^5.8.3
407 silly packumentCache full:https://registry.npmjs.org/typescript cache-miss
408 http fetch GET 200 https://registry.npmjs.org/typescript 72ms (cache hit)
409 silly packumentCache full:https://registry.npmjs.org/typescript set size:15480461 disposed:false
410 silly fetch manifest vite-plugin-environment@^1.1.3
411 silly packumentCache full:https://registry.npmjs.org/vite-plugin-environment cache-miss
412 http fetch GET 200 https://registry.npmjs.org/vite-plugin-environment 5ms (cache hit)
413 silly packumentCache full:https://registry.npmjs.org/vite-plugin-environment set size:27855 disposed:false
414 silly placeDep ROOT @biomejs/biome@1.9.4 OK for: @caffeine/template-frontend@0.0.0 want: ^1.9.0
415 silly placeDep ROOT @radix-ui/react-accordion@1.2.20 OK for: @caffeine/template-frontend@0.0.0 want: ^1.1.2
416 silly placeDep ROOT react@19.1.9 OK for: @radix-ui/react-accordion@1.2.20 want: ^16.8 || ^17.0 || ^18.0 || ^19.0 || ^19.0.0-rc
417 silly placeDep ROOT react-dom@19.1.9 OK for: @radix-ui/react-accordion@1.2.20 want: ^16.8 || ^17.0 || ^18.0 || ^19.0 || ^19.0.0-rc
418 silly placeDep ROOT @radix-ui/react-alert-dialog@1.1.23 OK for: @caffeine/template-frontend@0.0.0 want: ^1.1.2
419 silly placeDep ROOT @radix-ui/react-aspect-ratio@1.1.15 OK for: @caffeine/template-frontend@0.0.0 want: ^1.1.0
420 silly placeDep ROOT @radix-ui/react-avatar@1.2.6 OK for: @caffeine/template-frontend@0.0.0 want: ^1.1.0
421 silly placeDep ROOT @radix-ui/react-checkbox@1.3.11 OK for: @caffeine/template-frontend@0.0.0 want: ^1.1.1
422 silly placeDep ROOT @radix-ui/react-collapsible@1.1.20 OK for: @caffeine/template-frontend@0.0.0 want: ^1.1.0
423 silly placeDep ROOT @radix-ui/react-context-menu@2.3.7 OK for: @caffeine/template-frontend@0.0.0 want: ^2.2.15
424 silly placeDep ROOT @radix-ui/react-dialog@1.1.23 OK for: @caffeine/template-frontend@0.0.0 want: ^1.1.1
425 silly placeDep ROOT @radix-ui/react-dropdown-menu@2.1.24 OK for: @caffeine/template-frontend@0.0.0 want: ^2.1.1
426 silly placeDep ROOT @radix-ui/react-hover-card@1.1.23 OK for: @caffeine/template-frontend@0.0.0 want: ^1.1.2
427 silly placeDep ROOT @radix-ui/react-label@2.1.15 OK for: @caffeine/template-frontend@0.0.0 want: ^2.1.0
428 silly placeDep ROOT @radix-ui/react-menubar@1.1.24 OK for: @caffeine/template-frontend@0.0.0 want: ^1.1.1
429 silly placeDep ROOT @radix-ui/react-navigation-menu@1.2.22 OK for: @caffeine/template-frontend@0.0.0 want: ^1.2.0
430 silly placeDep ROOT @radix-ui/react-popover@1.1.23 OK for: @caffeine/template-frontend@0.0.0 want: ^1.1.1
431 silly placeDep ROOT @radix-ui/react-progress@1.1.16 OK for: @caffeine/template-frontend@0.0.0 want: ^1.1.0
432 silly placeDep ROOT @radix-ui/react-radio-group@1.4.7 OK for: @caffeine/template-frontend@0.0.0 want: ^1.2.0
433 silly placeDep ROOT @radix-ui/react-scroll-area@1.2.18 OK for: @caffeine/template-frontend@0.0.0 want: ^1.2.0
434 silly placeDep ROOT @radix-ui/react-select@2.3.7 OK for: @caffeine/template-frontend@0.0.0 want: ^2.1.2
435 silly placeDep ROOT @radix-ui/react-separator@1.1.15 OK for: @caffeine/template-frontend@0.0.0 want: ^1.1.0
436 silly placeDep ROOT @radix-ui/react-slider@1.4.7 OK for: @caffeine/template-frontend@0.0.0 want: ^1.2.0
437 silly placeDep ROOT @radix-ui/react-slot@1.3.3 OK for: @caffeine/template-frontend@0.0.0 want: ^1.1.0
438 silly placeDep ROOT @radix-ui/react-switch@1.3.7 OK for: @caffeine/template-frontend@0.0.0 want: ^1.1.1
439 silly placeDep ROOT @radix-ui/react-tabs@1.1.21 OK for: @caffeine/template-frontend@0.0.0 want: ^1.1.0
440 silly placeDep ROOT @radix-ui/react-toggle@1.1.18 OK for: @caffeine/template-frontend@0.0.0 want: ^1.1.0
441 silly placeDep ROOT @radix-ui/react-toggle-group@1.1.19 OK for: @caffeine/template-frontend@0.0.0 want: ^1.1.0
442 silly placeDep ROOT @radix-ui/react-tooltip@1.2.16 OK for: @caffeine/template-frontend@0.0.0 want: ^1.1.2
443 silly placeDep ROOT @react-three/cannon@6.6.0 OK for: @caffeine/template-frontend@0.0.0 want: ~6.6.0
444 silly placeDep ROOT three@0.176.0 OK for: @react-three/cannon@6.6.0 want: >=0.139
445 silly placeDep ROOT @react-three/fiber@9.1.4 OK for: @react-three/cannon@6.6.0 want: >=8
446 silly placeDep ROOT @react-three/drei@10.0.8 OK for: @caffeine/template-frontend@0.0.0 want: ~10.0.8
447 silly placeDep ROOT @tailwindcss/container-queries@0.1.1 OK for: @caffeine/template-frontend@0.0.0 want: ^0.1.1
448 silly placeDep ROOT tailwindcss@3.4.19 OK for: @tailwindcss/container-queries@0.1.1 want: >=3.2.0
449 silly placeDep ROOT @tailwindcss/typography@0.5.10 OK for: @caffeine/template-frontend@0.0.0 want: 0.5.10
450 silly placeDep ROOT @tanstack/react-query@5.101.4 OK for: @caffeine/template-frontend@0.0.0 want: ^5.24.0
451 silly placeDep ROOT @tanstack/react-router@1.131.50 OK for: @caffeine/template-frontend@0.0.0 want: ~1.131.8
452 silly placeDep ROOT @types/node@20.19.43 OK for: @caffeine/template-frontend@0.0.0 want: ^20.9.0
453 silly placeDep ROOT @types/react@19.1.17 OK for: @caffeine/template-frontend@0.0.0 want: ~19.1.0
454 silly placeDep ROOT @types/react-dom@19.1.11 OK for: @caffeine/template-frontend@0.0.0 want: ~19.1.0
455 silly placeDep ROOT @types/three@0.176.0 OK for: @caffeine/template-frontend@0.0.0 want: 0.176.0
456 silly placeDep ROOT @vitejs/plugin-react@4.7.0 OK for: @caffeine/template-frontend@0.0.0 want: ^4.3.1
457 silly placeDep ROOT vite@5.4.21 OK for: @vitejs/plugin-react@4.7.0 want: ^4.2.0 || ^5.0.0 || ^6.0.0 || ^7.0.0
458 silly placeDep ROOT autoprefixer@10.5.4 OK for: @caffeine/template-frontend@0.0.0 want: ^10.4.20
459 silly placeDep ROOT postcss@8.5.23 OK for: autoprefixer@10.5.4 want: ^8.1.0
460 silly placeDep ROOT class-variance-authority@0.7.1 OK for: @caffeine/template-frontend@0.0.0 want: ^0.7.0
461 silly placeDep ROOT clsx@2.1.1 OK for: @caffeine/template-frontend@0.0.0 want: ^2.1.1
462 silly placeDep ROOT cmdk@1.1.1 OK for: @caffeine/template-frontend@0.0.0 want: ^1.0.0
463 silly placeDep ROOT date-fns@3.6.0 OK for: @caffeine/template-frontend@0.0.0 want: ^3.6.0
464 silly placeDep ROOT dotenv@16.6.1 OK for: @caffeine/template-frontend@0.0.0 want: ^16.5.0
465 silly placeDep ROOT dotenv-cli@8.0.0 OK for: @caffeine/template-frontend@0.0.0 want: ^8.0.0
466 silly placeDep ROOT embla-carousel-react@8.6.0 OK for: @caffeine/template-frontend@0.0.0 want: ^8.2.1
467 silly placeDep ROOT html2canvas@1.4.1 OK for: @caffeine/template-frontend@0.0.0 want: ^1.4.1
468 silly placeDep ROOT input-otp@1.4.2 OK for: @caffeine/template-frontend@0.0.0 want: ^1.4.1
469 silly placeDep ROOT lucide-react@0.511.0 OK for: @caffeine/template-frontend@0.0.0 want: 0.511.0
470 silly placeDep ROOT motion@12.42.2 OK for: @caffeine/template-frontend@0.0.0 want: ^12.34.3
471 silly placeDep ROOT next-themes@0.4.6 OK for: @caffeine/template-frontend@0.0.0 want: ~0.4.6
472 silly placeDep ROOT react-day-picker@9.14.0 OK for: @caffeine/template-frontend@0.0.0 want: ^9.5.0
473 silly placeDep ROOT react-hook-form@7.83.0 OK for: @caffeine/template-frontend@0.0.0 want: ^7.53.0
474 silly placeDep ROOT react-icons@5.7.0 OK for: @caffeine/template-frontend@0.0.0 want: ^5.4.0
475 silly placeDep ROOT react-quill-new@3.4.6 OK for: @caffeine/template-frontend@0.0.0 want: 3.4.6
476 silly placeDep ROOT quill-delta@5.1.0 OK for: react-quill-new@3.4.6 want: ^5.1.0
477 silly placeDep ROOT react-resizable-panels@2.1.9 OK for: @caffeine/template-frontend@0.0.0 want: ^2.1.7
478 silly placeDep ROOT react-use@17.6.1 OK for: @caffeine/template-frontend@0.0.0 want: ~17.6.0
479 silly placeDep ROOT recharts@2.15.4 OK for: @caffeine/template-frontend@0.0.0 want: ^2.15.1
480 silly placeDep ROOT sonner@1.7.4 OK for: @caffeine/template-frontend@0.0.0 want: ^1.7.4
481 silly placeDep ROOT tailwind-merge@2.6.1 OK for: @caffeine/template-frontend@0.0.0 want: ^2.5.2
482 silly placeDep ROOT tailwindcss-animate@1.0.7 OK for: @caffeine/template-frontend@0.0.0 want: ^1.0.7
483 silly placeDep ROOT typescript@5.9.3 OK for: @caffeine/template-frontend@0.0.0 want: ^5.8.3
484 silly placeDep ROOT vaul@1.1.2 OK for: @caffeine/template-frontend@0.0.0 want: ^1.1.2
485 silly placeDep ROOT vite-plugin-environment@1.1.3 OK for: @caffeine/template-frontend@0.0.0 want: ^1.1.3
486 silly placeDep ROOT zustand@5.0.14 OK for: @caffeine/template-frontend@0.0.0 want: ~5.0.5
487 silly fetch manifest @biomejs/cli-linux-x64@1.9.4
488 silly packumentCache full:https://registry.npmjs.org/@biomejs%2fcli-linux-x64 cache-miss
489 silly fetch manifest @biomejs/cli-win32-x64@1.9.4
490 silly packumentCache full:https://registry.npmjs.org/@biomejs%2fcli-win32-x64 cache-miss
491 silly fetch manifest @biomejs/cli-darwin-x64@1.9.4
492 silly packumentCache full:https://registry.npmjs.org/@biomejs%2fcli-darwin-x64 cache-miss
493 silly fetch manifest @biomejs/cli-linux-arm64@1.9.4
494 silly packumentCache full:https://registry.npmjs.org/@biomejs%2fcli-linux-arm64 cache-miss
495 silly fetch manifest @biomejs/cli-win32-arm64@1.9.4
496 silly packumentCache full:https://registry.npmjs.org/@biomejs%2fcli-win32-arm64 cache-miss
497 silly fetch manifest @biomejs/cli-darwin-arm64@1.9.4
498 silly packumentCache full:https://registry.npmjs.org/@biomejs%2fcli-darwin-arm64 cache-miss
499 silly fetch manifest @biomejs/cli-linux-x64-musl@1.9.4
500 silly packumentCache full:https://registry.npmjs.org/@biomejs%2fcli-linux-x64-musl cache-miss
501 silly fetch manifest @biomejs/cli-linux-arm64-musl@1.9.4
502 silly packumentCache full:https://registry.npmjs.org/@biomejs%2fcli-linux-arm64-musl cache-miss
503 silly fetch manifest @radix-ui/react-id@1.1.4
504 silly packumentCache full:https://registry.npmjs.org/@radix-ui%2freact-id cache-miss
505 silly fetch manifest @radix-ui/primitive@1.1.7
506 silly packumentCache full:https://registry.npmjs.org/@radix-ui%2fprimitive cache-miss
507 silly fetch manifest @radix-ui/react-context@1.2.2
508 silly packumentCache full:https://registry.npmjs.org/@radix-ui%2freact-context cache-miss
509 silly fetch manifest @radix-ui/react-direction@1.1.4
510 silly packumentCache full:https://registry.npmjs.org/@radix-ui%2freact-direction cache-miss
511 silly fetch manifest @radix-ui/react-primitive@2.1.10
512 silly packumentCache full:https://registry.npmjs.org/@radix-ui%2freact-primitive cache-miss
513 silly fetch manifest @radix-ui/react-collection@1.1.15
514 silly packumentCache full:https://registry.npmjs.org/@radix-ui%2freact-collection cache-miss
515 silly fetch manifest @radix-ui/react-collapsible@1.1.20
516 silly packumentCache full:https://registry.npmjs.org/@radix-ui%2freact-collapsible cache-hit
517 silly fetch manifest @radix-ui/react-compose-refs@1.1.5
518 silly packumentCache full:https://registry.npmjs.org/@radix-ui%2freact-compose-refs cache-miss
519 silly fetch manifest @radix-ui/react-use-controllable-state@1.2.6
520 silly packumentCache full:https://registry.npmjs.org/@radix-ui%2freact-use-controllable-state cache-miss
521 silly fetch manifest scheduler@^0.26.0
522 silly packumentCache full:https://registry.npmjs.org/scheduler cache-miss
523 silly fetch manifest @radix-ui/primitive@1.1.7
524 silly packumentCache full:https://registry.npmjs.org/@radix-ui%2fprimitive cache-miss
525 silly fetch manifest @radix-ui/react-dialog@1.1.23
526 silly packumentCache full:https://registry.npmjs.org/@radix-ui%2freact-dialog cache-miss
527 silly fetch manifest @radix-ui/react-context@1.2.2
528 silly packumentCache full:https://registry.npmjs.org/@radix-ui%2freact-context cache-miss
529 silly fetch manifest @radix-ui/react-primitive@2.1.10
530 silly packumentCache full:https://registry.npmjs.org/@radix-ui%2freact-primitive cache-miss
531 silly fetch manifest @radix-ui/react-compose-refs@1.1.5
532 silly packumentCache full:https://registry.npmjs.org/@radix-ui%2freact-compose-refs cache-miss
533 silly fetch manifest @radix-ui/react-primitive@2.1.10
534 silly packumentCache full:https://registry.npmjs.org/@radix-ui%2freact-primitive cache-miss
535 silly fetch manifest @radix-ui/primitive@1.1.7
536 silly packumentCache full:https://registry.npmjs.org/@radix-ui%2fprimitive cache-miss
537 silly fetch manifest @radix-ui/react-context@1.2.2
538 silly packumentCache full:https://registry.npmjs.org/@radix-ui%2freact-context cache-miss
539 silly fetch manifest @radix-ui/react-primitive@2.1.10
540 silly packumentCache full:https://registry.npmjs.org/@radix-ui%2freact-primitive cache-miss
541 silly fetch manifest @radix-ui/react-use-is-hydrated@0.1.3
542 silly packumentCache full:https://registry.npmjs.org/@radix-ui%2freact-use-is-hydrated cache-miss
543 silly fetch manifest @radix-ui/react-use-callback-ref@1.1.4
544 silly packumentCache full:https://registry.npmjs.org/@radix-ui%2freact-use-callback-ref cache-miss
545 silly fetch manifest @radix-ui/react-use-layout-effect@1.1.4
546 silly packumentCache full:https://registry.npmjs.org/@radix-ui%2freact-use-layout-effect cache-miss
547 silly fetch manifest @radix-ui/primitive@1.1.7
548 silly packumentCache full:https://registry.npmjs.org/@radix-ui%2fprimitive cache-miss
549 silly fetch manifest @radix-ui/react-context@1.2.2
550 silly packumentCache full:https://registry.npmjs.org/@radix-ui%2freact-context cache-miss
551 silly fetch manifest @radix-ui/react-presence@1.1.10
552 silly packumentCache full:https://registry.npmjs.org/@radix-ui%2freact-presence cache-miss
553 silly fetch manifest @radix-ui/react-use-size@1.1.4
554 silly packumentCache full:https://registry.npmjs.org/@radix-ui%2freact-use-size cache-miss
555 silly fetch manifest @radix-ui/react-primitive@2.1.10
556 silly packumentCache full:https://registry.npmjs.org/@radix-ui%2freact-primitive cache-miss
557 silly fetch manifest @radix-ui/react-compose-refs@1.1.5
558 silly packumentCache full:https://registry.npmjs.org/@radix-ui%2freact-compose-refs cache-miss
559 silly fetch manifest @radix-ui/react-use-controllable-state@1.2.6
560 silly packumentCache full:https://registry.npmjs.org/@radix-ui%2freact-use-controllable-state cache-miss
561 silly fetch manifest @radix-ui/react-id@1.1.4
562 silly packumentCache full:https://registry.npmjs.org/@radix-ui%2freact-id cache-miss
563 silly fetch manifest @radix-ui/primitive@1.1.7
564 silly packumentCache full:https://registry.npmjs.org/@radix-ui%2fprimitive cache-miss
565 silly fetch manifest @radix-ui/react-context@1.2.2
566 silly packumentCache full:https://registry.npmjs.org/@radix-ui%2freact-context cache-miss
567 silly fetch manifest @radix-ui/react-presence@1.1.10
568 silly packumentCache full:https://registry.npmjs.org/@radix-ui%2freact-presence cache-miss
569 silly fetch manifest @radix-ui/react-primitive@2.1.10
570 silly packumentCache full:https://registry.npmjs.org/@radix-ui%2freact-primitive cache-miss
571 silly fetch manifest @radix-ui/react-compose-refs@1.1.5
572 silly packumentCache full:https://registry.npmjs.org/@radix-ui%2freact-compose-refs cache-miss
573 silly fetch manifest @radix-ui/react-use-layout-effect@1.1.4
574 silly packumentCache full:https://registry.npmjs.org/@radix-ui%2freact-use-layout-effect cache-miss
575 silly fetch manifest @radix-ui/react-use-controllable-state@1.2.6
576 silly packumentCache full:https://registry.npmjs.org/@radix-ui%2freact-use-controllable-state cache-miss
577 silly fetch manifest @radix-ui/primitive@1.1.7
578 silly packumentCache full:https://registry.npmjs.org/@radix-ui%2fprimitive cache-miss
579 silly fetch manifest @radix-ui/react-menu@2.1.24
580 silly packumentCache full:https://registry.npmjs.org/@radix-ui%2freact-menu cache-miss
581 silly fetch manifest @radix-ui/react-context@1.2.2
582 silly packumentCache full:https://registry.npmjs.org/@radix-ui%2freact-context cache-miss
583 http fetch GET 200 https://registry.npmjs.org/@biomejs%2fcli-linux-x64 313ms (cache hit)
584 silly packumentCache full:https://registry.npmjs.org/@biomejs%2fcli-linux-x64 set size:240942 disposed:false
585 silly fetch manifest @radix-ui/react-primitive@2.1.10
586 silly packumentCache full:https://registry.npmjs.org/@radix-ui%2freact-primitive cache-miss
587 http fetch GET 200 https://registry.npmjs.org/@biomejs%2fcli-win32-x64 319ms (cache hit)
588 silly packumentCache full:https://registry.npmjs.org/@biomejs%2fcli-win32-x64 set size:239037 disposed:false
589 silly fetch manifest @radix-ui/react-use-controllable-state@1.2.6
590 silly packumentCache full:https://registry.npmjs.org/@radix-ui%2freact-use-controllable-state cache-miss
591 http fetch GET 200 https://registry.npmjs.org/@biomejs%2fcli-darwin-x64 324ms (cache hit)
592 silly packumentCache full:https://registry.npmjs.org/@biomejs%2fcli-darwin-x64 set size:240006 disposed:false
593 silly fetch manifest aria-hidden@^1.2.4
594 silly packumentCache full:https://registry.npmjs.org/aria-hidden cache-miss
595 http fetch GET 200 https://registry.npmjs.org/@biomejs%2fcli-linux-arm64-musl 322ms (cache hit)
596 silly packumentCache full:https://registry.npmjs.org/@biomejs%2fcli-linux-arm64-musl set size:204842 disposed:false
597 silly fetch manifest @radix-ui/react-id@1.1.4
598 silly packumentCache full:https://registry.npmjs.org/@radix-ui%2freact-id cache-miss
599 http fetch GET 200 https://registry.npmjs.org/@biomejs%2fcli-darwin-arm64 331ms (cache hit)
600 silly packumentCache full:https://registry.npmjs.org/@biomejs%2fcli-darwin-arm64 set size:241939 disposed:false
601 silly fetch manifest @radix-ui/primitive@1.1.7
602 silly packumentCache full:https://registry.npmjs.org/@radix-ui%2fprimitive cache-miss
603 http fetch GET 200 https://registry.npmjs.org/@biomejs%2fcli-linux-x64-musl 336ms (cache hit)
604 silly packumentCache full:https://registry.npmjs.org/@biomejs%2fcli-linux-x64-musl set size:203255 disposed:false
605 silly fetch manifest react-remove-scroll@^2.7.2
606 silly packumentCache full:https://registry.npmjs.org/react-remove-scroll cache-miss
607 http fetch GET 200 https://registry.npmjs.org/@radix-ui%2fprimitive 337ms (cache hit)
608 silly packumentCache full:https://registry.npmjs.org/@radix-ui%2fprimitive set size:210937 disposed:false
609 silly fetch manifest @radix-ui/react-slot@1.3.3
610 silly packumentCache full:https://registry.npmjs.org/@radix-ui%2freact-slot cache-hit
611 silly fetch manifest @radix-ui/react-portal@1.1.17
612 silly packumentCache full:https://registry.npmjs.org/@radix-ui%2freact-portal cache-miss
613 http fetch GET 200 https://registry.npmjs.org/@biomejs%2fcli-win32-arm64 385ms (cache hit)
614 silly packumentCache full:https://registry.npmjs.org/@biomejs%2fcli-win32-arm64 set size:240975 disposed:false
615 silly fetch manifest @radix-ui/react-context@1.2.2
616 silly packumentCache full:https://registry.npmjs.org/@radix-ui%2freact-context cache-miss
617 http fetch GET 200 https://registry.npmjs.org/@radix-ui%2freact-context 381ms (cache hit)
618 silly packumentCache full:https://registry.npmjs.org/@radix-ui%2freact-context set size:311733 disposed:false
619 silly fetch manifest @radix-ui/react-presence@1.1.10
620 silly packumentCache full:https://registry.npmjs.org/@radix-ui%2freact-presence cache-miss
621 http fetch GET 200 https://registry.npmjs.org/@radix-ui%2freact-id 394ms (cache hit)
622 silly packumentCache full:https://registry.npmjs.org/@radix-ui%2freact-id set size:358699 disposed:false
623 silly fetch manifest @radix-ui/react-primitive@2.1.10
624 silly packumentCache full:https://registry.npmjs.org/@radix-ui%2freact-primitive cache-miss
625 http fetch GET 200 https://registry.npmjs.org/@biomejs%2fcli-linux-arm64 411ms (cache hit)
626 silly packumentCache full:https://registry.npmjs.org/@biomejs%2fcli-linux-arm64 set size:242912 disposed:false
627 silly fetch manifest @radix-ui/react-focus-scope@1.1.16
628 silly packumentCache full:https://registry.npmjs.org/@radix-ui%2freact-focus-scope cache-miss
629 http fetch GET 200 https://registry.npmjs.org/@radix-ui%2freact-primitive 402ms (cache hit)
630 silly packumentCache full:https://registry.npmjs.org/@radix-ui%2freact-primitive set size:712422 disposed:false
631 silly fetch manifest @radix-ui/react-compose-refs@1.1.5
632 silly packumentCache full:https://registry.npmjs.org/@radix-ui%2freact-compose-refs cache-miss
633 http fetch GET 200 https://registry.npmjs.org/@radix-ui%2freact-direction 417ms (cache hit)
634 silly packumentCache full:https://registry.npmjs.org/@radix-ui%2freact-direction set size:311528 disposed:false
635 silly fetch manifest @radix-ui/react-focus-guards@1.1.6
636 silly packumentCache full:https://registry.npmjs.org/@radix-ui%2freact-focus-guards cache-miss
637 http fetch GET 200 https://registry.npmjs.org/@radix-ui%2freact-compose-refs 428ms (cache hit)
638 silly packumentCache full:https://registry.npmjs.org/@radix-ui%2freact-compose-refs set size:252692 disposed:false
639 silly fetch manifest @radix-ui/react-dismissable-layer@1.1.19
640 silly packumentCache full:https://registry.npmjs.org/@radix-ui%2freact-dismissable-layer cache-miss
641 http fetch GET 200 https://registry.npmjs.org/@radix-ui%2freact-use-controllable-state 434ms (cache hit)
642 silly packumentCache full:https://registry.npmjs.org/@radix-ui%2freact-use-controllable-state set size:342904 disposed:false
643 silly fetch manifest @radix-ui/react-use-layout-effect@1.1.4
644 silly packumentCache full:https://registry.npmjs.org/@radix-ui%2freact-use-layout-effect cache-miss
645 http fetch GET 200 https://registry.npmjs.org/@radix-ui%2fprimitive 467ms (cache hit)
646 silly packumentCache full:https://registry.npmjs.org/@radix-ui%2fprimitive set size:210937 disposed:false
647 silly packumentCache full:https://registry.npmjs.org/@radix-ui%2fprimitive dispose
648 silly fetch manifest @radix-ui/react-menu@2.1.24
649 silly packumentCache full:https://registry.npmjs.org/@radix-ui%2freact-menu cache-miss
650 http fetch GET 200 https://registry.npmjs.org/@radix-ui%2freact-collection 483ms (cache hit)
651 silly packumentCache full:https://registry.npmjs.org/@radix-ui%2freact-collection set size:792967 disposed:false
652 silly fetch manifest @radix-ui/react-popper@1.3.7
653 silly packumentCache full:https://registry.npmjs.org/@radix-ui%2freact-popper cache-miss
654 http fetch GET 200 https://registry.npmjs.org/@radix-ui%2freact-primitive 478ms (cache hit)
655 silly packumentCache full:https://registry.npmjs.org/@radix-ui%2freact-primitive set size:712422 disposed:false
656 silly packumentCache full:https://registry.npmjs.org/@radix-ui%2freact-primitive dispose
657 silly fetch manifest @radix-ui/react-portal@1.1.17
658 silly packumentCache full:https://registry.npmjs.org/@radix-ui%2freact-portal cache-miss
659 http fetch GET 200 https://registry.npmjs.org/@radix-ui%2freact-context 501ms (cache hit)
660 silly packumentCache full:https://registry.npmjs.org/@radix-ui%2freact-context set size:311733 disposed:false
661 silly packumentCache full:https://registry.npmjs.org/@radix-ui%2freact-context dispose
662 silly fetch manifest @radix-ui/react-presence@1.1.10
663 silly packumentCache full:https://registry.npmjs.org/@radix-ui%2freact-presence cache-miss
664 http fetch GET 200 https://registry.npmjs.org/@radix-ui%2freact-primitive 507ms (cache hit)
665 silly packumentCache full:https://registry.npmjs.org/@radix-ui%2freact-primitive set size:712422 disposed:true
666 silly packumentCache full:https://registry.npmjs.org/@radix-ui%2freact-primitive dispose
667 silly fetch manifest @radix-ui/react-dismissable-layer@1.1.19
668 silly packumentCache full:https://registry.npmjs.org/@radix-ui%2freact-dismissable-layer cache-miss
669 http fetch GET 200 https://registry.npmjs.org/@radix-ui%2freact-compose-refs 557ms (cache hit)
670 silly packumentCache full:https://registry.npmjs.org/@radix-ui%2freact-compose-refs set size:252692 disposed:false
671 silly packumentCache full:https://registry.npmjs.org/@radix-ui%2freact-compose-refs dispose
672 silly fetch manifest @radix-ui/react-menu@2.1.24
673 silly packumentCache full:https://registry.npmjs.org/@radix-ui%2freact-menu cache-miss
674 http fetch GET 200 https://registry.npmjs.org/@radix-ui%2fprimitive 562ms (cache hit)
675 silly packumentCache full:https://registry.npmjs.org/@radix-ui%2fprimitive set size:210937 disposed:true
676 silly packumentCache full:https://registry.npmjs.org/@radix-ui%2fprimitive dispose
677 silly fetch manifest @radix-ui/react-roving-focus@1.1.19
678 silly packumentCache full:https://registry.npmjs.org/@radix-ui%2freact-roving-focus cache-miss
679 http fetch GET 200 https://registry.npmjs.org/@radix-ui%2freact-context 568ms (cache hit)
680 silly packumentCache full:https://registry.npmjs.org/@radix-ui%2freact-context set size:311733 disposed:true
681 silly packumentCache full:https://registry.npmjs.org/@radix-ui%2freact-context dispose
682 silly fetch manifest @radix-ui/react-presence@1.1.10
683 silly packumentCache full:https://registry.npmjs.org/@radix-ui%2freact-presence cache-miss
684 http fetch GET 200 https://registry.npmjs.org/@radix-ui%2freact-dialog 594ms (cache hit)
685 silly packumentCache full:https://registry.npmjs.org/@radix-ui%2freact-dialog set size:1243391 disposed:false
686 silly fetch manifest @radix-ui/react-use-previous@1.1.4
687 silly packumentCache full:https://registry.npmjs.org/@radix-ui%2freact-use-previous cache-miss
688 http fetch GET 200 https://registry.npmjs.org/@radix-ui%2freact-use-is-hydrated 752ms (cache hit)
689 silly packumentCache full:https://registry.npmjs.org/@radix-ui%2freact-use-is-hydrated set size:45079 disposed:false
690 silly fetch manifest @radix-ui/react-visually-hidden@1.2.11
691 silly packumentCache full:https://registry.npmjs.org/@radix-ui%2freact-visually-hidden cache-miss
692 http fetch GET 200 https://registry.npmjs.org/@radix-ui%2freact-use-callback-ref 756ms (cache hit)
693 silly packumentCache full:https://registry.npmjs.org/@radix-ui%2freact-use-callback-ref set size:246611 disposed:false
694 silly fetch manifest @radix-ui/react-dismissable-layer@1.1.19
695 silly packumentCache full:https://registry.npmjs.org/@radix-ui%2freact-dismissable-layer cache-miss
696 http fetch GET 200 https://registry.npmjs.org/@radix-ui%2fprimitive 839ms (cache hit)
697 silly packumentCache full:https://registry.npmjs.org/@radix-ui%2fprimitive set size:210937 disposed:true
698 silly packumentCache full:https://registry.npmjs.org/@radix-ui%2fprimitive dispose
699 silly fetch manifest @radix-ui/react-use-layout-effect@1.1.4
700 silly packumentCache full:https://registry.npmjs.org/@radix-ui%2freact-use-layout-effect cache-miss
701 http fetch GET 200 https://registry.npmjs.org/@radix-ui%2freact-use-layout-effect 858ms (cache hit)
702 silly packumentCache full:https://registry.npmjs.org/@radix-ui%2freact-use-layout-effect set size:247104 disposed:false
703 silly fetch manifest aria-hidden@^1.2.4
704 silly packumentCache full:https://registry.npmjs.org/aria-hidden cache-miss
705 http fetch GET 200 https://registry.npmjs.org/@radix-ui%2freact-primitive 872ms (cache hit)
706 silly packumentCache full:https://registry.npmjs.org/@radix-ui%2freact-primitive set size:712422 disposed:true
707 silly packumentCache full:https://registry.npmjs.org/@radix-ui%2freact-primitive dispose
708 silly fetch manifest react-remove-scroll@^2.7.2
709 silly packumentCache full:https://registry.npmjs.org/react-remove-scroll cache-miss
710 http fetch GET 200 https://registry.npmjs.org/@radix-ui%2freact-context 876ms (cache hit)
711 silly packumentCache full:https://registry.npmjs.org/@radix-ui%2freact-context set size:311733 disposed:true
712 silly packumentCache full:https://registry.npmjs.org/@radix-ui%2freact-context dispose
713 silly fetch manifest @radix-ui/react-popper@1.3.7
714 silly packumentCache full:https://registry.npmjs.org/@radix-ui%2freact-popper cache-miss
715 http fetch GET 200 https://registry.npmjs.org/@radix-ui%2freact-presence 882ms (cache hit)
716 silly packumentCache full:https://registry.npmjs.org/@radix-ui%2freact-presence set size:520130 disposed:false
717 silly fetch manifest @radix-ui/react-portal@1.1.17
718 silly packumentCache full:https://registry.npmjs.org/@radix-ui%2freact-portal cache-miss
719 http fetch GET 200 https://registry.npmjs.org/@radix-ui%2freact-use-size 890ms (cache hit)
720 silly packumentCache full:https://registry.npmjs.org/@radix-ui%2freact-use-size set size:316716 disposed:false
721 silly fetch manifest @radix-ui/react-focus-scope@1.1.16
722 silly packumentCache full:https://registry.npmjs.org/@radix-ui%2freact-focus-scope cache-miss
723 http fetch GET 200 https://registry.npmjs.org/@radix-ui%2freact-compose-refs 895ms (cache hit)
724 silly packumentCache full:https://registry.npmjs.org/@radix-ui%2freact-compose-refs set size:252692 disposed:true
725 silly packumentCache full:https://registry.npmjs.org/@radix-ui%2freact-compose-refs dispose
726 silly fetch manifest @radix-ui/react-focus-guards@1.1.6
727 silly packumentCache full:https://registry.npmjs.org/@radix-ui%2freact-focus-guards cache-miss
728 http fetch GET 200 https://registry.npmjs.org/@radix-ui%2fprimitive 904ms (cache hit)
729 silly packumentCache full:https://registry.npmjs.org/@radix-ui%2fprimitive set size:210937 disposed:true
730 silly packumentCache full:https://registry.npmjs.org/@radix-ui%2fprimitive dispose
731 silly fetch manifest @radix-ui/react-dismissable-layer@1.1.19
732 silly packumentCache full:https://registry.npmjs.org/@radix-ui%2freact-dismissable-layer cache-miss
733 http fetch GET 200 https://registry.npmjs.org/@radix-ui%2freact-use-controllable-state 933ms (cache hit)
734 silly packumentCache full:https://registry.npmjs.org/@radix-ui%2freact-use-controllable-state set size:342904 disposed:false
735 silly packumentCache full:https://registry.npmjs.org/@radix-ui%2freact-use-controllable-state dispose
736 silly fetch manifest @radix-ui/react-roving-focus@1.1.19
737 silly packumentCache full:https://registry.npmjs.org/@radix-ui%2freact-roving-focus cache-miss
738 http fetch GET 200 https://registry.npmjs.org/@radix-ui%2freact-id 941ms (cache hit)
739 silly packumentCache full:https://registry.npmjs.org/@radix-ui%2freact-id set size:358699 disposed:false
740 silly packumentCache full:https://registry.npmjs.org/@radix-ui%2freact-id dispose
741 silly fetch manifest @radix-ui/number@1.1.3
742 silly packumentCache full:https://registry.npmjs.org/@radix-ui%2fnumber cache-miss
743 http fetch GET 200 https://registry.npmjs.org/@radix-ui%2freact-primitive 956ms (cache hit)
744 silly packumentCache full:https://registry.npmjs.org/@radix-ui%2freact-primitive set size:712422 disposed:true
745 silly packumentCache full:https://registry.npmjs.org/@radix-ui%2freact-primitive dispose
746 silly fetch manifest aria-hidden@^1.2.4
747 silly packumentCache full:https://registry.npmjs.org/aria-hidden cache-miss
748 http fetch GET 200 https://registry.npmjs.org/@radix-ui%2freact-context 946ms (cache hit)
749 silly packumentCache full:https://registry.npmjs.org/@radix-ui%2freact-context set size:311733 disposed:true
750 silly packumentCache full:https://registry.npmjs.org/@radix-ui%2freact-context dispose
751 silly fetch manifest @radix-ui/number@1.1.3
752 silly packumentCache full:https://registry.npmjs.org/@radix-ui%2fnumber cache-miss
753 http fetch GET 200 https://registry.npmjs.org/@radix-ui%2freact-use-layout-effect 946ms (cache hit)
754 silly packumentCache full:https://registry.npmjs.org/@radix-ui%2freact-use-layout-effect set size:247104 disposed:false
755 silly packumentCache full:https://registry.npmjs.org/@radix-ui%2freact-use-layout-effect dispose
756 silly fetch manifest react-remove-scroll@^2.7.2
757 silly packumentCache full:https://registry.npmjs.org/react-remove-scroll cache-miss
758 http fetch GET 200 https://registry.npmjs.org/@radix-ui%2freact-presence 960ms (cache hit)
759 silly packumentCache full:https://registry.npmjs.org/@radix-ui%2freact-presence set size:520130 disposed:false
760 silly packumentCache full:https://registry.npmjs.org/@radix-ui%2freact-presence dispose
761 silly fetch manifest @radix-ui/react-popper@1.3.7
762 silly packumentCache full:https://registry.npmjs.org/@radix-ui%2freact-popper cache-miss
763 http fetch GET 200 https://registry.npmjs.org/@radix-ui%2freact-compose-refs 996ms (cache hit)
764 silly packumentCache full:https://registry.npmjs.org/@radix-ui%2freact-compose-refs set size:252692 disposed:true
765 silly packumentCache full:https://registry.npmjs.org/@radix-ui%2freact-compose-refs dispose
766 silly fetch manifest @radix-ui/react-portal@1.1.17
767 silly packumentCache full:https://registry.npmjs.org/@radix-ui%2freact-portal cache-miss
768 http fetch GET 200 https://registry.npmjs.org/@radix-ui%2freact-primitive 1007ms (cache hit)
769 silly packumentCache full:https://registry.npmjs.org/@radix-ui%2freact-primitive set size:712422 disposed:true
770 silly packumentCache full:https://registry.npmjs.org/@radix-ui%2freact-primitive dispose
771 silly fetch manifest @radix-ui/react-focus-scope@1.1.16
772 silly packumentCache full:https://registry.npmjs.org/@radix-ui%2freact-focus-scope cache-miss
773 http fetch GET 200 https://registry.npmjs.org/scheduler 1116ms (cache hit)
774 silly packumentCache full:https://registry.npmjs.org/scheduler set size:5639756 disposed:false
775 silly fetch manifest @radix-ui/react-focus-guards@1.1.6
776 silly packumentCache full:https://registry.npmjs.org/@radix-ui%2freact-focus-guards cache-miss
777 http fetch GET 200 https://registry.npmjs.org/@radix-ui%2freact-use-controllable-state 1230ms (cache hit)
778 silly packumentCache full:https://registry.npmjs.org/@radix-ui%2freact-use-controllable-state set size:342904 disposed:true
779 silly packumentCache full:https://registry.npmjs.org/@radix-ui%2freact-use-controllable-state dispose
780 silly fetch manifest @radix-ui/react-use-previous@1.1.4
781 silly packumentCache full:https://registry.npmjs.org/@radix-ui%2freact-use-previous cache-miss
782 http fetch GET 200 https://registry.npmjs.org/@radix-ui%2fprimitive 1236ms (cache hit)
783 silly packumentCache full:https://registry.npmjs.org/@radix-ui%2fprimitive set size:210937 disposed:true
784 silly packumentCache full:https://registry.npmjs.org/@radix-ui%2fprimitive dispose
785 silly fetch manifest @radix-ui/react-visually-hidden@1.2.11
786 silly packumentCache full:https://registry.npmjs.org/@radix-ui%2freact-visually-hidden cache-miss
787 http fetch GET 200 https://registry.npmjs.org/@radix-ui%2freact-menu 1487ms (cache hit)
788 silly packumentCache full:https://registry.npmjs.org/@radix-ui%2freact-menu set size:1377697 disposed:false
789 silly fetch manifest @radix-ui/react-dismissable-layer@1.1.19
790 silly packumentCache full:https://registry.npmjs.org/@radix-ui%2freact-dismissable-layer cache-miss
791 http fetch GET 200 https://registry.npmjs.org/@radix-ui%2freact-context 1501ms (cache hit)
792 silly packumentCache full:https://registry.npmjs.org/@radix-ui%2freact-context set size:311733 disposed:true
793 silly packumentCache full:https://registry.npmjs.org/@radix-ui%2freact-context dispose
794 silly fetch manifest @radix-ui/number@1.1.3
795 silly packumentCache full:https://registry.npmjs.org/@radix-ui%2fnumber cache-miss
796 http fetch GET 200 https://registry.npmjs.org/aria-hidden 1299ms (cache hit)
797 silly packumentCache full:https://registry.npmjs.org/aria-hidden set size:40391 disposed:false
798 silly fetch manifest @radix-ui/react-use-previous@1.1.4
799 silly packumentCache full:https://registry.npmjs.org/@radix-ui%2freact-use-previous cache-miss
800 http fetch GET 200 https://registry.npmjs.org/@radix-ui%2freact-use-controllable-state 1314ms (cache hit)
801 silly packumentCache full:https://registry.npmjs.org/@radix-ui%2freact-use-controllable-state set size:342904 disposed:true
802 silly packumentCache full:https://registry.npmjs.org/@radix-ui%2freact-use-controllable-state dispose
803 silly fetch manifest @radix-ui/react-roving-focus@1.1.19
804 silly packumentCache full:https://registry.npmjs.org/@radix-ui%2freact-roving-focus cache-miss
805 http fetch GET 200 https://registry.npmjs.org/react-remove-scroll 1299ms (cache hit)
806 silly packumentCache full:https://registry.npmjs.org/react-remove-scroll set size:147112 disposed:false
807 silly fetch manifest @radix-ui/react-roving-focus@1.1.19
808 silly packumentCache full:https://registry.npmjs.org/@radix-ui%2freact-roving-focus cache-miss
809 http fetch GET 200 https://registry.npmjs.org/@radix-ui%2freact-primitive 1373ms (cache hit)
810 silly packumentCache full:https://registry.npmjs.org/@radix-ui%2freact-primitive set size:712422 disposed:true
811 silly packumentCache full:https://registry.npmjs.org/@radix-ui%2freact-primitive dispose
812 silly fetch manifest @radix-ui/react-popper@1.3.7
813 silly packumentCache full:https://registry.npmjs.org/@radix-ui%2freact-popper cache-miss
814 http fetch GET 200 https://registry.npmjs.org/@radix-ui%2freact-id 1369ms (cache hit)
815 silly packumentCache full:https://registry.npmjs.org/@radix-ui%2freact-id set size:358699 disposed:true
816 silly packumentCache full:https://registry.npmjs.org/@radix-ui%2freact-id dispose
817 silly fetch manifest @radix-ui/react-portal@1.1.17
818 silly packumentCache full:https://registry.npmjs.org/@radix-ui%2freact-portal cache-miss
819 http fetch GET 200 https://registry.npmjs.org/@radix-ui%2fprimitive 1370ms (cache hit)
820 silly packumentCache full:https://registry.npmjs.org/@radix-ui%2fprimitive set size:210937 disposed:true
821 silly packumentCache full:https://registry.npmjs.org/@radix-ui%2fprimitive dispose
822 silly fetch manifest @radix-ui/react-visually-hidden@1.2.11
823 silly packumentCache full:https://registry.npmjs.org/@radix-ui%2freact-visually-hidden cache-miss
824 http fetch GET 200 https://registry.npmjs.org/@radix-ui%2freact-compose-refs 1287ms (cache hit)
825 silly packumentCache full:https://registry.npmjs.org/@radix-ui%2freact-compose-refs set size:252692 disposed:true
826 silly packumentCache full:https://registry.npmjs.org/@radix-ui%2freact-compose-refs dispose
827 silly fetch manifest @radix-ui/react-dismissable-layer@1.1.19
828 silly packumentCache full:https://registry.npmjs.org/@radix-ui%2freact-dismissable-layer cache-miss
829 http fetch GET 200 https://registry.npmjs.org/@radix-ui%2freact-focus-guards 1278ms (cache hit)
830 silly packumentCache full:https://registry.npmjs.org/@radix-ui%2freact-focus-guards set size:317709 disposed:false
831 silly fetch manifest cannon-es@^0.20.0
832 silly packumentCache full:https://registry.npmjs.org/cannon-es cache-miss
833 http fetch GET 200 https://registry.npmjs.org/@radix-ui%2freact-portal 1358ms (cache hit)
834 silly packumentCache full:https://registry.npmjs.org/@radix-ui%2freact-portal set size:797237 disposed:false
835 silly fetch manifest cannon-es-debugger@^1.0.0
836 silly packumentCache full:https://registry.npmjs.org/cannon-es-debugger cache-miss
837 http fetch GET 200 https://registry.npmjs.org/@radix-ui%2freact-focus-scope 1370ms (cache hit)
838 silly packumentCache full:https://registry.npmjs.org/@radix-ui%2freact-focus-scope set size:791035 disposed:false
839 silly fetch manifest @pmndrs/cannon-worker-api@^2.4.0
840 silly packumentCache full:https://registry.npmjs.org/@pmndrs%2fcannon-worker-api cache-miss
841 http fetch GET 200 https://registry.npmjs.org/@radix-ui%2freact-presence 1401ms (cache hit)
842 silly packumentCache full:https://registry.npmjs.org/@radix-ui%2freact-presence set size:520130 disposed:true
843 silly packumentCache full:https://registry.npmjs.org/@radix-ui%2freact-presence dispose
844 silly fetch manifest buffer@^6.0.3
845 silly packumentCache full:https://registry.npmjs.org/buffer cache-miss
846 http fetch GET 200 https://registry.npmjs.org/@radix-ui%2freact-primitive 1409ms (cache hit)
847 silly packumentCache full:https://registry.npmjs.org/@radix-ui%2freact-primitive set size:712422 disposed:true
848 silly packumentCache full:https://registry.npmjs.org/@radix-ui%2freact-primitive dispose
849 silly fetch manifest zustand@^5.0.3
850 silly packumentCache full:https://registry.npmjs.org/zustand cache-hit
851 silly fetch manifest its-fine@^2.0.0
852 silly packumentCache full:https://registry.npmjs.org/its-fine cache-miss
853 http fetch GET 200 https://registry.npmjs.org/@radix-ui%2freact-use-layout-effect 1340ms (cache hit)
854 silly packumentCache full:https://registry.npmjs.org/@radix-ui%2freact-use-layout-effect set size:247104 disposed:true
855 silly packumentCache full:https://registry.npmjs.org/@radix-ui%2freact-use-layout-effect dispose
856 silly fetch manifest base64-js@^1.5.1
857 silly packumentCache full:https://registry.npmjs.org/base64-js cache-miss
858 http fetch GET 200 https://registry.npmjs.org/@radix-ui%2freact-popper 1325ms (cache hit)
859 silly packumentCache full:https://registry.npmjs.org/@radix-ui%2freact-popper set size:955545 disposed:false
860 silly fetch manifest scheduler@^0.25.0
861 silly packumentCache full:https://registry.npmjs.org/scheduler cache-miss
862 http fetch GET 200 https://registry.npmjs.org/@radix-ui%2freact-dismissable-layer 1435ms (cache hit)
863 silly packumentCache full:https://registry.npmjs.org/@radix-ui%2freact-dismissable-layer set size:961526 disposed:false
864 silly fetch manifest @types/webxr@*
865 silly packumentCache full:https://registry.npmjs.org/@types%2fwebxr cache-miss
866 http fetch GET 200 https://registry.npmjs.org/@radix-ui%2freact-portal 1378ms (cache hit)
867 silly packumentCache full:https://registry.npmjs.org/@radix-ui%2freact-portal set size:797237 disposed:false
868 silly packumentCache full:https://registry.npmjs.org/@radix-ui%2freact-portal dispose
869 silly fetch manifest suspend-react@^0.1.3
870 silly packumentCache full:https://registry.npmjs.org/suspend-react cache-miss
871 http fetch GET 200 https://registry.npmjs.org/@radix-ui%2freact-presence 1385ms (cache hit)
872 silly packumentCache full:https://registry.npmjs.org/@radix-ui%2freact-presence set size:520130 disposed:true
873 silly packumentCache full:https://registry.npmjs.org/@radix-ui%2freact-presence dispose
874 silly fetch manifest @babel/runtime@^7.17.8
875 silly packumentCache full:https://registry.npmjs.org/@babel%2fruntime cache-miss
876 http fetch GET 200 https://registry.npmjs.org/@radix-ui%2freact-context 1541ms (cache hit)
877 silly packumentCache full:https://registry.npmjs.org/@radix-ui%2freact-context set size:311733 disposed:true
878 silly packumentCache full:https://registry.npmjs.org/@radix-ui%2freact-context dispose
879 silly fetch manifest react-reconciler@^0.31.0
880 silly packumentCache full:https://registry.npmjs.org/react-reconciler cache-miss
881 http fetch GET 200 https://registry.npmjs.org/@radix-ui%2freact-dismissable-layer 1349ms (cache hit)
882 silly packumentCache full:https://registry.npmjs.org/@radix-ui%2freact-dismissable-layer set size:961526 disposed:false
883 silly packumentCache full:https://registry.npmjs.org/@radix-ui%2freact-dismissable-layer dispose
884 silly fetch manifest react-use-measure@^2.1.7
885 silly packumentCache full:https://registry.npmjs.org/react-use-measure cache-miss
886 http fetch GET 200 https://registry.npmjs.org/@radix-ui%2freact-roving-focus 1349ms (cache hit)
887 silly packumentCache full:https://registry.npmjs.org/@radix-ui%2freact-roving-focus set size:1019597 disposed:false
888 silly fetch manifest @types/react-reconciler@^0.28.9
889 silly packumentCache full:https://registry.npmjs.org/@types%2freact-reconciler cache-miss
890 http fetch GET 200 https://registry.npmjs.org/@radix-ui%2freact-use-previous 1199ms (cache hit)
891 silly packumentCache full:https://registry.npmjs.org/@radix-ui%2freact-use-previous set size:318861 disposed:false
892 silly fetch manifest use-sync-external-store@^1.4.0
893 silly packumentCache full:https://registry.npmjs.org/use-sync-external-store cache-miss
894 http fetch GET 200 https://registry.npmjs.org/@radix-ui%2freact-presence 1405ms (cache hit)
895 silly packumentCache full:https://registry.npmjs.org/@radix-ui%2freact-presence set size:520130 disposed:true
896 silly packumentCache full:https://registry.npmjs.org/@radix-ui%2freact-presence dispose
897 silly fetch manifest maath@^0.10.8
898 silly packumentCache full:https://registry.npmjs.org/maath cache-miss
899 http fetch GET 200 https://registry.npmjs.org/@radix-ui%2freact-menu 1437ms (cache hit)
900 silly packumentCache full:https://registry.npmjs.org/@radix-ui%2freact-menu set size:1377697 disposed:false
901 silly fetch manifest hls.js@^1.5.17
902 silly packumentCache full:https://registry.npmjs.org/hls.js cache-miss
903 http fetch GET 200 https://registry.npmjs.org/@radix-ui%2freact-menu 1603ms (cache hit)
904 silly packumentCache full:https://registry.npmjs.org/@radix-ui%2freact-menu set size:1377697 disposed:false
905 silly fetch manifest zustand@^5.0.1
906 silly packumentCache full:https://registry.npmjs.org/zustand cache-hit
907 silly fetch manifest meshline@^3.3.1
908 silly packumentCache full:https://registry.npmjs.org/meshline cache-miss
909 http fetch GET 200 https://registry.npmjs.org/@radix-ui%2freact-use-layout-effect 1217ms (cache hit)
910 silly packumentCache full:https://registry.npmjs.org/@radix-ui%2freact-use-layout-effect set size:247104 disposed:true
911 silly packumentCache full:https://registry.npmjs.org/@radix-ui%2freact-use-layout-effect dispose
912 silly fetch manifest stats-gl@^2.2.8
913 silly packumentCache full:https://registry.npmjs.org/stats-gl cache-miss
914 http fetch GET 200 https://registry.npmjs.org/react-remove-scroll 1203ms (cache hit)
915 silly packumentCache full:https://registry.npmjs.org/react-remove-scroll set size:147112 disposed:false
916 silly packumentCache full:https://registry.npmjs.org/react-remove-scroll dispose
917 silly fetch manifest stats.js@^0.17.0
918 silly packumentCache full:https://registry.npmjs.org/stats.js cache-miss
919 http fetch GET 200 https://registry.npmjs.org/aria-hidden 1222ms (cache hit)
920 silly packumentCache full:https://registry.npmjs.org/aria-hidden set size:40391 disposed:false
921 silly packumentCache full:https://registry.npmjs.org/aria-hidden dispose
922 silly fetch manifest cross-env@^7.0.3
923 silly packumentCache full:https://registry.npmjs.org/cross-env cache-miss
924 http fetch GET 200 https://registry.npmjs.org/@radix-ui%2freact-dismissable-layer 1251ms (cache hit)
925 silly packumentCache full:https://registry.npmjs.org/@radix-ui%2freact-dismissable-layer set size:961526 disposed:true
926 silly packumentCache full:https://registry.npmjs.org/@radix-ui%2freact-dismissable-layer dispose
927 silly fetch manifest detect-gpu@^5.0.56
928 silly packumentCache full:https://registry.npmjs.org/detect-gpu cache-miss
929 http fetch GET 200 https://registry.npmjs.org/@radix-ui%2freact-visually-hidden 1398ms (cache hit)
930 silly packumentCache full:https://registry.npmjs.org/@radix-ui%2freact-visually-hidden set size:723558 disposed:false
931 silly fetch manifest glsl-noise@^0.0.0
932 silly packumentCache full:https://registry.npmjs.org/glsl-noise cache-miss
933 http fetch GET 200 https://registry.npmjs.org/@radix-ui%2freact-focus-guards 1227ms (cache hit)
934 silly packumentCache full:https://registry.npmjs.org/@radix-ui%2freact-focus-guards set size:317709 disposed:false
935 silly packumentCache full:https://registry.npmjs.org/@radix-ui%2freact-focus-guards dispose
936 silly fetch manifest tunnel-rat@^0.1.2
937 silly packumentCache full:https://registry.npmjs.org/tunnel-rat cache-miss
938 http fetch GET 200 https://registry.npmjs.org/@radix-ui%2freact-dismissable-layer 1228ms (cache hit)
939 silly packumentCache full:https://registry.npmjs.org/@radix-ui%2freact-dismissable-layer set size:961526 disposed:true
940 silly packumentCache full:https://registry.npmjs.org/@radix-ui%2freact-dismissable-layer dispose
941 silly fetch manifest three-stdlib@^2.35.6
942 silly packumentCache full:https://registry.npmjs.org/three-stdlib cache-miss
943 http fetch GET 200 https://registry.npmjs.org/@radix-ui%2freact-portal 1293ms (cache hit)
944 silly packumentCache full:https://registry.npmjs.org/@radix-ui%2freact-portal set size:797237 disposed:true
945 silly packumentCache full:https://registry.npmjs.org/@radix-ui%2freact-portal dispose
946 silly fetch manifest suspend-react@^0.1.3
947 silly packumentCache full:https://registry.npmjs.org/suspend-react cache-miss
948 http fetch GET 200 https://registry.npmjs.org/@radix-ui%2freact-popper 1320ms (cache hit)
949 silly packumentCache full:https://registry.npmjs.org/@radix-ui%2freact-popper set size:955545 disposed:false
950 silly packumentCache full:https://registry.npmjs.org/@radix-ui%2freact-popper dispose
951 silly fetch manifest utility-types@^3.11.0
952 silly packumentCache full:https://registry.npmjs.org/utility-types cache-miss
953 http fetch GET 200 https://registry.npmjs.org/aria-hidden 1254ms (cache hit)
954 silly packumentCache full:https://registry.npmjs.org/aria-hidden set size:40391 disposed:true
955 silly packumentCache full:https://registry.npmjs.org/aria-hidden dispose
956 silly fetch manifest @babel/runtime@^7.26.0
957 silly packumentCache full:https://registry.npmjs.org/@babel%2fruntime cache-miss
958 http fetch GET 200 https://registry.npmjs.org/@radix-ui%2fnumber 1278ms (cache hit)
959 silly packumentCache full:https://registry.npmjs.org/@radix-ui%2fnumber set size:123181 disposed:false
960 silly fetch manifest three-mesh-bvh@^0.8.3
961 silly packumentCache full:https://registry.npmjs.org/three-mesh-bvh cache-miss
962 http fetch GET 200 https://registry.npmjs.org/react-remove-scroll 1263ms (cache hit)
963 silly packumentCache full:https://registry.npmjs.org/react-remove-scroll set size:147112 disposed:true
964 silly packumentCache full:https://registry.npmjs.org/react-remove-scroll dispose
965 silly fetch manifest camera-controls@^2.9.0
966 silly packumentCache full:https://registry.npmjs.org/camera-controls cache-miss
967 http fetch GET 200 https://registry.npmjs.org/@radix-ui%2fnumber 1276ms (cache hit)
968 silly packumentCache full:https://registry.npmjs.org/@radix-ui%2fnumber set size:123181 disposed:false
969 silly packumentCache full:https://registry.npmjs.org/@radix-ui%2fnumber dispose
970 silly fetch manifest troika-three-text@^0.52.4
971 silly packumentCache full:https://registry.npmjs.org/troika-three-text cache-miss
972 http fetch GET 200 https://registry.npmjs.org/@radix-ui%2freact-roving-focus 1318ms (cache hit)
973 silly packumentCache full:https://registry.npmjs.org/@radix-ui%2freact-roving-focus set size:1019597 disposed:false
974 silly fetch manifest @use-gesture/react@^10.3.1
975 silly packumentCache full:https://registry.npmjs.org/@use-gesture%2freact cache-miss
976 http fetch GET 200 https://registry.npmjs.org/@radix-ui%2freact-focus-scope 1385ms (cache hit)
977 silly packumentCache full:https://registry.npmjs.org/@radix-ui%2freact-focus-scope set size:791035 disposed:false
978 silly packumentCache full:https://registry.npmjs.org/@radix-ui%2freact-focus-scope dispose
979 silly fetch manifest @monogrid/gainmap-js@^3.0.6
980 silly packumentCache full:https://registry.npmjs.org/@monogrid%2fgainmap-js cache-miss
981 http fetch GET 200 https://registry.npmjs.org/@radix-ui%2freact-focus-scope 1269ms (cache hit)
982 silly packumentCache full:https://registry.npmjs.org/@radix-ui%2freact-focus-scope set size:791035 disposed:true
983 silly packumentCache full:https://registry.npmjs.org/@radix-ui%2freact-focus-scope dispose
984 silly fetch manifest @mediapipe/tasks-vision@0.10.17
985 silly packumentCache full:https://registry.npmjs.org/@mediapipe%2ftasks-vision cache-miss
986 http fetch GET 200 https://registry.npmjs.org/@radix-ui%2freact-popper 1326ms (cache hit)
987 silly packumentCache full:https://registry.npmjs.org/@radix-ui%2freact-popper set size:955545 disposed:true
988 silly packumentCache full:https://registry.npmjs.org/@radix-ui%2freact-popper dispose
989 silly fetch manifest use-sync-external-store@^1.4.0
990 silly packumentCache full:https://registry.npmjs.org/use-sync-external-store cache-miss
991 http fetch GET 200 https://registry.npmjs.org/@radix-ui%2freact-use-previous 1097ms (cache hit)
992 silly packumentCache full:https://registry.npmjs.org/@radix-ui%2freact-use-previous set size:318861 disposed:false
993 silly packumentCache full:https://registry.npmjs.org/@radix-ui%2freact-use-previous dispose
994 silly fetch manifest arg@^5.0.2
995 silly packumentCache full:https://registry.npmjs.org/arg cache-miss
996 http fetch GET 200 https://registry.npmjs.org/@radix-ui%2freact-portal 1398ms (cache hit)
997 silly packumentCache full:https://registry.npmjs.org/@radix-ui%2freact-portal set size:797237 disposed:true
998 silly packumentCache full:https://registry.npmjs.org/@radix-ui%2freact-portal dispose
999 silly fetch manifest dlv@^1.1.3
1000 silly packumentCache full:https://registry.npmjs.org/dlv cache-miss
1001 http fetch GET 200 https://registry.npmjs.org/@radix-ui%2freact-focus-guards 1185ms (cache hit)
1002 silly packumentCache full:https://registry.npmjs.org/@radix-ui%2freact-focus-guards set size:317709 disposed:true
1003 silly packumentCache full:https://registry.npmjs.org/@radix-ui%2freact-focus-guards dispose
1004 silly fetch manifest jiti@^1.21.7
1005 silly packumentCache full:https://registry.npmjs.org/jiti cache-miss
1006 http fetch GET 200 https://registry.npmjs.org/@radix-ui%2freact-visually-hidden 1134ms (cache hit)
1007 silly packumentCache full:https://registry.npmjs.org/@radix-ui%2freact-visually-hidden set size:723558 disposed:false
1008 silly packumentCache full:https://registry.npmjs.org/@radix-ui%2freact-visually-hidden dispose
1009 silly fetch manifest is-glob@^4.0.3
1010 silly packumentCache full:https://registry.npmjs.org/is-glob cache-miss
1011 http fetch GET 200 https://registry.npmjs.org/@radix-ui%2freact-dismissable-layer 1386ms (cache hit)
1012 silly packumentCache full:https://registry.npmjs.org/@radix-ui%2freact-dismissable-layer set size:961526 disposed:true
1013 silly packumentCache full:https://registry.npmjs.org/@radix-ui%2freact-dismissable-layer dispose
1014 silly fetch manifest postcss@^8.4.47
1015 silly packumentCache full:https://registry.npmjs.org/postcss cache-hit
1016 silly fetch manifest resolve@^1.22.8
1017 silly packumentCache full:https://registry.npmjs.org/resolve cache-miss
1018 http fetch GET 200 https://registry.npmjs.org/@radix-ui%2fnumber 1475ms (cache hit)
1019 silly packumentCache full:https://registry.npmjs.org/@radix-ui%2fnumber set size:123181 disposed:true
1020 silly packumentCache full:https://registry.npmjs.org/@radix-ui%2fnumber dispose
1021 silly fetch manifest sucrase@^3.35.0
1022 silly packumentCache full:https://registry.npmjs.org/sucrase cache-miss
1023 http fetch GET 200 https://registry.npmjs.org/@radix-ui%2freact-dismissable-layer 1387ms (cache hit)
1024 silly packumentCache full:https://registry.npmjs.org/@radix-ui%2freact-dismissable-layer set size:961526 disposed:true
1025 silly packumentCache full:https://registry.npmjs.org/@radix-ui%2freact-dismissable-layer dispose
1026 silly fetch manifest chokidar@^3.6.0
1027 silly packumentCache full:https://registry.npmjs.org/chokidar cache-miss
1028 http fetch GET 200 https://registry.npmjs.org/@radix-ui%2freact-popper 1511ms (cache hit)
1029 silly packumentCache full:https://registry.npmjs.org/@radix-ui%2freact-popper set size:955545 disposed:true
1030 silly packumentCache full:https://registry.npmjs.org/@radix-ui%2freact-popper dispose
1031 silly fetch manifest fast-glob@^3.3.2
1032 silly packumentCache full:https://registry.npmjs.org/fast-glob cache-miss
1033 http fetch GET 200 https://registry.npmjs.org/cannon-es-debugger 1474ms (cache hit)
1034 silly packumentCache full:https://registry.npmjs.org/cannon-es-debugger set size:45440 disposed:false
1035 silly fetch manifest lilconfig@^3.1.3
1036 silly packumentCache full:https://registry.npmjs.org/lilconfig cache-miss
1037 http fetch GET 200 https://registry.npmjs.org/cannon-es 1496ms (cache hit)
1038 silly packumentCache full:https://registry.npmjs.org/cannon-es set size:125762 disposed:false
1039 silly fetch manifest didyoumean@^1.2.2
1040 silly packumentCache full:https://registry.npmjs.org/didyoumean cache-miss
1041 http fetch GET 200 https://registry.npmjs.org/buffer 1428ms (cache hit)
1042 silly packumentCache full:https://registry.npmjs.org/buffer set size:280480 disposed:false
1043 silly fetch manifest micromatch@^4.0.8
1044 silly packumentCache full:https://registry.npmjs.org/micromatch cache-miss
1045 http fetch GET 200 https://registry.npmjs.org/@radix-ui%2freact-visually-hidden 1539ms (cache hit)
1046 silly packumentCache full:https://registry.npmjs.org/@radix-ui%2freact-visually-hidden set size:723558 disposed:true
1047 silly packumentCache full:https://registry.npmjs.org/@radix-ui%2freact-visually-hidden dispose
1048 silly fetch manifest picocolors@^1.1.1
1049 silly packumentCache full:https://registry.npmjs.org/picocolors cache-miss
1050 http fetch GET 200 https://registry.npmjs.org/@radix-ui%2freact-use-previous 1655ms (cache hit)
1051 silly packumentCache full:https://registry.npmjs.org/@radix-ui%2freact-use-previous set size:318861 disposed:true
1052 silly packumentCache full:https://registry.npmjs.org/@radix-ui%2freact-use-previous dispose
1053 silly fetch manifest postcss-js@^4.0.1
1054 silly packumentCache full:https://registry.npmjs.org/postcss-js cache-miss
1055 http fetch GET 200 https://registry.npmjs.org/@radix-ui%2freact-portal 1589ms (cache hit)
1056 silly packumentCache full:https://registry.npmjs.org/@radix-ui%2freact-portal set size:797237 disposed:true
1057 silly packumentCache full:https://registry.npmjs.org/@radix-ui%2freact-portal dispose
1058 silly fetch manifest glob-parent@^6.0.2
1059 silly packumentCache full:https://registry.npmjs.org/glob-parent cache-miss
1060 http fetch GET 200 https://registry.npmjs.org/@radix-ui%2freact-roving-focus 1671ms (cache hit)
1061 silly packumentCache full:https://registry.npmjs.org/@radix-ui%2freact-roving-focus set size:1019597 disposed:false
1062 silly fetch manifest object-hash@^3.0.0
1063 silly packumentCache full:https://registry.npmjs.org/object-hash cache-miss
1064 http fetch GET 200 https://registry.npmjs.org/base64-js 1562ms (cache hit)
1065 silly packumentCache full:https://registry.npmjs.org/base64-js set size:41270 disposed:false
1066 silly fetch manifest normalize-path@^3.0.0
1067 silly packumentCache full:https://registry.npmjs.org/normalize-path cache-miss
1068 http fetch GET 200 https://registry.npmjs.org/@pmndrs%2fcannon-worker-api 1691ms (cache hit)
1069 silly packumentCache full:https://registry.npmjs.org/@pmndrs%2fcannon-worker-api set size:35076 disposed:false
1070 silly fetch manifest postcss-import@^15.1.0
1071 silly packumentCache full:https://registry.npmjs.org/postcss-import cache-miss
1072 http fetch GET 200 https://registry.npmjs.org/@types%2fwebxr 1678ms (cache hit)
1073 silly packumentCache full:https://registry.npmjs.org/@types%2fwebxr set size:64472 disposed:false
1074 silly fetch manifest postcss-nested@^6.2.0
1075 silly packumentCache full:https://registry.npmjs.org/postcss-nested cache-miss
1076 http fetch GET 200 https://registry.npmjs.org/suspend-react 1683ms (cache hit)
1077 silly packumentCache full:https://registry.npmjs.org/suspend-react set size:47709 disposed:false
1078 silly fetch manifest @alloc/quick-lru@^5.2.0
1079 silly packumentCache full:https://registry.npmjs.org/@alloc%2fquick-lru cache-miss
1080 http fetch GET 200 https://registry.npmjs.org/@types%2freact-reconciler 1614ms (cache hit)
1081 silly packumentCache full:https://registry.npmjs.org/@types%2freact-reconciler set size:61372 disposed:false
1082 silly fetch manifest postcss-load-config@^4.0.2 || ^5.0 || ^6.0
1083 silly packumentCache full:https://registry.npmjs.org/postcss-load-config cache-miss
1084 http fetch GET 200 https://registry.npmjs.org/use-sync-external-store 1680ms (cache hit)
1085 silly packumentCache full:https://registry.npmjs.org/use-sync-external-store set size:4861581 disposed:false
1086 silly fetch manifest postcss-selector-parser@^6.1.2
1087 silly packumentCache full:https://registry.npmjs.org/postcss-selector-parser cache-miss
1088 http fetch GET 200 https://registry.npmjs.org/react-use-measure 1811ms (cache hit)
1089 silly packumentCache full:https://registry.npmjs.org/react-use-measure set size:92272 disposed:false
1090 silly fetch manifest lodash.merge@^4.6.2
1091 silly packumentCache full:https://registry.npmjs.org/lodash.merge cache-miss
1092 http fetch GET 200 https://registry.npmjs.org/maath 1755ms (cache hit)
1093 silly packumentCache full:https://registry.npmjs.org/maath set size:87399 disposed:false
1094 silly fetch manifest lodash.castarray@^4.4.0
1095 silly packumentCache full:https://registry.npmjs.org/lodash.castarray cache-miss
1096 http fetch GET 200 https://registry.npmjs.org/stats-gl 1666ms (cache hit)
1097 silly packumentCache full:https://registry.npmjs.org/stats-gl set size:114158 disposed:false
1098 silly fetch manifest lodash.isplainobject@^4.0.6
1099 silly packumentCache full:https://registry.npmjs.org/lodash.isplainobject cache-miss
1100 http fetch GET 200 https://registry.npmjs.org/detect-gpu 1605ms (cache hit)
1101 silly packumentCache full:https://registry.npmjs.org/detect-gpu set size:843543 disposed:false
1102 silly fetch manifest postcss-selector-parser@6.0.10
1103 silly packumentCache full:https://registry.npmjs.org/postcss-selector-parser cache-miss
1104 http fetch GET 200 https://registry.npmjs.org/meshline 1694ms (cache hit)
1105 silly packumentCache full:https://registry.npmjs.org/meshline set size:65486 disposed:false
1106 silly fetch manifest @tanstack/query-core@5.101.4
1107 silly packumentCache full:https://registry.npmjs.org/@tanstack%2fquery-core cache-miss
1108 http fetch GET 200 https://registry.npmjs.org/cross-env 1684ms (cache hit)
1109 silly packumentCache full:https://registry.npmjs.org/cross-env set size:151372 disposed:false
1110 silly fetch manifest isbot@^5.1.22
1111 silly packumentCache full:https://registry.npmjs.org/isbot cache-miss
1112 http fetch GET 200 https://registry.npmjs.org/react-reconciler 1904ms (cache hit)
1113 silly packumentCache full:https://registry.npmjs.org/react-reconciler set size:6200712 disposed:false
1114 silly fetch manifest tiny-warning@^1.0.3
1115 silly packumentCache full:https://registry.npmjs.org/tiny-warning cache-miss
1116 http fetch GET 200 https://registry.npmjs.org/stats.js 1917ms (cache hit)
1117 silly packumentCache full:https://registry.npmjs.org/stats.js set size:10673 disposed:false
1118 silly fetch manifest tiny-invariant@^1.3.3
1119 silly packumentCache full:https://registry.npmjs.org/tiny-invariant cache-miss
1120 http fetch GET 200 https://registry.npmjs.org/@babel%2fruntime 2164ms (cache hit)
1121 silly packumentCache full:https://registry.npmjs.org/@babel%2fruntime set size:3471810 disposed:false
1122 silly fetch manifest @tanstack/history@1.131.2
1123 silly packumentCache full:https://registry.npmjs.org/@tanstack%2fhistory cache-miss
1124 http fetch GET 200 https://registry.npmjs.org/glsl-noise 1984ms (cache hit)
1125 silly packumentCache full:https://registry.npmjs.org/glsl-noise set size:4188 disposed:false
1126 silly fetch manifest @tanstack/react-store@^0.7.0
1127 silly packumentCache full:https://registry.npmjs.org/@tanstack%2freact-store cache-miss
1128 http fetch GET 200 https://registry.npmjs.org/utility-types 1913ms (cache hit)
1129 silly packumentCache full:https://registry.npmjs.org/utility-types set size:95104 disposed:false
1130 silly fetch manifest @tanstack/router-core@1.131.50
1131 silly packumentCache full:https://registry.npmjs.org/@tanstack%2frouter-core cache-miss
1132 http fetch GET 200 https://registry.npmjs.org/tunnel-rat 1984ms (cache hit)
1133 silly packumentCache full:https://registry.npmjs.org/tunnel-rat set size:33166 disposed:false
1134 silly fetch manifest undici-types@~6.21.0
1135 silly packumentCache full:https://registry.npmjs.org/undici-types cache-miss
1136 http fetch GET 200 https://registry.npmjs.org/three-mesh-bvh 1901ms (cache hit)
1137 silly packumentCache full:https://registry.npmjs.org/three-mesh-bvh set size:289392 disposed:false
1138 silly fetch manifest csstype@^3.0.2
1139 silly packumentCache full:https://registry.npmjs.org/csstype cache-miss
1140 http fetch GET 200 https://registry.npmjs.org/camera-controls 1904ms (cache hit)
1141 silly packumentCache full:https://registry.npmjs.org/camera-controls set size:507988 disposed:false
1142 silly fetch manifest fflate@~0.8.2
1143 silly packumentCache full:https://registry.npmjs.org/fflate cache-miss
1144 http fetch GET 200 https://registry.npmjs.org/@radix-ui%2freact-roving-focus 2581ms (cache hit)
1145 silly packumentCache full:https://registry.npmjs.org/@radix-ui%2freact-roving-focus set size:1019597 disposed:false
1146 silly fetch manifest @webgpu/types@*
1147 silly packumentCache full:https://registry.npmjs.org/@webgpu%2ftypes cache-miss
1148 http fetch GET 200 https://registry.npmjs.org/@use-gesture%2freact 1965ms (cache hit)
1149 silly packumentCache full:https://registry.npmjs.org/@use-gesture%2freact set size:177708 disposed:false
1150 silly fetch manifest meshoptimizer@~0.18.1
1151 silly packumentCache full:https://registry.npmjs.org/meshoptimizer cache-miss
1152 http fetch GET 200 https://registry.npmjs.org/scheduler 2467ms (cache hit)
1153 silly packumentCache full:https://registry.npmjs.org/scheduler set size:5639756 disposed:false
1154 silly fetch manifest @types/stats.js@*
1155 silly packumentCache full:https://registry.npmjs.org/@types%2fstats.js cache-miss
1156 http fetch GET 200 https://registry.npmjs.org/@monogrid%2fgainmap-js 2102ms (cache hit)
1157 silly packumentCache full:https://registry.npmjs.org/@monogrid%2fgainmap-js set size:132175 disposed:false
1158 silly fetch manifest @tweenjs/tween.js@~23.1.3
1159 silly packumentCache full:https://registry.npmjs.org/@tweenjs%2ftween.js cache-miss
1160 http fetch GET 200 https://registry.npmjs.org/@babel%2fruntime 2219ms (cache hit)
1161 silly packumentCache full:https://registry.npmjs.org/@babel%2fruntime set size:3471810 disposed:false
1162 silly fetch manifest @dimforge/rapier3d-compat@^0.12.0
1163 silly packumentCache full:https://registry.npmjs.org/@dimforge%2frapier3d-compat cache-miss
1164 http fetch GET 200 https://registry.npmjs.org/@mediapipe%2ftasks-vision 2204ms (cache hit)
1165 silly packumentCache full:https://registry.npmjs.org/@mediapipe%2ftasks-vision set size:1055839 disposed:false
1166 silly fetch manifest @babel/core@^7.28.0
1167 silly packumentCache full:https://registry.npmjs.org/@babel%2fcore cache-hit
1168 silly fetch manifest react-refresh@^0.17.0
1169 silly packumentCache full:https://registry.npmjs.org/react-refresh cache-miss
1170 http fetch GET 200 https://registry.npmjs.org/dlv 2127ms (cache hit)
1171 silly packumentCache full:https://registry.npmjs.org/dlv set size:16709 disposed:false
1172 silly fetch manifest @types/babel__core@^7.20.5
1173 silly packumentCache full:https://registry.npmjs.org/@types%2fbabel__core cache-miss
1174 http fetch GET 200 https://registry.npmjs.org/three-stdlib 2402ms (cache hit)
1175 silly packumentCache full:https://registry.npmjs.org/three-stdlib set size:639798 disposed:false
1176 silly fetch manifest @rolldown/pluginutils@1.0.0-beta.27
1177 silly packumentCache full:https://registry.npmjs.org/@rolldown%2fpluginutils cache-miss
1178 http fetch GET 200 https://registry.npmjs.org/suspend-react 2399ms (cache hit)
1179 silly packumentCache full:https://registry.npmjs.org/suspend-react set size:47709 disposed:false
1180 silly packumentCache full:https://registry.npmjs.org/suspend-react dispose
1181 silly fetch manifest @babel/plugin-transform-react-jsx-self@^7.27.1
1182 silly packumentCache full:https://registry.npmjs.org/@babel%2fplugin-transform-react-jsx-self cache-miss
1183 http fetch GET 200 https://registry.npmjs.org/troika-three-text 2337ms (cache hit)
1184 silly packumentCache full:https://registry.npmjs.org/troika-three-text set size:181424 disposed:false
1185 silly fetch manifest @babel/plugin-transform-react-jsx-source@^7.27.1
1186 silly packumentCache full:https://registry.npmjs.org/@babel%2fplugin-transform-react-jsx-source cache-miss
1187 http fetch GET 200 https://registry.npmjs.org/hls.js 2613ms (cache hit)
1188 silly packumentCache full:https://registry.npmjs.org/hls.js set size:21621135 disposed:false
1189 silly fetch manifest rollup@^4.20.0
1190 silly packumentCache full:https://registry.npmjs.org/rollup cache-miss
1191 http fetch GET 200 https://registry.npmjs.org/use-sync-external-store 2710ms (cache hit)
1192 silly packumentCache full:https://registry.npmjs.org/use-sync-external-store set size:4861581 disposed:false
1193 silly fetch manifest esbuild@^0.21.3
1194 silly packumentCache full:https://registry.npmjs.org/esbuild cache-miss
1195 http fetch GET 200 https://registry.npmjs.org/arg 2756ms (cache hit)
1196 silly packumentCache full:https://registry.npmjs.org/arg set size:67036 disposed:false
1197 silly fetch manifest postcss@^8.4.43
1198 silly packumentCache full:https://registry.npmjs.org/postcss cache-hit
1199 silly fetch manifest fsevents@~2.3.3
1200 silly packumentCache full:https://registry.npmjs.org/fsevents cache-miss
1201 http fetch GET 200 https://registry.npmjs.org/jiti 2735ms (cache hit)
1202 silly packumentCache full:https://registry.npmjs.org/jiti set size:387989 disposed:false
1203 silly fetch manifest picocolors@^1.1.1
1204 silly packumentCache full:https://registry.npmjs.org/picocolors cache-miss
1205 http fetch GET 200 https://registry.npmjs.org/its-fine 3435ms (cache hit)
1206 silly packumentCache full:https://registry.npmjs.org/its-fine set size:119242 disposed:false
1207 silly fetch manifest fraction.js@^5.3.4
1208 silly packumentCache full:https://registry.npmjs.org/fraction.js cache-miss
1209 http fetch GET 200 https://registry.npmjs.org/is-glob 2680ms (cache hit)
1210 silly packumentCache full:https://registry.npmjs.org/is-glob set size:40530 disposed:false
1211 silly fetch manifest browserslist@^4.28.6
1212 silly packumentCache full:https://registry.npmjs.org/browserslist cache-miss
1213 http fetch GET 200 https://registry.npmjs.org/lilconfig 2354ms (cache hit)
1214 silly packumentCache full:https://registry.npmjs.org/lilconfig set size:45636 disposed:false
1215 silly fetch manifest caniuse-lite@^1.0.30001806
1216 silly packumentCache full:https://registry.npmjs.org/caniuse-lite cache-miss
1217 http fetch GET 200 https://registry.npmjs.org/resolve 2584ms (cache hit)
1218 silly packumentCache full:https://registry.npmjs.org/resolve set size:244568 disposed:false
1219 silly fetch manifest postcss-value-parser@^4.2.0
1220 silly packumentCache full:https://registry.npmjs.org/postcss-value-parser cache-miss
1221 http fetch GET 200 https://registry.npmjs.org/sucrase 2595ms (cache hit)
1222 silly packumentCache full:https://registry.npmjs.org/sucrase set size:449399 disposed:false
1223 silly fetch manifest nanoid@^3.3.16
1224 silly packumentCache full:https://registry.npmjs.org/nanoid cache-miss
1225 http fetch GET 200 https://registry.npmjs.org/micromatch 2554ms (cache hit)
1226 silly packumentCache full:https://registry.npmjs.org/micromatch set size:240630 disposed:false
1227 silly fetch manifest picocolors@^1.1.1
1228 silly packumentCache full:https://registry.npmjs.org/picocolors cache-miss
1229 http fetch GET 200 https://registry.npmjs.org/fast-glob 2662ms (cache hit)
1230 silly packumentCache full:https://registry.npmjs.org/fast-glob set size:220556 disposed:false
1231 silly fetch manifest source-map-js@^1.2.1
1232 silly packumentCache full:https://registry.npmjs.org/source-map-js cache-miss
1233 http fetch GET 200 https://registry.npmjs.org/chokidar 2707ms (cache hit)
1234 silly packumentCache full:https://registry.npmjs.org/chokidar set size:255902 disposed:false
1235 silly fetch manifest @radix-ui/react-id@^1.1.0
1236 silly packumentCache full:https://registry.npmjs.org/@radix-ui%2freact-id cache-hit
1237 silly fetch manifest @radix-ui/react-primitive@^2.0.2
1238 silly packumentCache full:https://registry.npmjs.org/@radix-ui%2freact-primitive cache-hit
1239 silly fetch manifest @radix-ui/react-compose-refs@^1.1.1
1240 silly packumentCache full:https://registry.npmjs.org/@radix-ui%2freact-compose-refs cache-hit
1241 silly fetch manifest minimist@^1.2.6
1242 silly packumentCache full:https://registry.npmjs.org/minimist cache-miss
1243 http fetch GET 200 https://registry.npmjs.org/didyoumean 2683ms (cache hit)
1244 silly packumentCache full:https://registry.npmjs.org/didyoumean set size:11446 disposed:false
1245 silly fetch manifest cross-spawn@^7.0.6
1246 silly packumentCache full:https://registry.npmjs.org/cross-spawn cache-miss
1247 http fetch GET 200 https://registry.npmjs.org/glob-parent 2616ms (cache hit)
1248 silly packumentCache full:https://registry.npmjs.org/glob-parent set size:42445 disposed:false
1249 silly fetch manifest dotenv-expand@^10.0.0
1250 silly packumentCache full:https://registry.npmjs.org/dotenv-expand cache-miss
1251 http fetch GET 200 https://registry.npmjs.org/normalize-path 2444ms (cache hit)
1252 silly packumentCache full:https://registry.npmjs.org/normalize-path set size:28713 disposed:false
1253 silly fetch manifest embla-carousel@8.6.0
1254 silly packumentCache full:https://registry.npmjs.org/embla-carousel cache-miss
1255 http fetch GET 200 https://registry.npmjs.org/postcss-nested 2333ms (cache hit)
1256 silly packumentCache full:https://registry.npmjs.org/postcss-nested set size:79120 disposed:false
1257 silly fetch manifest embla-carousel-reactive-utils@8.6.0
1258 silly packumentCache full:https://registry.npmjs.org/embla-carousel-reactive-utils cache-miss
1259 http fetch GET 200 https://registry.npmjs.org/picocolors 2699ms (cache hit)
1260 silly packumentCache full:https://registry.npmjs.org/picocolors set size:16648 disposed:false
1261 silly fetch manifest css-line-break@^2.1.0
1262 silly packumentCache full:https://registry.npmjs.org/css-line-break cache-miss
1263 http fetch GET 200 https://registry.npmjs.org/postcss-import 2491ms (cache hit)
1264 silly packumentCache full:https://registry.npmjs.org/postcss-import set size:120971 disposed:false
1265 silly fetch manifest text-segmentation@^1.0.3
1266 silly packumentCache full:https://registry.npmjs.org/text-segmentation cache-miss
1267 http fetch GET 200 https://registry.npmjs.org/@alloc%2fquick-lru 2389ms (cache hit)
1268 silly packumentCache full:https://registry.npmjs.org/@alloc%2fquick-lru set size:7269 disposed:false
1269 silly fetch manifest framer-motion@^12.42.2
1270 silly packumentCache full:https://registry.npmjs.org/framer-motion cache-miss
1271 http fetch GET 200 https://registry.npmjs.org/postcss-load-config 2310ms (cache hit)
1272 silly packumentCache full:https://registry.npmjs.org/postcss-load-config set size:86425 disposed:false
1273 silly fetch manifest tslib@^2.4.0
1274 silly packumentCache full:https://registry.npmjs.org/tslib cache-miss
1275 http fetch GET 200 https://registry.npmjs.org/lodash.isplainobject 2203ms (cache hit)
1276 silly packumentCache full:https://registry.npmjs.org/lodash.isplainobject set size:38531 disposed:false
1277 silly fetch manifest date-fns@^4.1.0
1278 silly packumentCache full:https://registry.npmjs.org/date-fns cache-miss
1279 http fetch GET 200 https://registry.npmjs.org/lodash.merge 2219ms (cache hit)
1280 silly packumentCache full:https://registry.npmjs.org/lodash.merge set size:78575 disposed:false
1281 silly fetch manifest @date-fns/tz@^1.4.1
1282 silly packumentCache full:https://registry.npmjs.org/@date-fns%2ftz cache-miss
1283 http fetch GET 200 https://registry.npmjs.org/postcss-js 2719ms (cache hit)
1284 silly packumentCache full:https://registry.npmjs.org/postcss-js set size:51308 disposed:false
1285 silly fetch manifest date-fns-jalali@4.1.0-0
1286 silly packumentCache full:https://registry.npmjs.org/date-fns-jalali cache-miss
1287 http fetch GET 200 https://registry.npmjs.org/postcss-selector-parser 2253ms (cache hit)
1288 silly packumentCache full:https://registry.npmjs.org/postcss-selector-parser set size:193966 disposed:false
1289 silly fetch manifest @tabby_ai/hijri-converter@1.0.5
1290 silly packumentCache full:https://registry.npmjs.org/@tabby_ai%2fhijri-converter cache-miss
1291 http fetch GET 200 https://registry.npmjs.org/postcss-selector-parser 2210ms (cache hit)
1292 silly packumentCache full:https://registry.npmjs.org/postcss-selector-parser set size:193966 disposed:false
1293 silly packumentCache full:https://registry.npmjs.org/postcss-selector-parser dispose
1294 silly fetch manifest quill@~2.0.2
1295 silly packumentCache full:https://registry.npmjs.org/quill cache-miss
1296 http fetch GET 200 https://registry.npmjs.org/lodash.castarray 2237ms (cache hit)
1297 silly packumentCache full:https://registry.npmjs.org/lodash.castarray set size:3368 disposed:false
1298 silly fetch manifest lodash-es@^4.17.21
1299 silly packumentCache full:https://registry.npmjs.org/lodash-es cache-miss
1300 http fetch GET 200 https://registry.npmjs.org/object-hash 2638ms (cache hit)
1301 silly packumentCache full:https://registry.npmjs.org/object-hash set size:100564 disposed:false
1302 silly fetch manifest fast-diff@^1.3.0
1303 silly packumentCache full:https://registry.npmjs.org/fast-diff cache-miss
1304 http fetch GET 200 https://registry.npmjs.org/tiny-warning 1989ms (cache hit)
1305 silly packumentCache full:https://registry.npmjs.org/tiny-warning set size:25899 disposed:false
1306 silly fetch manifest lodash.clonedeep@^4.5.0
1307 silly packumentCache full:https://registry.npmjs.org/lodash.clonedeep cache-miss
1308 http fetch GET 200 https://registry.npmjs.org/@tanstack%2freact-store 1845ms (cache hit)
1309 silly packumentCache full:https://registry.npmjs.org/@tanstack%2freact-store set size:210393 disposed:false
1310 silly fetch manifest lodash.isequal@^4.5.0
1311 silly packumentCache full:https://registry.npmjs.org/lodash.isequal cache-miss
1312 http fetch GET 200 https://registry.npmjs.org/isbot 2223ms (cache hit)
1313 silly packumentCache full:https://registry.npmjs.org/isbot set size:730353 disposed:false
1314 silly fetch manifest @types/js-cookie@^3.0.0
1315 silly packumentCache full:https://registry.npmjs.org/@types%2fjs-cookie cache-miss
1316 http fetch GET 200 https://registry.npmjs.org/@tanstack%2fquery-core 2250ms (cache hit)
1317 silly packumentCache full:https://registry.npmjs.org/@tanstack%2fquery-core set size:1112596 disposed:false
1318 silly fetch manifest @xobotyi/scrollbar-width@^1.9.5
1319 silly packumentCache full:https://registry.npmjs.org/@xobotyi%2fscrollbar-width cache-miss
1320 http fetch GET 200 https://registry.npmjs.org/tiny-invariant 2016ms (cache hit)
1321 silly packumentCache full:https://registry.npmjs.org/tiny-invariant set size:98310 disposed:false
1322 silly fetch manifest copy-to-clipboard@^3.3.1
1323 silly packumentCache full:https://registry.npmjs.org/copy-to-clipboard cache-miss
1324 http fetch GET 200 https://registry.npmjs.org/@tanstack%2fhistory 1911ms (cache hit)
1325 silly packumentCache full:https://registry.npmjs.org/@tanstack%2fhistory set size:503659 disposed:false
1326 silly fetch manifest fast-deep-equal@^3.1.3
1327 silly packumentCache full:https://registry.npmjs.org/fast-deep-equal cache-miss
1328 http fetch GET 200 https://registry.npmjs.org/fflate 1887ms (cache hit)
1329 silly packumentCache full:https://registry.npmjs.org/fflate set size:220550 disposed:false
1330 silly fetch manifest fast-shallow-equal@^1.0.0
1331 silly packumentCache full:https://registry.npmjs.org/fast-shallow-equal cache-miss
1332 http fetch GET 200 https://registry.npmjs.org/csstype 1906ms (cache hit)
1333 silly packumentCache full:https://registry.npmjs.org/csstype set size:274189 disposed:false
1334 silly fetch manifest js-cookie@^3.0.0
1335 silly packumentCache full:https://registry.npmjs.org/js-cookie cache-miss
1336 http fetch GET 200 https://registry.npmjs.org/meshoptimizer 1822ms (cache hit)
1337 silly packumentCache full:https://registry.npmjs.org/meshoptimizer set size:75958 disposed:false
1338 silly fetch manifest nano-css@^5.6.2
1339 silly packumentCache full:https://registry.npmjs.org/nano-css cache-miss
1340 http fetch GET 200 https://registry.npmjs.org/@webgpu%2ftypes 1833ms (cache hit)
1341 silly packumentCache full:https://registry.npmjs.org/@webgpu%2ftypes set size:270149 disposed:false
1342 silly fetch manifest react-universal-interface@^0.6.2
1343 silly packumentCache full:https://registry.npmjs.org/react-universal-interface cache-miss
1344 http fetch GET 200 https://registry.npmjs.org/@dimforge%2frapier3d-compat 1532ms (cache hit)
1345 silly packumentCache full:https://registry.npmjs.org/@dimforge%2frapier3d-compat set size:250550 disposed:false
1346 silly fetch manifest resize-observer-polyfill@^1.5.1
1347 silly packumentCache full:https://registry.npmjs.org/resize-observer-polyfill cache-miss
1348 http fetch GET 200 https://registry.npmjs.org/undici-types 1992ms (cache hit)
1349 silly packumentCache full:https://registry.npmjs.org/undici-types set size:247750 disposed:false
1350 silly fetch manifest screenfull@^5.1.0
1351 silly packumentCache full:https://registry.npmjs.org/screenfull cache-miss
1352 http fetch GET 200 https://registry.npmjs.org/@types%2fstats.js 1714ms (cache hit)
1353 silly packumentCache full:https://registry.npmjs.org/@types%2fstats.js set size:12218 disposed:false
1354 silly fetch manifest set-harmonic-interval@^1.0.1
1355 silly packumentCache full:https://registry.npmjs.org/set-harmonic-interval cache-miss
1356 http fetch GET 200 https://registry.npmjs.org/@tweenjs%2ftween.js 1709ms (cache hit)
1357 silly packumentCache full:https://registry.npmjs.org/@tweenjs%2ftween.js set size:165080 disposed:false
1358 silly fetch manifest throttle-debounce@^3.0.1
1359 silly packumentCache full:https://registry.npmjs.org/throttle-debounce cache-miss
1360 http fetch GET 200 https://registry.npmjs.org/@types%2fbabel__core 1579ms (cache hit)
1361 silly packumentCache full:https://registry.npmjs.org/@types%2fbabel__core set size:88676 disposed:false
1362 silly fetch manifest ts-easing@^0.2.0
1363 silly packumentCache full:https://registry.npmjs.org/ts-easing cache-miss
1364 http fetch GET 200 https://registry.npmjs.org/@babel%2fplugin-transform-react-jsx-self 1566ms (cache hit)
1365 silly packumentCache full:https://registry.npmjs.org/@babel%2fplugin-transform-react-jsx-self set size:200274 disposed:false
1366 silly fetch manifest tslib@^2.1.0
1367 silly packumentCache full:https://registry.npmjs.org/tslib cache-miss
1368 http fetch GET 200 https://registry.npmjs.org/@rolldown%2fpluginutils 1575ms (cache hit)
1369 silly packumentCache full:https://registry.npmjs.org/@rolldown%2fpluginutils set size:300388 disposed:false
1370 silly fetch manifest lodash@^4.17.21
1371 silly packumentCache full:https://registry.npmjs.org/lodash cache-miss
1372 http fetch GET 200 https://registry.npmjs.org/@tanstack%2frouter-core 2035ms (cache hit)
1373 silly packumentCache full:https://registry.npmjs.org/@tanstack%2frouter-core set size:1619300 disposed:false
1374 silly fetch manifest react-is@^18.3.1
1375 silly packumentCache full:https://registry.npmjs.org/react-is cache-miss
1376 http fetch GET 200 https://registry.npmjs.org/react-refresh 1682ms (cache hit)
1377 silly packumentCache full:https://registry.npmjs.org/react-refresh set size:6484382 disposed:false
1378 silly fetch manifest react-smooth@^4.0.4
1379 silly packumentCache full:https://registry.npmjs.org/react-smooth cache-miss
1380 http fetch GET 200 https://registry.npmjs.org/rollup 1397ms (cache hit)
1381 silly packumentCache full:https://registry.npmjs.org/rollup set size:6266245 disposed:false
1382 silly fetch manifest eventemitter3@^4.0.1
1383 silly packumentCache full:https://registry.npmjs.org/eventemitter3 cache-miss
1384 http fetch GET 200 https://registry.npmjs.org/@babel%2fplugin-transform-react-jsx-source 2052ms (cache hit)
1385 silly packumentCache full:https://registry.npmjs.org/@babel%2fplugin-transform-react-jsx-source set size:205288 disposed:false
1386 silly fetch manifest recharts-scale@^0.4.4
1387 silly packumentCache full:https://registry.npmjs.org/recharts-scale cache-miss
1388 http fetch GET 200 https://registry.npmjs.org/esbuild 1478ms (cache hit)
1389 silly packumentCache full:https://registry.npmjs.org/esbuild set size:1259608 disposed:false
1390 silly fetch manifest tiny-invariant@^1.3.1
1391 silly packumentCache full:https://registry.npmjs.org/tiny-invariant cache-hit
1392 silly fetch manifest victory-vendor@^36.6.8
1393 silly packumentCache full:https://registry.npmjs.org/victory-vendor cache-miss
1394 http fetch GET 200 https://registry.npmjs.org/fsevents 1498ms (cache hit)
1395 silly packumentCache full:https://registry.npmjs.org/fsevents set size:182472 disposed:false
1396 http fetch GET 200 https://registry.npmjs.org/picocolors 1491ms (cache hit)
1397 silly packumentCache full:https://registry.npmjs.org/picocolors set size:16648 disposed:false
1398 silly packumentCache full:https://registry.npmjs.org/picocolors dispose
1399 http fetch GET 200 https://registry.npmjs.org/fraction.js 1486ms (cache hit)
1400 silly packumentCache full:https://registry.npmjs.org/fraction.js set size:149386 disposed:false
1401 http fetch GET 200 https://registry.npmjs.org/browserslist 1488ms (cache hit)
1402 silly packumentCache full:https://registry.npmjs.org/browserslist set size:516369 disposed:false
1403 http fetch GET 200 https://registry.npmjs.org/postcss-value-parser 1299ms (cache hit)
1404 silly packumentCache full:https://registry.npmjs.org/postcss-value-parser set size:73526 disposed:false
1405 http fetch GET 200 https://registry.npmjs.org/source-map-js 1089ms (cache hit)
1406 silly packumentCache full:https://registry.npmjs.org/source-map-js set size:62640 disposed:false
1407 http fetch GET 200 https://registry.npmjs.org/cross-spawn 1075ms (cache hit)
1408 silly packumentCache full:https://registry.npmjs.org/cross-spawn set size:109066 disposed:false
1409 http fetch GET 200 https://registry.npmjs.org/picocolors 1119ms (cache hit)
1410 silly packumentCache full:https://registry.npmjs.org/picocolors set size:16648 disposed:true
1411 silly packumentCache full:https://registry.npmjs.org/picocolors dispose
1412 http fetch GET 200 https://registry.npmjs.org/minimist 1086ms (cache hit)
1413 silly packumentCache full:https://registry.npmjs.org/minimist set size:77063 disposed:false
1414 http fetch GET 200 https://registry.npmjs.org/dotenv-expand 1083ms (cache hit)
1415 silly packumentCache full:https://registry.npmjs.org/dotenv-expand set size:69432 disposed:false
1416 http fetch GET 200 https://registry.npmjs.org/nanoid 1218ms (cache hit)
1417 silly packumentCache full:https://registry.npmjs.org/nanoid set size:335912 disposed:false
1418 http fetch GET 200 https://registry.npmjs.org/css-line-break 1044ms (cache hit)
1419 silly packumentCache full:https://registry.npmjs.org/css-line-break set size:33209 disposed:false
1420 http fetch GET 200 https://registry.npmjs.org/embla-carousel-reactive-utils 1051ms (cache hit)
1421 silly packumentCache full:https://registry.npmjs.org/embla-carousel-reactive-utils set size:119115 disposed:false
1422 http fetch GET 200 https://registry.npmjs.org/text-segmentation 1041ms (cache hit)
1423 silly packumentCache full:https://registry.npmjs.org/text-segmentation set size:15383 disposed:false
1424 http fetch GET 200 https://registry.npmjs.org/embla-carousel 1104ms (cache hit)
1425 silly packumentCache full:https://registry.npmjs.org/embla-carousel set size:831713 disposed:false
1426 http fetch GET 200 https://registry.npmjs.org/caniuse-lite 1496ms (cache hit)
1427 silly packumentCache full:https://registry.npmjs.org/caniuse-lite set size:2306880 disposed:false
1428 http fetch GET 200 https://registry.npmjs.org/tslib 1122ms (cache hit)
1429 silly packumentCache full:https://registry.npmjs.org/tslib set size:108843 disposed:false
1430 http fetch GET 200 https://registry.npmjs.org/@date-fns%2ftz 1115ms (cache hit)
1431 silly packumentCache full:https://registry.npmjs.org/@date-fns%2ftz set size:54909 disposed:false
1432 http fetch GET 200 https://registry.npmjs.org/fast-diff 1090ms (cache hit)
1433 silly packumentCache full:https://registry.npmjs.org/fast-diff set size:12246 disposed:false
1434 http fetch GET 200 https://registry.npmjs.org/lodash-es 1097ms (cache hit)
1435 silly packumentCache full:https://registry.npmjs.org/lodash-es set size:142463 disposed:false
1436 http fetch GET 200 https://registry.npmjs.org/@tabby_ai%2fhijri-converter 1109ms (cache hit)
1437 silly packumentCache full:https://registry.npmjs.org/@tabby_ai%2fhijri-converter set size:6877 disposed:false
1438 http fetch GET 200 https://registry.npmjs.org/quill 1105ms (cache hit)
1439 silly packumentCache full:https://registry.npmjs.org/quill set size:312602 disposed:false
1440 http fetch GET 200 https://registry.npmjs.org/fast-deep-equal 1030ms (cache hit)
1441 silly packumentCache full:https://registry.npmjs.org/fast-deep-equal set size:48634 disposed:false
1442 http fetch GET 200 https://registry.npmjs.org/copy-to-clipboard 1044ms (cache hit)
1443 silly packumentCache full:https://registry.npmjs.org/copy-to-clipboard set size:68194 disposed:false
1444 http fetch GET 200 https://registry.npmjs.org/lodash.isequal 1101ms (cache hit)
1445 silly packumentCache full:https://registry.npmjs.org/lodash.isequal set size:48202 disposed:false
1446 http fetch GET 200 https://registry.npmjs.org/js-cookie 1022ms (cache hit)
1447 silly packumentCache full:https://registry.npmjs.org/js-cookie set size:107067 disposed:false
1448 http fetch GET 200 https://registry.npmjs.org/@types%2fjs-cookie 1088ms (cache hit)
1449 silly packumentCache full:https://registry.npmjs.org/@types%2fjs-cookie set size:55113 disposed:false
1450 http fetch GET 200 https://registry.npmjs.org/fast-shallow-equal 1036ms (cache hit)
1451 silly packumentCache full:https://registry.npmjs.org/fast-shallow-equal set size:10102 disposed:false
1452 http fetch GET 200 https://registry.npmjs.org/react-universal-interface 1018ms (cache hit)
1453 silly packumentCache full:https://registry.npmjs.org/react-universal-interface set size:49867 disposed:false
1454 http fetch GET 200 https://registry.npmjs.org/@xobotyi%2fscrollbar-width 1064ms (cache hit)
1455 silly packumentCache full:https://registry.npmjs.org/@xobotyi%2fscrollbar-width set size:98489 disposed:false
1456 http fetch GET 200 https://registry.npmjs.org/resize-observer-polyfill 966ms (cache hit)
1457 silly packumentCache full:https://registry.npmjs.org/resize-observer-polyfill set size:51211 disposed:false
1458 http fetch GET 200 https://registry.npmjs.org/screenfull 960ms (cache hit)
1459 silly packumentCache full:https://registry.npmjs.org/screenfull set size:71519 disposed:false
1460 http fetch GET 200 https://registry.npmjs.org/nano-css 1035ms (cache hit)
1461 silly packumentCache full:https://registry.npmjs.org/nano-css set size:244835 disposed:false
1462 http fetch GET 200 https://registry.npmjs.org/lodash.clonedeep 1159ms (cache hit)
1463 silly packumentCache full:https://registry.npmjs.org/lodash.clonedeep set size:48192 disposed:false
1464 http fetch GET 200 https://registry.npmjs.org/ts-easing 983ms (cache hit)
1465 silly packumentCache full:https://registry.npmjs.org/ts-easing set size:8262 disposed:false
1466 http fetch GET 200 https://registry.npmjs.org/tslib 977ms (cache hit)
1467 silly packumentCache full:https://registry.npmjs.org/tslib set size:108843 disposed:false
1468 silly packumentCache full:https://registry.npmjs.org/tslib dispose
1469 http fetch GET 200 https://registry.npmjs.org/throttle-debounce 991ms (cache hit)
1470 silly packumentCache full:https://registry.npmjs.org/throttle-debounce set size:73345 disposed:false
1471 http fetch GET 200 https://registry.npmjs.org/set-harmonic-interval 1003ms (cache hit)
1472 silly packumentCache full:https://registry.npmjs.org/set-harmonic-interval set size:9015 disposed:false
1473 http fetch GET 200 https://registry.npmjs.org/lodash 980ms (cache hit)
1474 silly packumentCache full:https://registry.npmjs.org/lodash set size:247652 disposed:false
1475 http fetch GET 200 https://registry.npmjs.org/react-smooth 713ms (cache hit)
1476 silly packumentCache full:https://registry.npmjs.org/react-smooth set size:197810 disposed:false
1477 http fetch GET 200 https://registry.npmjs.org/date-fns 1232ms (cache hit)
1478 silly packumentCache full:https://registry.npmjs.org/date-fns set size:4144741 disposed:false
1479 http fetch GET 200 https://registry.npmjs.org/date-fns-jalali 1402ms (cache hit)
1480 silly packumentCache full:https://registry.npmjs.org/date-fns-jalali set size:2351663 disposed:false
1481 http fetch GET 200 https://registry.npmjs.org/framer-motion 1528ms (cache hit)
1482 silly packumentCache full:https://registry.npmjs.org/framer-motion set size:10030715 disposed:false
1483 http fetch GET 200 https://registry.npmjs.org/eventemitter3 1487ms (cache hit)
1484 silly packumentCache full:https://registry.npmjs.org/eventemitter3 set size:92292 disposed:false
1485 http fetch GET 200 https://registry.npmjs.org/react-is 1985ms (cache hit)
1486 silly packumentCache full:https://registry.npmjs.org/react-is set size:5525939 disposed:false
1487 http fetch GET 200 https://registry.npmjs.org/recharts-scale 1738ms (cache hit)
1488 silly packumentCache full:https://registry.npmjs.org/recharts-scale set size:62529 disposed:false
1489 http fetch GET 200 https://registry.npmjs.org/victory-vendor 1747ms (cache hit)
1490 silly packumentCache full:https://registry.npmjs.org/victory-vendor set size:249209 disposed:false
1491 silly placeDep ROOT @biomejs/cli-darwin-arm64@1.9.4 OK for: @biomejs/biome@1.9.4 want: 1.9.4
1492 silly placeDep ROOT @biomejs/cli-darwin-x64@1.9.4 OK for: @biomejs/biome@1.9.4 want: 1.9.4
1493 silly placeDep ROOT @biomejs/cli-linux-arm64@1.9.4 OK for: @biomejs/biome@1.9.4 want: 1.9.4
1494 silly placeDep ROOT @biomejs/cli-linux-arm64-musl@1.9.4 OK for: @biomejs/biome@1.9.4 want: 1.9.4
1495 silly placeDep ROOT @biomejs/cli-linux-x64@1.9.4 OK for: @biomejs/biome@1.9.4 want: 1.9.4
1496 silly placeDep ROOT @biomejs/cli-linux-x64-musl@1.9.4 OK for: @biomejs/biome@1.9.4 want: 1.9.4
1497 silly placeDep ROOT @biomejs/cli-win32-arm64@1.9.4 OK for: @biomejs/biome@1.9.4 want: 1.9.4
1498 silly placeDep ROOT @biomejs/cli-win32-x64@1.9.4 OK for: @biomejs/biome@1.9.4 want: 1.9.4
1499 silly fetch manifest @types/react@*
1500 silly packumentCache full:https://registry.npmjs.org/@types%2freact cache-miss
1501 http fetch GET 200 https://registry.npmjs.org/@types%2freact 15ms (cache hit)
1502 silly packumentCache full:https://registry.npmjs.org/@types%2freact set size:2632776 disposed:false
1503 silly fetch manifest react@^16.8 || ^17.0 || ^18.0 || ^19.0 || ^19.0.0-rc
1504 silly packumentCache full:https://registry.npmjs.org/react cache-miss
1505 http fetch GET 200 https://registry.npmjs.org/react 63ms (cache hit)
1506 silly packumentCache full:https://registry.npmjs.org/react set size:6830011 disposed:false
1507 silly fetch manifest @types/react-dom@*
1508 silly packumentCache full:https://registry.npmjs.org/@types%2freact-dom cache-hit
1509 silly fetch manifest react-dom@^16.8 || ^17.0 || ^18.0 || ^19.0 || ^19.0.0-rc
1510 silly packumentCache full:https://registry.npmjs.org/react-dom cache-miss
1511 http fetch GET 200 https://registry.npmjs.org/react-dom 34ms (cache hit)
1512 silly packumentCache full:https://registry.npmjs.org/react-dom set size:9160340 disposed:false
1513 silly placeDep ROOT @radix-ui/primitive@1.1.7 OK for: @radix-ui/react-accordion@1.2.20 want: 1.1.7
1514 silly placeDep ROOT @radix-ui/react-collection@1.1.15 OK for: @radix-ui/react-accordion@1.2.20 want: 1.1.15
1515 silly placeDep ROOT @radix-ui/react-compose-refs@1.1.5 OK for: @radix-ui/react-accordion@1.2.20 want: 1.1.5
1516 silly placeDep ROOT @radix-ui/react-context@1.2.2 OK for: @radix-ui/react-accordion@1.2.20 want: 1.2.2
1517 silly placeDep ROOT @radix-ui/react-direction@1.1.4 OK for: @radix-ui/react-accordion@1.2.20 want: 1.1.4
1518 silly placeDep ROOT @radix-ui/react-id@1.1.4 OK for: @radix-ui/react-accordion@1.2.20 want: 1.1.4
1519 silly placeDep ROOT @radix-ui/react-primitive@2.1.10 OK for: @radix-ui/react-accordion@1.2.20 want: 2.1.10
1520 silly placeDep ROOT @radix-ui/react-use-controllable-state@1.2.6 OK for: @radix-ui/react-accordion@1.2.20 want: 1.2.6
1521 silly fetch manifest @radix-ui/react-use-effect-event@0.0.5
1522 silly packumentCache full:https://registry.npmjs.org/@radix-ui%2freact-use-effect-event cache-miss
1523 http fetch GET 200 https://registry.npmjs.org/@radix-ui%2freact-use-effect-event 5ms (cache hit)
1524 silly packumentCache full:https://registry.npmjs.org/@radix-ui%2freact-use-effect-event set size:58358 disposed:false
1525 silly placeDep ROOT @radix-ui/react-use-callback-ref@1.1.4 OK for: @radix-ui/react-avatar@1.2.6 want: 1.1.4
1526 silly placeDep ROOT @radix-ui/react-use-is-hydrated@0.1.3 OK for: @radix-ui/react-avatar@1.2.6 want: 0.1.3
1527 silly placeDep ROOT @radix-ui/react-use-layout-effect@1.1.4 OK for: @radix-ui/react-avatar@1.2.6 want: 1.1.4
1528 silly placeDep ROOT @radix-ui/react-presence@1.1.10 OK for: @radix-ui/react-checkbox@1.3.11 want: 1.1.10
1529 silly placeDep ROOT @radix-ui/react-use-size@1.1.4 OK for: @radix-ui/react-checkbox@1.3.11 want: 1.1.4
1530 silly placeDep ROOT @radix-ui/react-menu@2.1.24 OK for: @radix-ui/react-context-menu@2.3.7 want: 2.1.24
1531 silly placeDep ROOT @radix-ui/react-dismissable-layer@1.1.19 OK for: @radix-ui/react-dialog@1.1.23 want: 1.1.19
1532 silly placeDep ROOT @radix-ui/react-focus-guards@1.1.6 OK for: @radix-ui/react-dialog@1.1.23 want: 1.1.6
1533 silly placeDep ROOT @radix-ui/react-focus-scope@1.1.16 OK for: @radix-ui/react-dialog@1.1.23 want: 1.1.16
1534 silly placeDep ROOT @radix-ui/react-portal@1.1.17 OK for: @radix-ui/react-dialog@1.1.23 want: 1.1.17
1535 silly placeDep ROOT aria-hidden@1.2.6 OK for: @radix-ui/react-dialog@1.1.23 want: ^1.2.4
1536 silly placeDep ROOT react-remove-scroll@2.7.2 OK for: @radix-ui/react-dialog@1.1.23 want: ^2.7.2
1537 silly fetch manifest tslib@^2.0.0
1538 silly packumentCache full:https://registry.npmjs.org/tslib cache-hit
1539 silly fetch manifest react-remove-scroll-bar@^2.3.7
1540 silly packumentCache full:https://registry.npmjs.org/react-remove-scroll-bar cache-miss
1541 silly fetch manifest react-style-singleton@^2.2.3
1542 silly packumentCache full:https://registry.npmjs.org/react-style-singleton cache-miss
1543 silly fetch manifest use-callback-ref@^1.3.3
1544 silly packumentCache full:https://registry.npmjs.org/use-callback-ref cache-miss
1545 silly fetch manifest use-sidecar@^1.1.3
1546 silly packumentCache full:https://registry.npmjs.org/use-sidecar cache-miss
1547 http fetch GET 200 https://registry.npmjs.org/react-remove-scroll-bar 17ms (cache hit)
1548 silly packumentCache full:https://registry.npmjs.org/react-remove-scroll-bar set size:66434 disposed:false
1549 http fetch GET 200 https://registry.npmjs.org/use-callback-ref 18ms (cache hit)
1550 silly packumentCache full:https://registry.npmjs.org/use-callback-ref set size:47599 disposed:false
1551 http fetch GET 200 https://registry.npmjs.org/react-style-singleton 22ms (cache hit)
1552 silly packumentCache full:https://registry.npmjs.org/react-style-singleton set size:33682 disposed:false
1553 http fetch GET 200 https://registry.npmjs.org/use-sidecar 19ms (cache hit)
1554 silly packumentCache full:https://registry.npmjs.org/use-sidecar set size:58998 disposed:false
1555 silly placeDep ROOT @radix-ui/react-use-effect-event@0.0.5 OK for: @radix-ui/react-dismissable-layer@1.1.19 want: 0.0.5
1556 silly placeDep ROOT @radix-ui/react-popper@1.3.7 OK for: @radix-ui/react-hover-card@1.1.23 want: 1.3.7
1557 silly fetch manifest @radix-ui/rect@1.1.3
1558 silly packumentCache full:https://registry.npmjs.org/@radix-ui%2frect cache-miss
1559 silly fetch manifest @radix-ui/react-arrow@1.1.15
1560 silly packumentCache full:https://registry.npmjs.org/@radix-ui%2freact-arrow cache-miss
1561 silly fetch manifest @floating-ui/react-dom@^2.0.0
1562 silly packumentCache full:https://registry.npmjs.org/@floating-ui%2freact-dom cache-miss
1563 silly fetch manifest @radix-ui/react-use-rect@1.1.4
1564 silly packumentCache full:https://registry.npmjs.org/@radix-ui%2freact-use-rect cache-miss
1565 http fetch GET 200 https://registry.npmjs.org/@radix-ui%2freact-arrow 22ms (cache hit)
1566 silly packumentCache full:https://registry.npmjs.org/@radix-ui%2freact-arrow set size:710835 disposed:false
1567 http fetch GET 200 https://registry.npmjs.org/@floating-ui%2freact-dom 33ms (cache hit)
1568 silly packumentCache full:https://registry.npmjs.org/@floating-ui%2freact-dom set size:168230 disposed:false
1569 http fetch GET 200 https://registry.npmjs.org/@radix-ui%2freact-use-rect 35ms (cache hit)
1570 silly packumentCache full:https://registry.npmjs.org/@radix-ui%2freact-use-rect set size:259639 disposed:false
1571 http fetch GET 200 https://registry.npmjs.org/@radix-ui%2frect 49ms (cache hit)
1572 silly packumentCache full:https://registry.npmjs.org/@radix-ui%2frect set size:127893 disposed:false
1573 silly placeDep ROOT @radix-ui/react-roving-focus@1.1.19 OK for: @radix-ui/react-menu@2.1.24 want: 1.1.19
1574 silly placeDep ROOT @radix-ui/react-use-previous@1.1.4 OK for: @radix-ui/react-navigation-menu@1.2.22 want: 1.1.4
1575 silly placeDep ROOT @radix-ui/react-visually-hidden@1.2.11 OK for: @radix-ui/react-navigation-menu@1.2.22 want: 1.2.11
1576 silly placeDep ROOT @floating-ui/react-dom@2.1.9 OK for: @radix-ui/react-popper@1.3.7 want: ^2.0.0
1577 silly placeDep ROOT @radix-ui/react-arrow@1.1.15 OK for: @radix-ui/react-popper@1.3.7 want: 1.1.15
1578 silly placeDep ROOT @radix-ui/react-use-rect@1.1.4 OK for: @radix-ui/react-popper@1.3.7 want: 1.1.4
1579 silly placeDep ROOT @radix-ui/rect@1.1.3 OK for: @radix-ui/react-popper@1.3.7 want: 1.1.3
1580 silly fetch manifest @floating-ui/dom@^1.8.0
1581 silly packumentCache full:https://registry.npmjs.org/@floating-ui%2fdom cache-miss
1582 http fetch GET 200 https://registry.npmjs.org/@floating-ui%2fdom 13ms (cache hit)
1583 silly packumentCache full:https://registry.npmjs.org/@floating-ui%2fdom set size:254552 disposed:false
1584 silly placeDep ROOT @floating-ui/dom@1.8.0 OK for: @floating-ui/react-dom@2.1.9 want: ^1.8.0
1585 silly fetch manifest @floating-ui/core@^1.8.0
1586 silly packumentCache full:https://registry.npmjs.org/@floating-ui%2fcore cache-miss
1587 silly fetch manifest @floating-ui/utils@^0.2.12
1588 silly packumentCache full:https://registry.npmjs.org/@floating-ui%2futils cache-miss
1589 http fetch GET 200 https://registry.npmjs.org/@floating-ui%2futils 10ms (cache hit)
1590 silly packumentCache full:https://registry.npmjs.org/@floating-ui%2futils set size:54354 disposed:false
1591 http fetch GET 200 https://registry.npmjs.org/@floating-ui%2fcore 16ms (cache hit)
1592 silly packumentCache full:https://registry.npmjs.org/@floating-ui%2fcore set size:182076 disposed:false
1593 silly placeDep ROOT @floating-ui/core@1.8.0 OK for: @floating-ui/dom@1.8.0 want: ^1.8.0
1594 silly placeDep ROOT @floating-ui/utils@0.2.12 OK for: @floating-ui/dom@1.8.0 want: ^0.2.12
1595 silly placeDep ROOT @radix-ui/number@1.1.3 OK for: @radix-ui/react-scroll-area@1.2.18 want: 1.1.3
1596 silly fetch manifest three@>=0.139
1597 silly packumentCache full:https://registry.npmjs.org/three cache-hit
1598 silly fetch manifest typescript@>=3.8
1599 silly packumentCache full:https://registry.npmjs.org/typescript cache-miss
1600 http fetch GET 200 https://registry.npmjs.org/typescript 48ms (cache hit)
1601 silly packumentCache full:https://registry.npmjs.org/typescript set size:15480461 disposed:false
1602 silly placeDep ROOT @pmndrs/cannon-worker-api@2.4.0 OK for: @react-three/cannon@6.6.0 want: ^2.4.0
1603 silly placeDep ROOT cannon-es@0.20.0 OK for: @react-three/cannon@6.6.0 want: ^0.20.0
1604 silly placeDep ROOT cannon-es-debugger@1.0.0 OK for: @react-three/cannon@6.6.0 want: ^1.0.0
1605 silly fetch manifest @types/three@>=0.134.0
1606 silly packumentCache full:https://registry.npmjs.org/@types%2fthree cache-hit
1607 silly fetch manifest three@>=0.159
1608 silly packumentCache full:https://registry.npmjs.org/three cache-hit
1609 silly fetch manifest react@^19
1610 silly packumentCache full:https://registry.npmjs.org/react cache-miss
1611 http fetch GET 200 https://registry.npmjs.org/react 45ms (cache hit)
1612 silly packumentCache full:https://registry.npmjs.org/react set size:6830011 disposed:false
1613 silly placeDep ROOT @babel/runtime@7.29.7 OK for: @react-three/drei@10.0.8 want: ^7.26.0
1614 silly placeDep ROOT @mediapipe/tasks-vision@0.10.17 OK for: @react-three/drei@10.0.8 want: 0.10.17
1615 silly placeDep ROOT @monogrid/gainmap-js@3.4.0 OK for: @react-three/drei@10.0.8 want: ^3.0.6
1616 silly placeDep ROOT @use-gesture/react@10.3.1 OK for: @react-three/drei@10.0.8 want: ^10.3.1
1617 silly placeDep ROOT camera-controls@2.10.1 OK for: @react-three/drei@10.0.8 want: ^2.9.0
1618 silly placeDep ROOT cross-env@7.0.3 OK for: @react-three/drei@10.0.8 want: ^7.0.3
1619 silly placeDep ROOT detect-gpu@5.0.70 OK for: @react-three/drei@10.0.8 want: ^5.0.56
1620 silly placeDep ROOT glsl-noise@0.0.0 OK for: @react-three/drei@10.0.8 want: ^0.0.0
1621 silly placeDep ROOT hls.js@1.6.16 OK for: @react-three/drei@10.0.8 want: ^1.5.17
1622 silly placeDep ROOT maath@0.10.8 OK for: @react-three/drei@10.0.8 want: ^0.10.8
1623 silly placeDep ROOT meshline@3.3.1 OK for: @react-three/drei@10.0.8 want: ^3.3.1
1624 silly placeDep ROOT stats-gl@2.4.2 OK for: @react-three/drei@10.0.8 want: ^2.2.8
1625 silly placeDep ROOT stats.js@0.17.0 OK for: @react-three/drei@10.0.8 want: ^0.17.0
1626 silly placeDep ROOT suspend-react@0.1.3 OK for: @react-three/drei@10.0.8 want: ^0.1.3
1627 silly placeDep ROOT three-mesh-bvh@0.8.3 OK for: @react-three/drei@10.0.8 want: ^0.8.3
1628 silly placeDep ROOT three-stdlib@2.36.1 OK for: @react-three/drei@10.0.8 want: ^2.35.6
1629 silly placeDep ROOT troika-three-text@0.52.5 OK for: @react-three/drei@10.0.8 want: ^0.52.4
1630 silly placeDep ROOT tunnel-rat@0.1.2 OK for: @react-three/drei@10.0.8 want: ^0.1.2
1631 silly placeDep ROOT use-sync-external-store@1.6.0 OK for: @react-three/drei@10.0.8 want: ^1.4.0
1632 silly placeDep ROOT utility-types@3.11.0 OK for: @react-three/drei@10.0.8 want: ^3.11.0
1633 silly fetch manifest promise-worker-transferable@^1.0.4
1634 silly packumentCache full:https://registry.npmjs.org/promise-worker-transferable cache-miss
1635 silly fetch manifest @use-gesture/core@10.3.1
1636 silly packumentCache full:https://registry.npmjs.org/@use-gesture%2fcore cache-miss
1637 silly fetch manifest cross-spawn@^7.0.1
1638 silly packumentCache full:https://registry.npmjs.org/cross-spawn cache-hit
1639 silly fetch manifest webgl-constants@^1.1.1
1640 silly packumentCache full:https://registry.npmjs.org/webgl-constants cache-miss
1641 silly fetch manifest three@^0.170.0
1642 silly packumentCache full:https://registry.npmjs.org/three cache-hit
1643 silly fetch manifest @types/draco3d@^1.4.0
1644 silly packumentCache full:https://registry.npmjs.org/@types%2fdraco3d cache-miss
1645 silly fetch manifest @types/offscreencanvas@^2019.6.4
1646 silly packumentCache full:https://registry.npmjs.org/@types%2foffscreencanvas cache-miss
1647 silly fetch manifest @types/webxr@^0.5.2
1648 silly packumentCache full:https://registry.npmjs.org/@types%2fwebxr cache-hit
1649 silly fetch manifest draco3d@^1.4.1
1650 silly packumentCache full:https://registry.npmjs.org/draco3d cache-miss
1651 silly fetch manifest fflate@^0.6.9
1652 silly packumentCache full:https://registry.npmjs.org/fflate cache-hit
1653 silly fetch manifest potpack@^1.0.1
1654 silly packumentCache full:https://registry.npmjs.org/potpack cache-miss
1655 silly fetch manifest bidi-js@^1.0.2
1656 silly packumentCache full:https://registry.npmjs.org/bidi-js cache-miss
1657 silly fetch manifest troika-three-utils@^0.52.5
1658 silly packumentCache full:https://registry.npmjs.org/troika-three-utils cache-miss
1659 silly fetch manifest troika-worker-utils@^0.52.0
1660 silly packumentCache full:https://registry.npmjs.org/troika-worker-utils cache-miss
1661 silly fetch manifest webgl-sdf-generator@1.1.1
1662 silly packumentCache full:https://registry.npmjs.org/webgl-sdf-generator cache-miss
1663 silly fetch manifest zustand@^4.3.2
1664 silly packumentCache full:https://registry.npmjs.org/zustand cache-hit
1665 http fetch GET 200 https://registry.npmjs.org/promise-worker-transferable 57ms (cache hit)
1666 silly packumentCache full:https://registry.npmjs.org/promise-worker-transferable set size:20096 disposed:false
1667 http fetch GET 200 https://registry.npmjs.org/@use-gesture%2fcore 56ms (cache hit)
1668 silly packumentCache full:https://registry.npmjs.org/@use-gesture%2fcore set size:167010 disposed:false
1669 http fetch GET 200 https://registry.npmjs.org/@types%2fdraco3d 53ms (cache hit)
1670 silly packumentCache full:https://registry.npmjs.org/@types%2fdraco3d set size:20831 disposed:false
1671 http fetch GET 200 https://registry.npmjs.org/bidi-js 44ms (cache hit)
1672 silly packumentCache full:https://registry.npmjs.org/bidi-js set size:17389 disposed:false
1673 http fetch GET 200 https://registry.npmjs.org/webgl-constants 58ms (cache hit)
1674 silly packumentCache full:https://registry.npmjs.org/webgl-constants set size:38477 disposed:false
1675 http fetch GET 200 https://registry.npmjs.org/@types%2foffscreencanvas 54ms (cache hit)
1676 silly packumentCache full:https://registry.npmjs.org/@types%2foffscreencanvas set size:23312 disposed:false
1677 http fetch GET 200 https://registry.npmjs.org/potpack 53ms (cache hit)
1678 silly packumentCache full:https://registry.npmjs.org/potpack set size:14910 disposed:false
1679 http fetch GET 200 https://registry.npmjs.org/draco3d 58ms (cache hit)
1680 silly packumentCache full:https://registry.npmjs.org/draco3d set size:62198 disposed:false
1681 http fetch GET 200 https://registry.npmjs.org/troika-three-utils 52ms (cache hit)
1682 silly packumentCache full:https://registry.npmjs.org/troika-three-utils set size:116350 disposed:false
1683 http fetch GET 200 https://registry.npmjs.org/troika-worker-utils 53ms (cache hit)
1684 silly packumentCache full:https://registry.npmjs.org/troika-worker-utils set size:119961 disposed:false
1685 http fetch GET 200 https://registry.npmjs.org/webgl-sdf-generator 53ms (cache hit)
1686 silly packumentCache full:https://registry.npmjs.org/webgl-sdf-generator set size:17316 disposed:false
1687 silly placeDep ROOT promise-worker-transferable@1.0.4 OK for: @monogrid/gainmap-js@3.4.0 want: ^1.0.4
1688 silly fetch manifest is-promise@^2.1.0
1689 silly packumentCache full:https://registry.npmjs.org/is-promise cache-miss
1690 silly fetch manifest lie@^3.0.2
1691 silly packumentCache full:https://registry.npmjs.org/lie cache-miss
1692 http fetch GET 200 https://registry.npmjs.org/is-promise 12ms (cache hit)
1693 silly packumentCache full:https://registry.npmjs.org/is-promise set size:18599 disposed:false
1694 http fetch GET 200 https://registry.npmjs.org/lie 12ms (cache hit)
1695 silly packumentCache full:https://registry.npmjs.org/lie set size:93874 disposed:false
1696 silly fetch manifest react@^19.0.0
1697 silly packumentCache full:https://registry.npmjs.org/react cache-miss
1698 http fetch GET 200 https://registry.npmjs.org/react 20ms (cache hit)
1699 silly packumentCache full:https://registry.npmjs.org/react set size:6830011 disposed:false
1700 silly fetch manifest react-dom@^19.0.0
1701 silly packumentCache full:https://registry.npmjs.org/react-dom cache-miss
1702 http fetch GET 200 https://registry.npmjs.org/react-dom 34ms (cache hit)
1703 silly packumentCache full:https://registry.npmjs.org/react-dom set size:9160340 disposed:false
1704 silly placeDep ROOT @types/react-reconciler@0.28.9 OK for: @react-three/fiber@9.1.4 want: ^0.28.9
1705 silly placeDep ROOT @types/webxr@0.5.24 OK for: @react-three/fiber@9.1.4 want: *
1706 silly placeDep ROOT base64-js@1.5.1 OK for: @react-three/fiber@9.1.4 want: ^1.5.1
1707 silly placeDep ROOT buffer@6.0.3 OK for: @react-three/fiber@9.1.4 want: ^6.0.3
1708 silly placeDep ROOT its-fine@2.0.0 OK for: @react-three/fiber@9.1.4 want: ^2.0.0
1709 silly placeDep ROOT react-reconciler@0.31.0 OK for: @react-three/fiber@9.1.4 want: ^0.31.0
1710 silly placeDep ROOT react-use-measure@2.1.7 OK for: @react-three/fiber@9.1.4 want: ^2.1.7
1711 silly placeDep ROOT scheduler@0.25.0 OK for: @react-three/fiber@9.1.4 want: ^0.25.0
1712 silly fetch manifest ieee754@^1.2.1
1713 silly packumentCache full:https://registry.npmjs.org/ieee754 cache-miss
1714 http fetch GET 200 https://registry.npmjs.org/ieee754 5ms (cache hit)
1715 silly packumentCache full:https://registry.npmjs.org/ieee754 set size:34910 disposed:false
1716 silly placeDep ROOT lodash.castarray@4.4.0 OK for: @tailwindcss/typography@0.5.10 want: ^4.4.0
1717 silly placeDep ROOT lodash.isplainobject@4.0.6 OK for: @tailwindcss/typography@0.5.10 want: ^4.0.6
1718 silly placeDep ROOT lodash.merge@4.6.2 OK for: @tailwindcss/typography@0.5.10 want: ^4.6.2
1719 silly placeDep ROOT postcss-selector-parser@6.0.10 OK for: @tailwindcss/typography@0.5.10 want: 6.0.10
1720 silly fetch manifest cssesc@^3.0.0
1721 silly packumentCache full:https://registry.npmjs.org/cssesc cache-miss
1722 silly fetch manifest util-deprecate@^1.0.2
1723 silly packumentCache full:https://registry.npmjs.org/util-deprecate cache-miss
1724 http fetch GET 200 https://registry.npmjs.org/cssesc 10ms (cache hit)
1725 silly packumentCache full:https://registry.npmjs.org/cssesc set size:18815 disposed:false
1726 http fetch GET 200 https://registry.npmjs.org/util-deprecate 10ms (cache hit)
1727 silly packumentCache full:https://registry.npmjs.org/util-deprecate set size:6674 disposed:false
1728 silly placeDep ROOT @tanstack/query-core@5.101.4 OK for: @tanstack/react-query@5.101.4 want: 5.101.4
1729 silly fetch manifest react@>=18.0.0 || >=19.0.0
1730 silly packumentCache full:https://registry.npmjs.org/react cache-miss
1731 http fetch GET 200 https://registry.npmjs.org/react 22ms (cache hit)
1732 silly packumentCache full:https://registry.npmjs.org/react set size:6830011 disposed:false
1733 silly fetch manifest react-dom@>=18.0.0 || >=19.0.0
1734 silly packumentCache full:https://registry.npmjs.org/react-dom cache-miss
1735 http fetch GET 200 https://registry.npmjs.org/react-dom 36ms (cache hit)
1736 silly packumentCache full:https://registry.npmjs.org/react-dom set size:9160340 disposed:false
1737 silly placeDep ROOT @tanstack/history@1.131.2 OK for: @tanstack/react-router@1.131.50 want: 1.131.2
1738 silly placeDep ROOT @tanstack/react-store@0.7.7 OK for: @tanstack/react-router@1.131.50 want: ^0.7.0
1739 silly placeDep ROOT @tanstack/router-core@1.131.50 OK for: @tanstack/react-router@1.131.50 want: 1.131.50
1740 silly placeDep ROOT isbot@5.2.1 OK for: @tanstack/react-router@1.131.50 want: ^5.1.22
1741 silly placeDep ROOT tiny-invariant@1.3.3 OK for: @tanstack/react-router@1.131.50 want: ^1.3.3
1742 silly placeDep ROOT tiny-warning@1.0.3 OK for: @tanstack/react-router@1.131.50 want: ^1.0.3
1743 silly fetch manifest @tanstack/store@0.7.7
1744 silly packumentCache full:https://registry.npmjs.org/@tanstack%2fstore cache-miss
1745 silly fetch manifest seroval@^1.3.2
1746 silly packumentCache full:https://registry.npmjs.org/seroval cache-miss
1747 silly fetch manifest cookie-es@^1.2.2
1748 silly packumentCache full:https://registry.npmjs.org/cookie-es cache-miss
1749 silly fetch manifest @tanstack/store@^0.7.0
1750 silly packumentCache full:https://registry.npmjs.org/@tanstack%2fstore cache-miss
1751 silly fetch manifest seroval-plugins@^1.3.2
1752 silly packumentCache full:https://registry.npmjs.org/seroval-plugins cache-miss
1753 http fetch GET 200 https://registry.npmjs.org/seroval 22ms (cache hit)
1754 silly packumentCache full:https://registry.npmjs.org/seroval set size:214734 disposed:false
1755 http fetch GET 200 https://registry.npmjs.org/seroval-plugins 20ms (cache hit)
1756 silly packumentCache full:https://registry.npmjs.org/seroval-plugins set size:61806 disposed:false
1757 http fetch GET 200 https://registry.npmjs.org/@tanstack%2fstore 33ms (cache hit)
1758 silly packumentCache full:https://registry.npmjs.org/@tanstack%2fstore set size:166796 disposed:false
1759 http fetch GET 200 https://registry.npmjs.org/cookie-es 31ms (cache hit)
1760 silly packumentCache full:https://registry.npmjs.org/cookie-es set size:30011 disposed:false
1761 http fetch GET 200 https://registry.npmjs.org/@tanstack%2fstore 29ms (cache hit)
1762 silly packumentCache full:https://registry.npmjs.org/@tanstack%2fstore set size:166796 disposed:false
1763 silly packumentCache full:https://registry.npmjs.org/@tanstack%2fstore dispose
1764 silly placeDep ROOT @tanstack/store@0.7.7 OK for: @tanstack/react-store@0.7.7 want: 0.7.7
1765 silly placeDep ROOT cookie-es@1.2.3 OK for: @tanstack/router-core@1.131.50 want: ^1.2.2
1766 silly placeDep ROOT seroval@1.5.6 OK for: @tanstack/router-core@1.131.50 want: ^1.3.2
1767 silly placeDep ROOT seroval-plugins@1.5.6 OK for: @tanstack/router-core@1.131.50 want: ^1.3.2
1768 silly placeDep ROOT undici-types@6.21.0 OK for: @types/node@20.19.43 want: ~6.21.0
1769 silly placeDep ROOT csstype@3.2.3 OK for: @types/react@19.1.17 want: ^3.0.2
1770 silly placeDep ROOT @dimforge/rapier3d-compat@0.12.0 OK for: @types/three@0.176.0 want: ^0.12.0
1771 silly placeDep ROOT @tweenjs/tween.js@23.1.3 OK for: @types/three@0.176.0 want: ~23.1.3
1772 silly placeDep ROOT @types/stats.js@0.17.4 OK for: @types/three@0.176.0 want: *
1773 silly placeDep ROOT @webgpu/types@0.1.71 OK for: @types/three@0.176.0 want: *
1774 silly placeDep ROOT fflate@0.8.3 OK for: @types/three@0.176.0 want: ~0.8.2
1775 silly placeDep ROOT meshoptimizer@0.18.1 OK for: @types/three@0.176.0 want: ~0.18.1
1776 silly placeDep ROOT @use-gesture/core@10.3.1 OK for: @use-gesture/react@10.3.1 want: 10.3.1
1777 silly placeDep ROOT @babel/core@7.29.7 OK for: @vitejs/plugin-react@4.7.0 want: ^7.28.0
1778 silly placeDep ROOT @babel/plugin-transform-react-jsx-self@7.29.7 OK for: @vitejs/plugin-react@4.7.0 want: ^7.27.1
1779 silly placeDep ROOT @babel/plugin-transform-react-jsx-source@7.29.7 OK for: @vitejs/plugin-react@4.7.0 want: ^7.27.1
1780 silly placeDep ROOT @rolldown/pluginutils@1.0.0-beta.27 OK for: @vitejs/plugin-react@4.7.0 want: 1.0.0-beta.27
1781 silly placeDep ROOT @types/babel__core@7.20.5 OK for: @vitejs/plugin-react@4.7.0 want: ^7.20.5
1782 silly placeDep ROOT react-refresh@0.17.0 OK for: @vitejs/plugin-react@4.7.0 want: ^0.17.0
1783 silly fetch manifest debug@^4.1.0
1784 silly packumentCache full:https://registry.npmjs.org/debug cache-miss
1785 silly fetch manifest json5@^2.2.3
1786 silly packumentCache full:https://registry.npmjs.org/json5 cache-miss
1787 silly fetch manifest semver@^6.3.1
1788 silly packumentCache full:https://registry.npmjs.org/semver cache-miss
1789 silly fetch manifest gensync@^1.0.0-beta.2
1790 silly packumentCache full:https://registry.npmjs.org/gensync cache-miss
1791 silly fetch manifest @babel/types@^7.29.7
1792 silly packumentCache full:https://registry.npmjs.org/@babel%2ftypes cache-miss
1793 silly fetch manifest @babel/parser@^7.29.7
1794 silly packumentCache full:https://registry.npmjs.org/@babel%2fparser cache-miss
1795 silly fetch manifest @babel/helpers@^7.29.7
1796 silly packumentCache full:https://registry.npmjs.org/@babel%2fhelpers cache-miss
1797 silly fetch manifest @babel/template@^7.29.7
1798 silly packumentCache full:https://registry.npmjs.org/@babel%2ftemplate cache-miss
1799 silly fetch manifest @babel/traverse@^7.29.7
1800 silly packumentCache full:https://registry.npmjs.org/@babel%2ftraverse cache-miss
1801 silly fetch manifest @babel/generator@^7.29.7
1802 silly packumentCache full:https://registry.npmjs.org/@babel%2fgenerator cache-miss
1803 silly fetch manifest @babel/code-frame@^7.29.7
1804 silly packumentCache full:https://registry.npmjs.org/@babel%2fcode-frame cache-miss
1805 silly fetch manifest convert-source-map@^2.0.0
1806 silly packumentCache full:https://registry.npmjs.org/convert-source-map cache-miss
1807 silly fetch manifest @jridgewell/remapping@^2.3.5
1808 silly packumentCache full:https://registry.npmjs.org/@jridgewell%2fremapping cache-miss
1809 silly fetch manifest @babel/helper-module-transforms@^7.29.7
1810 silly packumentCache full:https://registry.npmjs.org/@babel%2fhelper-module-transforms cache-miss
1811 silly fetch manifest @babel/helper-compilation-targets@^7.29.7
1812 silly packumentCache full:https://registry.npmjs.org/@babel%2fhelper-compilation-targets cache-miss
1813 silly fetch manifest @babel/helper-plugin-utils@^7.29.7
1814 silly packumentCache full:https://registry.npmjs.org/@babel%2fhelper-plugin-utils cache-miss
1815 silly fetch manifest @babel/helper-plugin-utils@^7.29.7
1816 silly packumentCache full:https://registry.npmjs.org/@babel%2fhelper-plugin-utils cache-miss
1817 silly fetch manifest @babel/types@^7.20.7
1818 silly packumentCache full:https://registry.npmjs.org/@babel%2ftypes cache-miss
1819 silly fetch manifest @babel/parser@^7.20.7
1820 silly packumentCache full:https://registry.npmjs.org/@babel%2fparser cache-miss
1821 silly fetch manifest @types/babel__template@*
1822 silly packumentCache full:https://registry.npmjs.org/@types%2fbabel__template cache-miss
1823 silly fetch manifest @types/babel__traverse@*
1824 silly packumentCache full:https://registry.npmjs.org/@types%2fbabel__traverse cache-miss
1825 silly fetch manifest @types/babel__generator@*
1826 silly packumentCache full:https://registry.npmjs.org/@types%2fbabel__generator cache-miss
1827 http fetch GET 200 https://registry.npmjs.org/debug 135ms (cache hit)
1828 silly packumentCache full:https://registry.npmjs.org/debug set size:195840 disposed:false
1829 http fetch GET 200 https://registry.npmjs.org/json5 175ms (cache hit)
1830 silly packumentCache full:https://registry.npmjs.org/json5 set size:86136 disposed:false
1831 http fetch GET 200 https://registry.npmjs.org/gensync 175ms (cache hit)
1832 silly packumentCache full:https://registry.npmjs.org/gensync set size:15068 disposed:false
1833 http fetch GET 200 https://registry.npmjs.org/semver 179ms (cache hit)
1834 silly packumentCache full:https://registry.npmjs.org/semver set size:246069 disposed:false
1835 http fetch GET 200 https://registry.npmjs.org/@babel%2ftemplate 177ms (cache hit)
1836 silly packumentCache full:https://registry.npmjs.org/@babel%2ftemplate set size:237074 disposed:false
1837 http fetch GET 200 https://registry.npmjs.org/@babel%2fhelpers 186ms (cache hit)
1838 silly packumentCache full:https://registry.npmjs.org/@babel%2fhelpers set size:398496 disposed:false
1839 http fetch GET 200 https://registry.npmjs.org/@babel%2fcode-frame 187ms (cache hit)
1840 silly packumentCache full:https://registry.npmjs.org/@babel%2fcode-frame set size:206617 disposed:false
1841 http fetch GET 200 https://registry.npmjs.org/@babel%2ftraverse 198ms (cache hit)
1842 silly packumentCache full:https://registry.npmjs.org/@babel%2ftraverse set size:562384 disposed:false
1843 http fetch GET 200 https://registry.npmjs.org/@babel%2ftypes 216ms (cache hit)
1844 silly packumentCache full:https://registry.npmjs.org/@babel%2ftypes set size:500625 disposed:false
1845 http fetch GET 200 https://registry.npmjs.org/@babel%2fgenerator 218ms (cache hit)
1846 silly packumentCache full:https://registry.npmjs.org/@babel%2fgenerator set size:520504 disposed:false
1847 http fetch GET 200 https://registry.npmjs.org/@babel%2fhelper-compilation-targets 220ms (cache hit)
1848 silly packumentCache full:https://registry.npmjs.org/@babel%2fhelper-compilation-targets set size:229541 disposed:false
1849 http fetch GET 200 https://registry.npmjs.org/convert-source-map 252ms (cache hit)
1850 silly packumentCache full:https://registry.npmjs.org/convert-source-map set size:66997 disposed:false
1851 http fetch GET 200 https://registry.npmjs.org/@babel%2fhelper-plugin-utils 249ms (cache hit)
1852 silly packumentCache full:https://registry.npmjs.org/@babel%2fhelper-plugin-utils set size:175564 disposed:false
1853 http fetch GET 200 https://registry.npmjs.org/@babel%2fhelper-plugin-utils 252ms (cache hit)
1854 silly packumentCache full:https://registry.npmjs.org/@babel%2fhelper-plugin-utils set size:175564 disposed:false
1855 silly packumentCache full:https://registry.npmjs.org/@babel%2fhelper-plugin-utils dispose
1856 http fetch GET 200 https://registry.npmjs.org/@jridgewell%2fremapping 264ms (cache hit)
1857 silly packumentCache full:https://registry.npmjs.org/@jridgewell%2fremapping set size:23809 disposed:false
1858 http fetch GET 200 https://registry.npmjs.org/@babel%2fhelper-module-transforms 264ms (cache hit)
1859 silly packumentCache full:https://registry.npmjs.org/@babel%2fhelper-module-transforms set size:346454 disposed:false
1860 http fetch GET 200 https://registry.npmjs.org/@types%2fbabel__template 259ms (cache hit)
1861 silly packumentCache full:https://registry.npmjs.org/@types%2fbabel__template set size:22631 disposed:false
1862 http fetch GET 200 https://registry.npmjs.org/@babel%2ftypes 265ms (cache hit)
1863 silly packumentCache full:https://registry.npmjs.org/@babel%2ftypes set size:500625 disposed:false
1864 silly packumentCache full:https://registry.npmjs.org/@babel%2ftypes dispose
1865 http fetch GET 200 https://registry.npmjs.org/@babel%2fparser 282ms (cache hit)
1866 silly packumentCache full:https://registry.npmjs.org/@babel%2fparser set size:735431 disposed:false
1867 http fetch GET 200 https://registry.npmjs.org/@types%2fbabel__traverse 295ms (cache hit)
1868 silly packumentCache full:https://registry.npmjs.org/@types%2fbabel__traverse set size:107819 disposed:false
1869 http fetch GET 200 https://registry.npmjs.org/@babel%2fparser 325ms (cache hit)
1870 silly packumentCache full:https://registry.npmjs.org/@babel%2fparser set size:735431 disposed:false
1871 silly packumentCache full:https://registry.npmjs.org/@babel%2fparser dispose
1872 http fetch GET 200 https://registry.npmjs.org/@types%2fbabel__generator 344ms (cache hit)
1873 silly packumentCache full:https://registry.npmjs.org/@types%2fbabel__generator set size:31587 disposed:false
1874 silly fetch manifest @babel/core@^7.0.0
1875 silly packumentCache full:https://registry.npmjs.org/@babel%2fcore cache-hit
1876 silly placeDep ROOT @babel/code-frame@7.29.7 OK for: @babel/core@7.29.7 want: ^7.29.7
1877 silly placeDep ROOT @babel/generator@7.29.7 OK for: @babel/core@7.29.7 want: ^7.29.7
1878 silly placeDep ROOT @babel/helper-compilation-targets@7.29.7 OK for: @babel/core@7.29.7 want: ^7.29.7
1879 silly placeDep ROOT @babel/helper-module-transforms@7.29.7 OK for: @babel/core@7.29.7 want: ^7.29.7
1880 silly placeDep ROOT @babel/helpers@7.29.7 OK for: @babel/core@7.29.7 want: ^7.29.7
1881 silly placeDep ROOT @babel/parser@7.29.7 OK for: @babel/core@7.29.7 want: ^7.29.7
1882 silly placeDep ROOT @babel/template@7.29.7 OK for: @babel/core@7.29.7 want: ^7.29.7
1883 silly placeDep ROOT @babel/traverse@7.29.7 OK for: @babel/core@7.29.7 want: ^7.29.7
1884 silly placeDep ROOT @babel/types@7.29.7 OK for: @babel/core@7.29.7 want: ^7.29.7
1885 silly placeDep ROOT @jridgewell/remapping@2.3.5 OK for: @babel/core@7.29.7 want: ^2.3.5
1886 silly placeDep ROOT convert-source-map@2.0.0 OK for: @babel/core@7.29.7 want: ^2.0.0
1887 silly placeDep ROOT debug@4.4.3 OK for: @babel/core@7.29.7 want: ^4.1.0
1888 silly placeDep ROOT gensync@1.0.0-beta.2 OK for: @babel/core@7.29.7 want: ^1.0.0-beta.2
1889 silly placeDep ROOT json5@2.2.3 OK for: @babel/core@7.29.7 want: ^2.2.3
1890 silly placeDep ROOT semver@6.3.1 OK for: @babel/core@7.29.7 want: ^6.3.1
1891 silly fetch manifest js-tokens@^4.0.0
1892 silly packumentCache full:https://registry.npmjs.org/js-tokens cache-miss
1893 silly fetch manifest @babel/helper-validator-identifier@^7.29.7
1894 silly packumentCache full:https://registry.npmjs.org/@babel%2fhelper-validator-identifier cache-miss
1895 silly fetch manifest jsesc@^3.0.2
1896 silly packumentCache full:https://registry.npmjs.org/jsesc cache-miss
1897 silly fetch manifest @jridgewell/gen-mapping@^0.3.12
1898 silly packumentCache full:https://registry.npmjs.org/@jridgewell%2fgen-mapping cache-miss
1899 silly fetch manifest @jridgewell/trace-mapping@^0.3.28
1900 silly packumentCache full:https://registry.npmjs.org/@jridgewell%2ftrace-mapping cache-miss
1901 silly fetch manifest lru-cache@^5.1.1
1902 silly packumentCache full:https://registry.npmjs.org/lru-cache cache-miss
1903 silly fetch manifest browserslist@^4.24.0
1904 silly packumentCache full:https://registry.npmjs.org/browserslist cache-hit
1905 silly fetch manifest @babel/compat-data@^7.29.7
1906 silly packumentCache full:https://registry.npmjs.org/@babel%2fcompat-data cache-miss
1907 silly fetch manifest @babel/helper-validator-option@^7.29.7
1908 silly packumentCache full:https://registry.npmjs.org/@babel%2fhelper-validator-option cache-miss
1909 silly fetch manifest @babel/helper-module-imports@^7.29.7
1910 silly packumentCache full:https://registry.npmjs.org/@babel%2fhelper-module-imports cache-miss
1911 silly fetch manifest @babel/helper-validator-identifier@^7.29.7
1912 silly packumentCache full:https://registry.npmjs.org/@babel%2fhelper-validator-identifier cache-miss
1913 silly fetch manifest debug@^4.3.1
1914 silly packumentCache full:https://registry.npmjs.org/debug cache-hit
1915 silly fetch manifest @babel/helper-globals@^7.29.7
1916 silly packumentCache full:https://registry.npmjs.org/@babel%2fhelper-globals cache-miss
1917 silly fetch manifest @babel/helper-string-parser@^7.29.7
1918 silly packumentCache full:https://registry.npmjs.org/@babel%2fhelper-string-parser cache-miss
1919 silly fetch manifest @babel/helper-validator-identifier@^7.29.7
1920 silly packumentCache full:https://registry.npmjs.org/@babel%2fhelper-validator-identifier cache-miss
1921 silly fetch manifest @jridgewell/gen-mapping@^0.3.5
1922 silly packumentCache full:https://registry.npmjs.org/@jridgewell%2fgen-mapping cache-miss
1923 silly fetch manifest @jridgewell/trace-mapping@^0.3.24
1924 silly packumentCache full:https://registry.npmjs.org/@jridgewell%2ftrace-mapping cache-miss
1925 silly fetch manifest ms@^2.1.3
1926 silly packumentCache full:https://registry.npmjs.org/ms cache-miss
1927 http fetch GET 200 https://registry.npmjs.org/@jridgewell%2ftrace-mapping 100ms (cache hit)
1928 silly packumentCache full:https://registry.npmjs.org/@jridgewell%2ftrace-mapping set size:170909 disposed:false
1929 http fetch GET 200 https://registry.npmjs.org/jsesc 110ms (cache hit)
1930 silly packumentCache full:https://registry.npmjs.org/jsesc set size:61512 disposed:false
1931 http fetch GET 200 https://registry.npmjs.org/js-tokens 166ms (cache hit)
1932 silly packumentCache full:https://registry.npmjs.org/js-tokens set size:41947 disposed:false
1933 http fetch GET 200 https://registry.npmjs.org/lru-cache 106ms (cache hit)
1934 silly packumentCache full:https://registry.npmjs.org/lru-cache set size:460407 disposed:false
1935 http fetch GET 200 https://registry.npmjs.org/@jridgewell%2fgen-mapping 124ms (cache hit)
1936 silly packumentCache full:https://registry.npmjs.org/@jridgewell%2fgen-mapping set size:75941 disposed:false
1937 http fetch GET 200 https://registry.npmjs.org/@babel%2fhelper-validator-identifier 105ms (cache hit)
1938 silly packumentCache full:https://registry.npmjs.org/@babel%2fhelper-validator-identifier set size:130133 disposed:false
1939 http fetch GET 200 https://registry.npmjs.org/@jridgewell%2fgen-mapping 107ms (cache hit)
1940 silly packumentCache full:https://registry.npmjs.org/@jridgewell%2fgen-mapping set size:75941 disposed:false
1941 silly packumentCache full:https://registry.npmjs.org/@jridgewell%2fgen-mapping dispose
1942 http fetch GET 200 https://registry.npmjs.org/@babel%2fhelper-validator-identifier 186ms (cache hit)
1943 silly packumentCache full:https://registry.npmjs.org/@babel%2fhelper-validator-identifier set size:130133 disposed:false
1944 silly packumentCache full:https://registry.npmjs.org/@babel%2fhelper-validator-identifier dispose
1945 http fetch GET 200 https://registry.npmjs.org/@babel%2fhelper-module-imports 123ms (cache hit)
1946 silly packumentCache full:https://registry.npmjs.org/@babel%2fhelper-module-imports set size:203392 disposed:false
1947 http fetch GET 200 https://registry.npmjs.org/@babel%2fhelper-globals 122ms (cache hit)
1948 silly packumentCache full:https://registry.npmjs.org/@babel%2fhelper-globals set size:25155 disposed:false
1949 http fetch GET 200 https://registry.npmjs.org/@babel%2fhelper-string-parser 122ms (cache hit)
1950 silly packumentCache full:https://registry.npmjs.org/@babel%2fhelper-string-parser set size:91563 disposed:false
1951 http fetch GET 200 https://registry.npmjs.org/@babel%2fcompat-data 138ms (cache hit)
1952 silly packumentCache full:https://registry.npmjs.org/@babel%2fcompat-data set size:318807 disposed:false
1953 http fetch GET 200 https://registry.npmjs.org/@babel%2fhelper-validator-identifier 140ms (cache hit)
1954 silly packumentCache full:https://registry.npmjs.org/@babel%2fhelper-validator-identifier set size:130133 disposed:true
1955 silly packumentCache full:https://registry.npmjs.org/@babel%2fhelper-validator-identifier dispose
1956 http fetch GET 200 https://registry.npmjs.org/@babel%2fhelper-validator-option 148ms (cache hit)
1957 silly packumentCache full:https://registry.npmjs.org/@babel%2fhelper-validator-option set size:101303 disposed:false
1958 http fetch GET 200 https://registry.npmjs.org/@jridgewell%2ftrace-mapping 135ms (cache hit)
1959 silly packumentCache full:https://registry.npmjs.org/@jridgewell%2ftrace-mapping set size:170909 disposed:false
1960 silly packumentCache full:https://registry.npmjs.org/@jridgewell%2ftrace-mapping dispose
1961 http fetch GET 200 https://registry.npmjs.org/ms 169ms (cache hit)
1962 silly packumentCache full:https://registry.npmjs.org/ms set size:92208 disposed:false
1963 silly placeDep ROOT @babel/helper-validator-identifier@7.29.7 OK for: @babel/code-frame@7.29.7 want: ^7.29.7
1964 silly placeDep ROOT js-tokens@4.0.0 OK for: @babel/code-frame@7.29.7 want: ^4.0.0
1965 silly placeDep ROOT picocolors@1.1.1 OK for: @babel/code-frame@7.29.7 want: ^1.1.1
1966 silly placeDep ROOT @jridgewell/gen-mapping@0.3.13 OK for: @babel/generator@7.29.7 want: ^0.3.12
1967 silly placeDep ROOT @jridgewell/trace-mapping@0.3.31 OK for: @babel/generator@7.29.7 want: ^0.3.28
1968 silly placeDep ROOT jsesc@3.1.0 OK for: @babel/generator@7.29.7 want: ^3.0.2
1969 silly fetch manifest @jridgewell/sourcemap-codec@^1.5.0
1970 silly packumentCache full:https://registry.npmjs.org/@jridgewell%2fsourcemap-codec cache-miss
1971 silly fetch manifest @jridgewell/resolve-uri@^3.1.0
1972 silly packumentCache full:https://registry.npmjs.org/@jridgewell%2fresolve-uri cache-miss
1973 silly fetch manifest @jridgewell/sourcemap-codec@^1.4.14
1974 silly packumentCache full:https://registry.npmjs.org/@jridgewell%2fsourcemap-codec cache-miss
1975 http fetch GET 200 https://registry.npmjs.org/@jridgewell%2fsourcemap-codec 14ms (cache hit)
1976 silly packumentCache full:https://registry.npmjs.org/@jridgewell%2fsourcemap-codec set size:51856 disposed:false
1977 http fetch GET 200 https://registry.npmjs.org/@jridgewell%2fsourcemap-codec 12ms (cache hit)
1978 silly packumentCache full:https://registry.npmjs.org/@jridgewell%2fsourcemap-codec set size:51856 disposed:false
1979 silly packumentCache full:https://registry.npmjs.org/@jridgewell%2fsourcemap-codec dispose
1980 http fetch GET 200 https://registry.npmjs.org/@jridgewell%2fresolve-uri 15ms (cache hit)
1981 silly packumentCache full:https://registry.npmjs.org/@jridgewell%2fresolve-uri set size:57361 disposed:false
1982 silly placeDep ROOT @babel/compat-data@7.29.7 OK for: @babel/helper-compilation-targets@7.29.7 want: ^7.29.7
1983 silly placeDep ROOT @babel/helper-validator-option@7.29.7 OK for: @babel/helper-compilation-targets@7.29.7 want: ^7.29.7
1984 silly placeDep ROOT browserslist@4.28.7 OK for: @babel/helper-compilation-targets@7.29.7 want: ^4.24.0
1985 silly placeDep ROOT lru-cache@5.1.1 OK for: @babel/helper-compilation-targets@7.29.7 want: ^5.1.1
1986 silly fetch manifest node-releases@^2.0.51
1987 silly packumentCache full:https://registry.npmjs.org/node-releases cache-miss
1988 silly fetch manifest electron-to-chromium@^1.5.393
1989 silly packumentCache full:https://registry.npmjs.org/electron-to-chromium cache-miss
1990 silly fetch manifest update-browserslist-db@^1.2.3
1991 silly packumentCache full:https://registry.npmjs.org/update-browserslist-db cache-miss
1992 silly fetch manifest baseline-browser-mapping@^2.10.44
1993 silly packumentCache full:https://registry.npmjs.org/baseline-browser-mapping cache-miss
1994 silly fetch manifest yallist@^3.0.2
1995 silly packumentCache full:https://registry.npmjs.org/yallist cache-miss
1996 http fetch GET 200 https://registry.npmjs.org/update-browserslist-db 54ms (cache hit)
1997 silly packumentCache full:https://registry.npmjs.org/update-browserslist-db set size:62000 disposed:false
1998 http fetch GET 200 https://registry.npmjs.org/yallist 52ms (cache hit)
1999 silly packumentCache full:https://registry.npmjs.org/yallist set size:34610 disposed:false
2000 http fetch GET 200 https://registry.npmjs.org/node-releases 62ms (cache hit)
2001 silly packumentCache full:https://registry.npmjs.org/node-releases set size:290209 disposed:false
2002 http fetch GET 200 https://registry.npmjs.org/baseline-browser-mapping 63ms (cache hit)
2003 silly packumentCache full:https://registry.npmjs.org/baseline-browser-mapping set size:556588 disposed:false
2004 http fetch GET 200 https://registry.npmjs.org/electron-to-chromium 88ms (cache hit)
2005 silly packumentCache full:https://registry.npmjs.org/electron-to-chromium set size:4874832 disposed:false
2006 silly placeDep ROOT @babel/helper-module-imports@7.29.7 OK for: @babel/helper-module-transforms@7.29.7 want: ^7.29.7
2007 silly placeDep ROOT @babel/helper-plugin-utils@7.29.7 OK for: @babel/plugin-transform-react-jsx-self@7.29.7 want: ^7.29.7
2008 silly placeDep ROOT @babel/helper-globals@7.29.7 OK for: @babel/traverse@7.29.7 want: ^7.29.7
2009 silly placeDep ROOT @babel/helper-string-parser@7.29.7 OK for: @babel/types@7.29.7 want: ^7.29.7
2010 silly placeDep ROOT @jridgewell/sourcemap-codec@1.5.5 OK for: @jridgewell/gen-mapping@0.3.13 want: ^1.5.0
2011 silly placeDep ROOT @jridgewell/resolve-uri@3.1.2 OK for: @jridgewell/trace-mapping@0.3.31 want: ^3.1.0
2012 silly placeDep ROOT @types/babel__generator@7.27.0 OK for: @types/babel__core@7.20.5 want: *
2013 silly placeDep ROOT @types/babel__template@7.4.4 OK for: @types/babel__core@7.20.5 want: *
2014 silly placeDep ROOT @types/babel__traverse@7.28.0 OK for: @types/babel__core@7.20.5 want: *
2015 silly placeDep ROOT tslib@2.8.1 OK for: aria-hidden@1.2.6 want: ^2.0.0
2016 silly placeDep ROOT caniuse-lite@1.0.30001806 OK for: autoprefixer@10.5.4 want: ^1.0.30001806
2017 silly placeDep ROOT fraction.js@5.3.4 OK for: autoprefixer@10.5.4 want: ^5.3.4
2018 silly placeDep ROOT postcss-value-parser@4.2.0 OK for: autoprefixer@10.5.4 want: ^4.2.0
2019 silly fetch manifest browserslist@>= 4.21.0
2020 silly packumentCache full:https://registry.npmjs.org/browserslist cache-hit
2021 silly placeDep ROOT baseline-browser-mapping@2.11.4 OK for: browserslist@4.28.7 want: ^2.10.44
2022 silly placeDep ROOT electron-to-chromium@1.5.396 OK for: browserslist@4.28.7 want: ^1.5.393
2023 silly placeDep ROOT node-releases@2.0.51 OK for: browserslist@4.28.7 want: ^2.0.51
2024 silly placeDep ROOT update-browserslist-db@1.2.3 OK for: browserslist@4.28.7 want: ^1.2.3
2025 silly fetch manifest escalade@^3.2.0
2026 silly packumentCache full:https://registry.npmjs.org/escalade cache-miss
2027 http fetch GET 200 https://registry.npmjs.org/escalade 10ms (cache hit)
2028 silly packumentCache full:https://registry.npmjs.org/escalade set size:33724 disposed:false
2029 silly placeDep ROOT ieee754@1.2.1 OK for: buffer@6.0.3 want: ^1.2.1
2030 silly placeDep ROOT cross-spawn@7.0.6 OK for: cross-env@7.0.3 want: ^7.0.1
2031 silly fetch manifest which@^2.0.1
2032 silly packumentCache full:https://registry.npmjs.org/which cache-miss
2033 silly fetch manifest path-key@^3.1.0
2034 silly packumentCache full:https://registry.npmjs.org/path-key cache-miss
2035 silly fetch manifest shebang-command@^2.0.0
2036 silly packumentCache full:https://registry.npmjs.org/shebang-command cache-miss
2037 http fetch GET 200 https://registry.npmjs.org/which 14ms (cache hit)
2038 silly packumentCache full:https://registry.npmjs.org/which set size:70087 disposed:false
2039 http fetch GET 200 https://registry.npmjs.org/path-key 15ms (cache hit)
2040 silly packumentCache full:https://registry.npmjs.org/path-key set size:16975 disposed:false
2041 http fetch GET 200 https://registry.npmjs.org/shebang-command 14ms (cache hit)
2042 silly packumentCache full:https://registry.npmjs.org/shebang-command set size:8525 disposed:false
2043 silly placeDep ROOT path-key@3.1.1 OK for: cross-spawn@7.0.6 want: ^3.1.0
2044 silly placeDep ROOT shebang-command@2.0.0 OK for: cross-spawn@7.0.6 want: ^2.0.0
2045 silly placeDep ROOT which@2.0.2 OK for: cross-spawn@7.0.6 want: ^2.0.1
2046 silly fetch manifest shebang-regex@^3.0.0
2047 silly packumentCache full:https://registry.npmjs.org/shebang-regex cache-miss
2048 silly fetch manifest isexe@^2.0.0
2049 silly packumentCache full:https://registry.npmjs.org/isexe cache-miss
2050 http fetch GET 200 https://registry.npmjs.org/shebang-regex 9ms (cache hit)
2051 silly packumentCache full:https://registry.npmjs.org/shebang-regex set size:9763 disposed:false
2052 http fetch GET 200 https://registry.npmjs.org/isexe 8ms (cache hit)
2053 silly packumentCache full:https://registry.npmjs.org/isexe set size:31756 disposed:false
2054 silly placeDep ROOT ms@2.1.3 OK for: debug@4.4.3 want: ^2.1.3
2055 silly placeDep ROOT webgl-constants@1.1.1 OK for: detect-gpu@5.0.70 want: ^1.1.1
2056 silly placeDep ROOT dotenv-expand@10.0.0 OK for: dotenv-cli@8.0.0 want: ^10.0.0
2057 silly placeDep ROOT minimist@1.2.8 OK for: dotenv-cli@8.0.0 want: ^1.2.6
2058 silly placeDep ROOT embla-carousel@8.6.0 OK for: embla-carousel-react@8.6.0 want: 8.6.0
2059 silly placeDep ROOT embla-carousel-reactive-utils@8.6.0 OK for: embla-carousel-react@8.6.0 want: 8.6.0
2060 silly placeDep ROOT css-line-break@2.1.0 OK for: html2canvas@1.4.1 want: ^2.1.0
2061 silly placeDep ROOT text-segmentation@1.0.3 OK for: html2canvas@1.4.1 want: ^1.0.3
2062 silly fetch manifest utrie@^1.0.2
2063 silly packumentCache full:https://registry.npmjs.org/utrie cache-miss
2064 silly fetch manifest utrie@^1.0.2
2065 silly packumentCache full:https://registry.npmjs.org/utrie cache-miss
2066 http fetch GET 200 https://registry.npmjs.org/utrie 11ms (cache hit)
2067 silly packumentCache full:https://registry.npmjs.org/utrie set size:10249 disposed:false
2068 http fetch GET 200 https://registry.npmjs.org/utrie 9ms (cache hit)
2069 silly packumentCache full:https://registry.npmjs.org/utrie set size:10249 disposed:false
2070 silly packumentCache full:https://registry.npmjs.org/utrie dispose
2071 silly placeDep ROOT utrie@1.0.2 OK for: css-line-break@2.1.0 want: ^1.0.2
2072 silly fetch manifest base64-arraybuffer@^1.0.2
2073 silly packumentCache full:https://registry.npmjs.org/base64-arraybuffer cache-miss
2074 http fetch GET 200 https://registry.npmjs.org/base64-arraybuffer 5ms (cache hit)
2075 silly packumentCache full:https://registry.npmjs.org/base64-arraybuffer set size:21740 disposed:false
2076 silly placeDep ROOT yallist@3.1.1 OK for: lru-cache@5.1.1 want: ^3.0.2
2077 silly fetch manifest react@^18.0.0 || ^19.0.0
2078 silly packumentCache full:https://registry.npmjs.org/react cache-miss
2079 http fetch GET 200 https://registry.npmjs.org/react 20ms (cache hit)
2080 silly packumentCache full:https://registry.npmjs.org/react set size:6830011 disposed:false
2081 silly fetch manifest react-dom@^18.0.0 || ^19.0.0
2082 silly packumentCache full:https://registry.npmjs.org/react-dom cache-miss
2083 http fetch GET 200 https://registry.npmjs.org/react-dom 30ms (cache hit)
2084 silly packumentCache full:https://registry.npmjs.org/react-dom set size:9160340 disposed:false
2085 silly placeDep ROOT framer-motion@12.42.2 OK for: motion@12.42.2 want: ^12.42.2
2086 silly fetch manifest motion-dom@^12.42.2
2087 silly packumentCache full:https://registry.npmjs.org/motion-dom cache-miss
2088 silly fetch manifest motion-utils@^12.39.0
2089 silly packumentCache full:https://registry.npmjs.org/motion-utils cache-miss
2090 http fetch GET 200 https://registry.npmjs.org/motion-utils 11ms (cache hit)
2091 silly packumentCache full:https://registry.npmjs.org/motion-utils set size:66443 disposed:false
2092 http fetch GET 200 https://registry.npmjs.org/motion-dom 79ms (cache hit)
2093 silly packumentCache full:https://registry.npmjs.org/motion-dom set size:285217 disposed:false
2094 silly placeDep ROOT motion-dom@12.42.2 OK for: framer-motion@12.42.2 want: ^12.42.2
2095 silly placeDep ROOT motion-utils@12.39.0 OK for: framer-motion@12.42.2 want: ^12.39.0
2096 silly placeDep ROOT nanoid@3.3.16 OK for: postcss@8.5.23 want: ^3.3.16
2097 silly placeDep ROOT source-map-js@1.2.1 OK for: postcss@8.5.23 want: ^1.2.1
2098 silly placeDep ROOT cssesc@3.0.0 OK for: postcss-selector-parser@6.0.10 want: ^3.0.0
2099 silly placeDep ROOT util-deprecate@1.0.2 OK for: postcss-selector-parser@6.0.10 want: ^1.0.2
2100 silly placeDep ROOT is-promise@2.2.2 OK for: promise-worker-transferable@1.0.4 want: ^2.1.0
2101 silly placeDep ROOT lie@3.3.0 OK for: promise-worker-transferable@1.0.4 want: ^3.0.2
2102 silly fetch manifest immediate@~3.0.5
2103 silly packumentCache full:https://registry.npmjs.org/immediate cache-miss
2104 http fetch GET 200 https://registry.npmjs.org/immediate 8ms (cache hit)
2105 silly packumentCache full:https://registry.npmjs.org/immediate set size:66460 disposed:false
2106 silly placeDep ROOT immediate@3.0.6 OK for: lie@3.3.0 want: ~3.0.5
2107 silly placeDep ROOT fast-diff@1.3.0 OK for: quill-delta@5.1.0 want: ^1.3.0
2108 silly placeDep ROOT lodash.clonedeep@4.5.0 OK for: quill-delta@5.1.0 want: ^4.5.0
2109 silly placeDep ROOT lodash.isequal@4.5.0 OK for: quill-delta@5.1.0 want: ^4.5.0
2110 silly placeDep ROOT @date-fns/tz@1.5.0 OK for: react-day-picker@9.14.0 want: ^1.4.1
2111 silly placeDep ROOT @tabby_ai/hijri-converter@1.0.5 OK for: react-day-picker@9.14.0 want: 1.0.5
2112 silly placeDep node_modules/react-day-picker date-fns@4.4.0 OK for: react-day-picker@9.14.0 want: ^4.1.0
2113 silly placeDep ROOT date-fns-jalali@4.1.0-0 OK for: react-day-picker@9.14.0 want: 4.1.0-0
2114 silly placeDep node_modules/react-dom scheduler@0.26.0 OK for: react-dom@19.1.9 want: ^0.26.0
2115 silly placeDep ROOT lodash-es@4.18.1 OK for: react-quill-new@3.4.6 want: ^4.17.21
2116 silly placeDep ROOT quill@2.0.3 OK for: react-quill-new@3.4.6 want: ~2.0.2
2117 silly fetch manifest parchment@^3.0.0
2118 silly packumentCache full:https://registry.npmjs.org/parchment cache-miss
2119 silly fetch manifest eventemitter3@^5.0.1
2120 silly packumentCache full:https://registry.npmjs.org/eventemitter3 cache-hit
2121 http fetch GET 200 https://registry.npmjs.org/parchment 6ms (cache hit)
2122 silly packumentCache full:https://registry.npmjs.org/parchment set size:239130 disposed:false
2123 silly placeDep ROOT eventemitter3@5.0.4 OK for: quill@2.0.3 want: ^5.0.1
2124 silly placeDep ROOT parchment@3.0.0 OK for: quill@2.0.3 want: ^3.0.0
2125 silly fetch manifest react@^16.8.0 || ^17.0.0 || ^18.0.0 || ^19.0.0 || ^19.0.0-rc
2126 silly packumentCache full:https://registry.npmjs.org/react cache-miss
2127 http fetch GET 200 https://registry.npmjs.org/react 21ms (cache hit)
2128 silly packumentCache full:https://registry.npmjs.org/react set size:6830011 disposed:false
2129 silly placeDep ROOT react-remove-scroll-bar@2.3.8 OK for: react-remove-scroll@2.7.2 want: ^2.3.7
2130 silly placeDep ROOT react-style-singleton@2.2.3 OK for: react-remove-scroll@2.7.2 want: ^2.2.3
2131 silly placeDep ROOT use-callback-ref@1.3.3 OK for: react-remove-scroll@2.7.2 want: ^1.3.3
2132 silly placeDep ROOT use-sidecar@1.1.3 OK for: react-remove-scroll@2.7.2 want: ^1.1.3
2133 silly fetch manifest react-style-singleton@^2.2.2
2134 silly packumentCache full:https://registry.npmjs.org/react-style-singleton cache-hit
2135 silly fetch manifest get-nonce@^1.0.0
2136 silly packumentCache full:https://registry.npmjs.org/get-nonce cache-miss
2137 silly fetch manifest detect-node-es@^1.1.0
2138 silly packumentCache full:https://registry.npmjs.org/detect-node-es cache-miss
2139 http fetch GET 200 https://registry.npmjs.org/get-nonce 12ms (cache hit)
2140 silly packumentCache full:https://registry.npmjs.org/get-nonce set size:8902 disposed:false
2141 http fetch GET 200 https://registry.npmjs.org/detect-node-es 8ms (cache hit)
2142 silly packumentCache full:https://registry.npmjs.org/detect-node-es set size:6554 disposed:false
2143 silly placeDep ROOT get-nonce@1.0.1 OK for: react-style-singleton@2.2.3 want: ^1.0.0
2144 silly fetch manifest react-dom@*
2145 silly packumentCache full:https://registry.npmjs.org/react-dom cache-miss
2146 http fetch GET 200 https://registry.npmjs.org/react-dom 44ms (cache hit)
2147 silly packumentCache full:https://registry.npmjs.org/react-dom set size:9160340 disposed:false
2148 silly placeDep ROOT @types/js-cookie@3.0.6 OK for: react-use@17.6.1 want: ^3.0.0
2149 silly placeDep ROOT @xobotyi/scrollbar-width@1.9.5 OK for: react-use@17.6.1 want: ^1.9.5
2150 silly placeDep ROOT copy-to-clipboard@3.3.3 OK for: react-use@17.6.1 want: ^3.3.1
2151 silly placeDep ROOT fast-deep-equal@3.1.3 OK for: react-use@17.6.1 want: ^3.1.3
2152 silly placeDep ROOT fast-shallow-equal@1.0.0 OK for: react-use@17.6.1 want: ^1.0.0
2153 silly placeDep ROOT js-cookie@3.0.8 OK for: react-use@17.6.1 want: ^3.0.0
2154 silly placeDep ROOT nano-css@5.6.2 OK for: react-use@17.6.1 want: ^5.6.2
2155 silly placeDep ROOT react-universal-interface@0.6.2 OK for: react-use@17.6.1 want: ^0.6.2
2156 silly placeDep ROOT resize-observer-polyfill@1.5.1 OK for: react-use@17.6.1 want: ^1.5.1
2157 silly placeDep ROOT screenfull@5.2.0 OK for: react-use@17.6.1 want: ^5.1.0
2158 silly placeDep ROOT set-harmonic-interval@1.0.1 OK for: react-use@17.6.1 want: ^1.0.1
2159 silly placeDep ROOT throttle-debounce@3.0.1 OK for: react-use@17.6.1 want: ^3.0.1
2160 silly placeDep ROOT ts-easing@0.2.0 OK for: react-use@17.6.1 want: ^0.2.0
2161 silly fetch manifest toggle-selection@^1.0.6
2162 silly packumentCache full:https://registry.npmjs.org/toggle-selection cache-miss
2163 silly fetch manifest css-tree@^1.1.2
2164 silly packumentCache full:https://registry.npmjs.org/css-tree cache-miss
2165 silly fetch manifest fastest-stable-stringify@^2.0.2
2166 silly packumentCache full:https://registry.npmjs.org/fastest-stable-stringify cache-miss
2167 silly fetch manifest inline-style-prefixer@^7.0.1
2168 silly packumentCache full:https://registry.npmjs.org/inline-style-prefixer cache-miss
2169 silly fetch manifest rtl-css-js@^1.16.1
2170 silly packumentCache full:https://registry.npmjs.org/rtl-css-js cache-miss
2171 silly fetch manifest stacktrace-js@^2.0.2
2172 silly packumentCache full:https://registry.npmjs.org/stacktrace-js cache-miss
2173 silly fetch manifest stylis@^4.3.0
2174 silly packumentCache full:https://registry.npmjs.org/stylis cache-miss
2175 http fetch GET 200 https://registry.npmjs.org/toggle-selection 31ms (cache hit)
2176 silly packumentCache full:https://registry.npmjs.org/toggle-selection set size:14741 disposed:false
2177 http fetch GET 200 https://registry.npmjs.org/css-tree 31ms (cache hit)
2178 silly packumentCache full:https://registry.npmjs.org/css-tree set size:229638 disposed:false
2179 http fetch GET 200 https://registry.npmjs.org/stylis 27ms (cache hit)
2180 silly packumentCache full:https://registry.npmjs.org/stylis set size:338111 disposed:false
2181 http fetch GET 200 https://registry.npmjs.org/inline-style-prefixer 41ms (cache hit)
2182 silly packumentCache full:https://registry.npmjs.org/inline-style-prefixer set size:232334 disposed:false
2183 http fetch GET 200 https://registry.npmjs.org/fastest-stable-stringify 50ms (cache hit)
2184 silly packumentCache full:https://registry.npmjs.org/fastest-stable-stringify set size:12031 disposed:false
2185 http fetch GET 200 https://registry.npmjs.org/stacktrace-js 45ms (cache hit)
2186 silly packumentCache full:https://registry.npmjs.org/stacktrace-js set size:61851 disposed:false
2187 http fetch GET 200 https://registry.npmjs.org/rtl-css-js 49ms (cache hit)
2188 silly packumentCache full:https://registry.npmjs.org/rtl-css-js set size:108398 disposed:false
2189 silly placeDep ROOT toggle-selection@1.0.6 OK for: copy-to-clipboard@3.3.3 want: ^1.0.6
2190 silly placeDep ROOT css-tree@1.1.3 OK for: nano-css@5.6.2 want: ^1.1.2
2191 silly placeDep ROOT fastest-stable-stringify@2.0.2 OK for: nano-css@5.6.2 want: ^2.0.2
2192 silly placeDep ROOT inline-style-prefixer@7.0.1 OK for: nano-css@5.6.2 want: ^7.0.1
2193 silly placeDep ROOT rtl-css-js@1.16.1 OK for: nano-css@5.6.2 want: ^1.16.1
2194 silly placeDep ROOT stacktrace-js@2.0.2 OK for: nano-css@5.6.2 want: ^2.0.2
2195 silly placeDep ROOT stylis@4.4.0 OK for: nano-css@5.6.2 want: ^4.3.0
2196 silly fetch manifest mdn-data@2.0.14
2197 silly packumentCache full:https://registry.npmjs.org/mdn-data cache-miss
2198 silly fetch manifest source-map@^0.6.1
2199 silly packumentCache full:https://registry.npmjs.org/source-map cache-miss
2200 silly fetch manifest css-in-js-utils@^3.1.0
2201 silly packumentCache full:https://registry.npmjs.org/css-in-js-utils cache-miss
2202 silly fetch manifest error-stack-parser@^2.0.6
2203 silly packumentCache full:https://registry.npmjs.org/error-stack-parser cache-miss
2204 silly fetch manifest stack-generator@^2.0.5
2205 silly packumentCache full:https://registry.npmjs.org/stack-generator cache-miss
2206 silly fetch manifest stacktrace-gps@^3.0.4
2207 silly packumentCache full:https://registry.npmjs.org/stacktrace-gps cache-miss
2208 http fetch GET 200 https://registry.npmjs.org/source-map 38ms (cache hit)
2209 silly packumentCache full:https://registry.npmjs.org/source-map set size:231637 disposed:false
2210 http fetch GET 200 https://registry.npmjs.org/error-stack-parser 42ms (cache hit)
2211 silly packumentCache full:https://registry.npmjs.org/error-stack-parser set size:89379 disposed:false
2212 http fetch GET 200 https://registry.npmjs.org/css-in-js-utils 47ms (cache hit)
2213 silly packumentCache full:https://registry.npmjs.org/css-in-js-utils set size:42676 disposed:false
2214 http fetch GET 200 https://registry.npmjs.org/stack-generator 46ms (cache hit)
2215 silly packumentCache full:https://registry.npmjs.org/stack-generator set size:51542 disposed:false
2216 http fetch GET 200 https://registry.npmjs.org/mdn-data 55ms (cache hit)
2217 silly packumentCache full:https://registry.npmjs.org/mdn-data set size:177770 disposed:false
2218 http fetch GET 200 https://registry.npmjs.org/stacktrace-gps 49ms (cache hit)
2219 silly packumentCache full:https://registry.npmjs.org/stacktrace-gps set size:81184 disposed:false
2220 silly placeDep ROOT mdn-data@2.0.14 OK for: css-tree@1.1.3 want: 2.0.14
2221 silly placeDep ROOT source-map@0.6.1 OK for: css-tree@1.1.3 want: ^0.6.1
2222 silly placeDep ROOT css-in-js-utils@3.1.0 OK for: inline-style-prefixer@7.0.1 want: ^3.1.0
2223 silly fetch manifest hyphenate-style-name@^1.0.3
2224 silly packumentCache full:https://registry.npmjs.org/hyphenate-style-name cache-miss
2225 http fetch GET 200 https://registry.npmjs.org/hyphenate-style-name 5ms (cache hit)
2226 silly packumentCache full:https://registry.npmjs.org/hyphenate-style-name set size:17078 disposed:false
2227 silly placeDep ROOT hyphenate-style-name@1.1.0 OK for: css-in-js-utils@3.1.0 want: ^1.0.3
2228 silly fetch manifest react@^16.0.0 || ^17.0.0 || ^18.0.0 || ^19.0.0
2229 silly packumentCache full:https://registry.npmjs.org/react cache-miss
2230 http fetch GET 200 https://registry.npmjs.org/react 55ms (cache hit)
2231 silly packumentCache full:https://registry.npmjs.org/react set size:6830011 disposed:false
2232 silly fetch manifest react-dom@^16.0.0 || ^17.0.0 || ^18.0.0 || ^19.0.0
2233 silly packumentCache full:https://registry.npmjs.org/react-dom cache-miss
2234 http fetch GET 200 https://registry.npmjs.org/react-dom 27ms (cache hit)
2235 silly packumentCache full:https://registry.npmjs.org/react-dom set size:9160340 disposed:false
2236 silly placeDep node_modules/recharts eventemitter3@4.0.7 OK for: recharts@2.15.4 want: ^4.0.1
2237 silly placeDep ROOT lodash@4.18.1 OK for: recharts@2.15.4 want: ^4.17.21
2238 silly placeDep ROOT react-is@18.3.1 OK for: recharts@2.15.4 want: ^18.3.1
2239 silly placeDep ROOT react-smooth@4.0.4 OK for: recharts@2.15.4 want: ^4.0.4
2240 silly placeDep ROOT recharts-scale@0.4.5 OK for: recharts@2.15.4 want: ^0.4.4
2241 silly placeDep ROOT victory-vendor@36.9.2 OK for: recharts@2.15.4 want: ^36.6.8
2242 silly fetch manifest fast-equals@^5.0.1
2243 silly packumentCache full:https://registry.npmjs.org/fast-equals cache-miss
2244 silly fetch manifest prop-types@^15.8.1
2245 silly packumentCache full:https://registry.npmjs.org/prop-types cache-miss
2246 silly fetch manifest react-transition-group@^4.4.5
2247 silly packumentCache full:https://registry.npmjs.org/react-transition-group cache-miss
2248 silly fetch manifest decimal.js-light@^2.4.1
2249 silly packumentCache full:https://registry.npmjs.org/decimal.js-light cache-miss
2250 silly fetch manifest d3-ease@^3.0.1
2251 silly packumentCache full:https://registry.npmjs.org/d3-ease cache-miss
2252 silly fetch manifest d3-time@^3.0.0
2253 silly packumentCache full:https://registry.npmjs.org/d3-time cache-miss
2254 silly fetch manifest d3-array@^3.1.6
2255 silly packumentCache full:https://registry.npmjs.org/d3-array cache-miss
2256 silly fetch manifest d3-scale@^4.0.2
2257 silly packumentCache full:https://registry.npmjs.org/d3-scale cache-miss
2258 silly fetch manifest d3-shape@^3.1.0
2259 silly packumentCache full:https://registry.npmjs.org/d3-shape cache-miss
2260 silly fetch manifest d3-timer@^3.0.1
2261 silly packumentCache full:https://registry.npmjs.org/d3-timer cache-miss
2262 silly fetch manifest @types/d3-ease@^3.0.0
2263 silly packumentCache full:https://registry.npmjs.org/@types%2fd3-ease cache-miss
2264 silly fetch manifest @types/d3-time@^3.0.0
2265 silly packumentCache full:https://registry.npmjs.org/@types%2fd3-time cache-miss
2266 silly fetch manifest d3-interpolate@^3.0.1
2267 silly packumentCache full:https://registry.npmjs.org/d3-interpolate cache-miss
2268 silly fetch manifest @types/d3-array@^3.0.3
2269 silly packumentCache full:https://registry.npmjs.org/@types%2fd3-array cache-miss
2270 silly fetch manifest @types/d3-scale@^4.0.2
2271 silly packumentCache full:https://registry.npmjs.org/@types%2fd3-scale cache-miss
2272 silly fetch manifest @types/d3-shape@^3.1.0
2273 silly packumentCache full:https://registry.npmjs.org/@types%2fd3-shape cache-miss
2274 silly fetch manifest @types/d3-timer@^3.0.0
2275 silly packumentCache full:https://registry.npmjs.org/@types%2fd3-timer cache-miss
2276 silly fetch manifest @types/d3-interpolate@^3.0.1
2277 silly packumentCache full:https://registry.npmjs.org/@types%2fd3-interpolate cache-miss
2278 http fetch GET 200 https://registry.npmjs.org/decimal.js-light 87ms (cache hit)
2279 silly packumentCache full:https://registry.npmjs.org/decimal.js-light set size:38254 disposed:false
2280 http fetch GET 200 https://registry.npmjs.org/prop-types 93ms (cache hit)
2281 silly packumentCache full:https://registry.npmjs.org/prop-types set size:76747 disposed:false
2282 http fetch GET 200 https://registry.npmjs.org/d3-ease 90ms (cache hit)
2283 silly packumentCache full:https://registry.npmjs.org/d3-ease set size:109490 disposed:false
2284 http fetch GET 200 https://registry.npmjs.org/fast-equals 100ms (cache hit)
2285 silly packumentCache full:https://registry.npmjs.org/fast-equals set size:328087 disposed:false
2286 http fetch GET 200 https://registry.npmjs.org/d3-time 132ms (cache hit)
2287 silly packumentCache full:https://registry.npmjs.org/d3-time set size:150406 disposed:false
2288 http fetch GET 200 https://registry.npmjs.org/react-transition-group 142ms (cache hit)
2289 silly packumentCache full:https://registry.npmjs.org/react-transition-group set size:110654 disposed:false
2290 http fetch GET 200 https://registry.npmjs.org/@types%2fd3-time 119ms (cache hit)
2291 silly packumentCache full:https://registry.npmjs.org/@types%2fd3-time set size:52652 disposed:false
2292 http fetch GET 200 https://registry.npmjs.org/d3-timer 134ms (cache hit)
2293 silly packumentCache full:https://registry.npmjs.org/d3-timer set size:101516 disposed:false
2294 http fetch GET 200 https://registry.npmjs.org/d3-shape 137ms (cache hit)
2295 silly packumentCache full:https://registry.npmjs.org/d3-shape set size:275657 disposed:false
2296 http fetch GET 200 https://registry.npmjs.org/@types%2fd3-shape 116ms (cache hit)
2297 silly packumentCache full:https://registry.npmjs.org/@types%2fd3-shape set size:115816 disposed:false
2298 http fetch GET 200 https://registry.npmjs.org/d3-interpolate 128ms (cache hit)
2299 silly packumentCache full:https://registry.npmjs.org/d3-interpolate set size:162337 disposed:false
2300 http fetch GET 200 https://registry.npmjs.org/d3-array 153ms (cache hit)
2301 silly packumentCache full:https://registry.npmjs.org/d3-array set size:246308 disposed:false
2302 http fetch GET 200 https://registry.npmjs.org/@types%2fd3-scale 132ms (cache hit)
2303 silly packumentCache full:https://registry.npmjs.org/@types%2fd3-scale set size:131176 disposed:false
2304 http fetch GET 200 https://registry.npmjs.org/d3-scale 159ms (cache hit)
2305 silly packumentCache full:https://registry.npmjs.org/d3-scale set size:514172 disposed:false
2306 http fetch GET 200 https://registry.npmjs.org/@types%2fd3-array 146ms (cache hit)
2307 silly packumentCache full:https://registry.npmjs.org/@types%2fd3-array set size:130543 disposed:false
2308 http fetch GET 200 https://registry.npmjs.org/@types%2fd3-ease 165ms (cache hit)
2309 silly packumentCache full:https://registry.npmjs.org/@types%2fd3-ease set size:41281 disposed:false
2310 http fetch GET 200 https://registry.npmjs.org/@types%2fd3-timer 141ms (cache hit)
2311 silly packumentCache full:https://registry.npmjs.org/@types%2fd3-timer set size:38776 disposed:false
2312 http fetch GET 200 https://registry.npmjs.org/@types%2fd3-interpolate 141ms (cache hit)
2313 silly packumentCache full:https://registry.npmjs.org/@types%2fd3-interpolate set size:56692 disposed:false
2314 silly fetch manifest react@^16.8.0 || ^17.0.0 || ^18.0.0 || ^19.0.0
2315 silly packumentCache full:https://registry.npmjs.org/react cache-miss
2316 http fetch GET 200 https://registry.npmjs.org/react 23ms (cache hit)
2317 silly packumentCache full:https://registry.npmjs.org/react set size:6830011 disposed:false
2318 silly fetch manifest react-dom@^16.8.0 || ^17.0.0 || ^18.0.0 || ^19.0.0
2319 silly packumentCache full:https://registry.npmjs.org/react-dom cache-miss
2320 http fetch GET 200 https://registry.npmjs.org/react-dom 27ms (cache hit)
2321 silly packumentCache full:https://registry.npmjs.org/react-dom set size:9160340 disposed:false
2322 silly placeDep ROOT fast-equals@5.4.1 OK for: react-smooth@4.0.4 want: ^5.0.1
2323 silly placeDep ROOT prop-types@15.8.1 OK for: react-smooth@4.0.4 want: ^15.8.1
2324 silly placeDep ROOT react-transition-group@4.4.5 OK for: react-smooth@4.0.4 want: ^4.4.5
2325 silly fetch manifest loose-envify@^1.4.0
2326 silly packumentCache full:https://registry.npmjs.org/loose-envify cache-miss
2327 silly fetch manifest object-assign@^4.1.1
2328 silly packumentCache full:https://registry.npmjs.org/object-assign cache-miss
2329 silly fetch manifest react-is@^16.13.1
2330 silly packumentCache full:https://registry.npmjs.org/react-is cache-miss
2331 silly fetch manifest dom-helpers@^5.0.1
2332 silly packumentCache full:https://registry.npmjs.org/dom-helpers cache-miss
2333 silly fetch manifest loose-envify@^1.4.0
2334 silly packumentCache full:https://registry.npmjs.org/loose-envify cache-miss
2335 http fetch GET 200 https://registry.npmjs.org/loose-envify 21ms (cache hit)
2336 silly packumentCache full:https://registry.npmjs.org/loose-envify set size:12559 disposed:false
2337 http fetch GET 200 https://registry.npmjs.org/object-assign 20ms (cache hit)
2338 silly packumentCache full:https://registry.npmjs.org/object-assign set size:28988 disposed:false
2339 http fetch GET 200 https://registry.npmjs.org/dom-helpers 19ms (cache hit)
2340 silly packumentCache full:https://registry.npmjs.org/dom-helpers set size:76331 disposed:false
2341 http fetch GET 200 https://registry.npmjs.org/loose-envify 20ms (cache hit)
2342 silly packumentCache full:https://registry.npmjs.org/loose-envify set size:12559 disposed:false
2343 silly packumentCache full:https://registry.npmjs.org/loose-envify dispose
2344 http fetch GET 200 https://registry.npmjs.org/react-is 52ms (cache hit)
2345 silly packumentCache full:https://registry.npmjs.org/react-is set size:5525939 disposed:false
2346 silly placeDep ROOT loose-envify@1.4.0 OK for: prop-types@15.8.1 want: ^1.4.0
2347 silly placeDep ROOT object-assign@4.1.1 OK for: prop-types@15.8.1 want: ^4.1.1
2348 silly placeDep node_modules/prop-types react-is@16.13.1 OK for: prop-types@15.8.1 want: ^16.13.1
2349 silly placeDep ROOT dom-helpers@5.2.1 OK for: react-transition-group@4.4.5 want: ^5.0.1
2350 silly placeDep ROOT decimal.js-light@2.5.1 OK for: recharts-scale@0.4.5 want: ^2.4.1
2351 silly placeDep ROOT shebang-regex@3.0.0 OK for: shebang-command@2.0.0 want: ^3.0.0
2352 silly placeDep ROOT error-stack-parser@2.1.4 OK for: stacktrace-js@2.0.2 want: ^2.0.6
2353 silly placeDep ROOT stack-generator@2.0.10 OK for: stacktrace-js@2.0.2 want: ^2.0.5
2354 silly placeDep ROOT stacktrace-gps@3.1.2 OK for: stacktrace-js@2.0.2 want: ^3.0.4
2355 silly fetch manifest stackframe@^1.3.4
2356 silly packumentCache full:https://registry.npmjs.org/stackframe cache-miss
2357 silly fetch manifest stackframe@^1.3.4
2358 silly packumentCache full:https://registry.npmjs.org/stackframe cache-miss
2359 silly fetch manifest source-map@0.5.6
2360 silly packumentCache full:https://registry.npmjs.org/source-map cache-hit
2361 silly fetch manifest stackframe@^1.3.4
2362 silly packumentCache full:https://registry.npmjs.org/stackframe cache-miss
2363 http fetch GET 200 https://registry.npmjs.org/stackframe 27ms (cache hit)
2364 silly packumentCache full:https://registry.npmjs.org/stackframe set size:54134 disposed:false
2365 http fetch GET 200 https://registry.npmjs.org/stackframe 151ms (cache hit)
2366 silly packumentCache full:https://registry.npmjs.org/stackframe set size:54134 disposed:false
2367 silly packumentCache full:https://registry.npmjs.org/stackframe dispose
2368 http fetch GET 200 https://registry.npmjs.org/stackframe 99ms (cache hit)
2369 silly packumentCache full:https://registry.npmjs.org/stackframe set size:54134 disposed:true
2370 silly packumentCache full:https://registry.npmjs.org/stackframe dispose
2371 silly placeDep ROOT stackframe@1.3.4 OK for: error-stack-parser@2.1.4 want: ^1.3.4
2372 silly placeDep node_modules/stacktrace-gps source-map@0.5.6 OK for: stacktrace-gps@3.1.2 want: 0.5.6
2373 silly placeDep node_modules/stats-gl three@0.170.0 OK for: stats-gl@2.4.2 want: ^0.170.0
2374 silly fetch manifest tsx@^4.8.1
2375 silly packumentCache full:https://registry.npmjs.org/tsx cache-miss
2376 http fetch GET 200 https://registry.npmjs.org/tsx 5ms (cache hit)
2377 silly packumentCache full:https://registry.npmjs.org/tsx set size:312195 disposed:false
2378 silly fetch manifest yaml@^2.4.2
2379 silly packumentCache full:https://registry.npmjs.org/yaml cache-miss
2380 http fetch GET 200 https://registry.npmjs.org/yaml 5ms (cache hit)
2381 silly packumentCache full:https://registry.npmjs.org/yaml set size:385754 disposed:false
2382 silly placeDep ROOT @alloc/quick-lru@5.2.0 OK for: tailwindcss@3.4.19 want: ^5.2.0
2383 silly placeDep ROOT arg@5.0.2 OK for: tailwindcss@3.4.19 want: ^5.0.2
2384 silly placeDep ROOT chokidar@3.6.0 OK for: tailwindcss@3.4.19 want: ^3.6.0
2385 silly placeDep ROOT didyoumean@1.2.2 OK for: tailwindcss@3.4.19 want: ^1.2.2
2386 silly placeDep ROOT dlv@1.1.3 OK for: tailwindcss@3.4.19 want: ^1.1.3
2387 silly placeDep ROOT fast-glob@3.3.3 OK for: tailwindcss@3.4.19 want: ^3.3.2
2388 silly placeDep ROOT glob-parent@6.0.2 OK for: tailwindcss@3.4.19 want: ^6.0.2
2389 silly placeDep ROOT is-glob@4.0.3 OK for: tailwindcss@3.4.19 want: ^4.0.3
2390 silly placeDep ROOT jiti@1.21.7 OK for: tailwindcss@3.4.19 want: ^1.21.7
2391 silly placeDep ROOT lilconfig@3.1.3 OK for: tailwindcss@3.4.19 want: ^3.1.3
2392 silly placeDep ROOT micromatch@4.0.8 OK for: tailwindcss@3.4.19 want: ^4.0.8
2393 silly placeDep ROOT normalize-path@3.0.0 OK for: tailwindcss@3.4.19 want: ^3.0.0
2394 silly placeDep ROOT object-hash@3.0.0 OK for: tailwindcss@3.4.19 want: ^3.0.0
2395 silly placeDep ROOT postcss-import@15.1.0 OK for: tailwindcss@3.4.19 want: ^15.1.0
2396 silly placeDep ROOT postcss-js@4.1.0 OK for: tailwindcss@3.4.19 want: ^4.0.1
2397 silly placeDep ROOT postcss-load-config@6.0.1 OK for: tailwindcss@3.4.19 want: ^4.0.2 || ^5.0 || ^6.0
2398 silly placeDep ROOT postcss-nested@6.2.0 OK for: tailwindcss@3.4.19 want: ^6.2.0
2399 silly placeDep node_modules/tailwindcss postcss-selector-parser@6.1.4 OK for: tailwindcss@3.4.19 want: ^6.1.2
2400 silly placeDep ROOT resolve@1.22.12 OK for: tailwindcss@3.4.19 want: ^1.22.8
2401 silly placeDep ROOT sucrase@3.35.1 OK for: tailwindcss@3.4.19 want: ^3.35.0
2402 silly fetch manifest braces@~3.0.2
2403 silly packumentCache full:https://registry.npmjs.org/braces cache-miss
2404 silly fetch manifest is-glob@~4.0.1
2405 silly packumentCache full:https://registry.npmjs.org/is-glob cache-hit
2406 silly fetch manifest anymatch@~3.1.2
2407 silly packumentCache full:https://registry.npmjs.org/anymatch cache-miss
2408 silly fetch manifest readdirp@~3.6.0
2409 silly packumentCache full:https://registry.npmjs.org/readdirp cache-miss
2410 silly fetch manifest glob-parent@~5.1.2
2411 silly packumentCache full:https://registry.npmjs.org/glob-parent cache-hit
2412 silly fetch manifest is-binary-path@~2.1.0
2413 silly packumentCache full:https://registry.npmjs.org/is-binary-path cache-miss
2414 silly fetch manifest normalize-path@~3.0.0
2415 silly packumentCache full:https://registry.npmjs.org/normalize-path cache-hit
2416 silly fetch manifest fsevents@~2.3.2
2417 silly packumentCache full:https://registry.npmjs.org/fsevents cache-hit
2418 silly fetch manifest @nodelib/fs.stat@^2.0.2
2419 silly packumentCache full:https://registry.npmjs.org/@nodelib%2ffs.stat cache-miss
2420 silly fetch manifest @nodelib/fs.walk@^1.2.3
2421 silly packumentCache full:https://registry.npmjs.org/@nodelib%2ffs.walk cache-miss
2422 silly fetch manifest glob-parent@^5.1.2
2423 silly packumentCache full:https://registry.npmjs.org/glob-parent cache-hit
2424 silly fetch manifest merge2@^1.3.0
2425 silly packumentCache full:https://registry.npmjs.org/merge2 cache-miss
2426 silly fetch manifest is-extglob@^2.1.1
2427 silly packumentCache full:https://registry.npmjs.org/is-extglob cache-miss
2428 silly fetch manifest braces@^3.0.3
2429 silly packumentCache full:https://registry.npmjs.org/braces cache-miss
2430 silly fetch manifest picomatch@^2.3.1
2431 silly packumentCache full:https://registry.npmjs.org/picomatch cache-miss
2432 silly fetch manifest resolve@^1.1.7
2433 silly packumentCache full:https://registry.npmjs.org/resolve cache-hit
2434 silly fetch manifest read-cache@^1.0.0
2435 silly packumentCache full:https://registry.npmjs.org/read-cache cache-miss
2436 silly fetch manifest camelcase-css@^2.0.1
2437 silly packumentCache full:https://registry.npmjs.org/camelcase-css cache-miss
2438 silly fetch manifest postcss-selector-parser@^6.1.1
2439 silly packumentCache full:https://registry.npmjs.org/postcss-selector-parser cache-hit
2440 silly fetch manifest es-errors@^1.3.0
2441 silly packumentCache full:https://registry.npmjs.org/es-errors cache-miss
2442 silly fetch manifest path-parse@^1.0.7
2443 silly packumentCache full:https://registry.npmjs.org/path-parse cache-miss
2444 silly fetch manifest is-core-module@^2.16.1
2445 silly packumentCache full:https://registry.npmjs.org/is-core-module cache-miss
2446 silly fetch manifest supports-preserve-symlinks-flag@^1.0.0
2447 silly packumentCache full:https://registry.npmjs.org/supports-preserve-symlinks-flag cache-miss
2448 silly fetch manifest commander@^4.0.0
2449 silly packumentCache full:https://registry.npmjs.org/commander cache-miss
2450 silly fetch manifest lines-and-columns@^1.1.6
2451 silly packumentCache full:https://registry.npmjs.org/lines-and-columns cache-miss
2452 silly fetch manifest mz@^2.7.0
2453 silly packumentCache full:https://registry.npmjs.org/mz cache-miss
2454 silly fetch manifest pirates@^4.0.1
2455 silly packumentCache full:https://registry.npmjs.org/pirates cache-miss
2456 silly fetch manifest tinyglobby@^0.2.11
2457 silly packumentCache full:https://registry.npmjs.org/tinyglobby cache-miss
2458 silly fetch manifest ts-interface-checker@^0.1.9
2459 silly packumentCache full:https://registry.npmjs.org/ts-interface-checker cache-miss
2460 http fetch GET 200 https://registry.npmjs.org/anymatch 198ms (cache hit)
2461 silly packumentCache full:https://registry.npmjs.org/anymatch set size:42974 disposed:false
2462 http fetch GET 200 https://registry.npmjs.org/braces 203ms (cache hit)
2463 silly packumentCache full:https://registry.npmjs.org/braces set size:114529 disposed:false
2464 http fetch GET 200 https://registry.npmjs.org/is-binary-path 200ms (cache hit)
2465 silly packumentCache full:https://registry.npmjs.org/is-binary-path set size:13475 disposed:false
2466 http fetch GET 200 https://registry.npmjs.org/@nodelib%2ffs.stat 198ms (cache hit)
2467 silly packumentCache full:https://registry.npmjs.org/@nodelib%2ffs.stat set size:36993 disposed:false
2468 http fetch GET 200 https://registry.npmjs.org/is-extglob 194ms (cache hit)
2469 silly packumentCache full:https://registry.npmjs.org/is-extglob set size:11766 disposed:false
2470 http fetch GET 200 https://registry.npmjs.org/merge2 197ms (cache hit)
2471 silly packumentCache full:https://registry.npmjs.org/merge2 set size:46159 disposed:false
2472 http fetch GET 200 https://registry.npmjs.org/readdirp 209ms (cache hit)
2473 silly packumentCache full:https://registry.npmjs.org/readdirp set size:107589 disposed:false
2474 http fetch GET 200 https://registry.npmjs.org/@nodelib%2ffs.walk 206ms (cache hit)
2475 silly packumentCache full:https://registry.npmjs.org/@nodelib%2ffs.walk set size:41589 disposed:false
2476 http fetch GET 200 https://registry.npmjs.org/picomatch 200ms (cache hit)
2477 silly packumentCache full:https://registry.npmjs.org/picomatch set size:128942 disposed:false
2478 http fetch GET 200 https://registry.npmjs.org/braces 205ms (cache hit)
2479 silly packumentCache full:https://registry.npmjs.org/braces set size:114529 disposed:false
2480 silly packumentCache full:https://registry.npmjs.org/braces dispose
2481 http fetch GET 200 https://registry.npmjs.org/read-cache 204ms (cache hit)
2482 silly packumentCache full:https://registry.npmjs.org/read-cache set size:3003 disposed:false
2483 http fetch GET 200 https://registry.npmjs.org/path-parse 160ms (cache hit)
2484 silly packumentCache full:https://registry.npmjs.org/path-parse set size:14523 disposed:false
2485 http fetch GET 200 https://registry.npmjs.org/supports-preserve-symlinks-flag 156ms (cache hit)
2486 silly packumentCache full:https://registry.npmjs.org/supports-preserve-symlinks-flag set size:6802 disposed:false
2487 http fetch GET 200 https://registry.npmjs.org/is-core-module 160ms (cache hit)
2488 silly packumentCache full:https://registry.npmjs.org/is-core-module set size:74378 disposed:false
2489 http fetch GET 200 https://registry.npmjs.org/lines-and-columns 153ms (cache hit)
2490 silly packumentCache full:https://registry.npmjs.org/lines-and-columns set size:73796 disposed:false
2491 http fetch GET 200 https://registry.npmjs.org/es-errors 171ms (cache hit)
2492 silly packumentCache full:https://registry.npmjs.org/es-errors set size:16918 disposed:false
2493 http fetch GET 200 https://registry.npmjs.org/camelcase-css 212ms (cache hit)
2494 silly packumentCache full:https://registry.npmjs.org/camelcase-css set size:9392 disposed:false
2495 http fetch GET 200 https://registry.npmjs.org/commander 190ms (cache hit)
2496 silly packumentCache full:https://registry.npmjs.org/commander set size:353115 disposed:false
2497 http fetch GET 200 https://registry.npmjs.org/mz 198ms (cache hit)
2498 silly packumentCache full:https://registry.npmjs.org/mz set size:42731 disposed:false
2499 http fetch GET 200 https://registry.npmjs.org/pirates 199ms (cache hit)
2500 silly packumentCache full:https://registry.npmjs.org/pirates set size:51327 disposed:false
2501 http fetch GET 200 https://registry.npmjs.org/tinyglobby 200ms (cache hit)
2502 silly packumentCache full:https://registry.npmjs.org/tinyglobby set size:54291 disposed:false
2503 http fetch GET 200 https://registry.npmjs.org/ts-interface-checker 195ms (cache hit)
2504 silly packumentCache full:https://registry.npmjs.org/ts-interface-checker set size:58946 disposed:false
2505 silly placeDep ROOT anymatch@3.1.3 OK for: chokidar@3.6.0 want: ~3.1.2
2506 silly placeDep ROOT braces@3.0.3 OK for: chokidar@3.6.0 want: ~3.0.2
2507 silly placeDep ROOT fsevents@2.3.3 OK for: chokidar@3.6.0 want: ~2.3.2
2508 silly placeDep node_modules/chokidar glob-parent@5.1.2 OK for: chokidar@3.6.0 want: ~5.1.2
2509 silly placeDep ROOT is-binary-path@2.1.0 OK for: chokidar@3.6.0 want: ~2.1.0
2510 silly placeDep ROOT readdirp@3.6.0 OK for: chokidar@3.6.0 want: ~3.6.0
2511 silly fetch manifest picomatch@^2.0.4
2512 silly packumentCache full:https://registry.npmjs.org/picomatch cache-hit
2513 silly fetch manifest fill-range@^7.1.1
2514 silly packumentCache full:https://registry.npmjs.org/fill-range cache-miss
2515 silly fetch manifest binary-extensions@^2.0.0
2516 silly packumentCache full:https://registry.npmjs.org/binary-extensions cache-miss
2517 silly fetch manifest picomatch@^2.2.1
2518 silly packumentCache full:https://registry.npmjs.org/picomatch cache-hit
2519 http fetch GET 200 https://registry.npmjs.org/fill-range 10ms (cache hit)
2520 silly packumentCache full:https://registry.npmjs.org/fill-range set size:90162 disposed:false
2521 http fetch GET 200 https://registry.npmjs.org/binary-extensions 16ms (cache hit)
2522 silly packumentCache full:https://registry.npmjs.org/binary-extensions set size:51551 disposed:false
2523 silly placeDep ROOT picomatch@2.3.2 OK for: anymatch@3.1.3 want: ^2.0.4
2524 silly placeDep ROOT fill-range@7.1.1 OK for: braces@3.0.3 want: ^7.1.1
2525 silly fetch manifest to-regex-range@^5.0.1
2526 silly packumentCache full:https://registry.npmjs.org/to-regex-range cache-miss
2527 http fetch GET 200 https://registry.npmjs.org/to-regex-range 5ms (cache hit)
2528 silly packumentCache full:https://registry.npmjs.org/to-regex-range set size:61569 disposed:false
2529 silly placeDep ROOT @nodelib/fs.stat@2.0.5 OK for: fast-glob@3.3.3 want: ^2.0.2
2530 silly placeDep ROOT @nodelib/fs.walk@1.2.8 OK for: fast-glob@3.3.3 want: ^1.2.3
2531 silly placeDep node_modules/fast-glob glob-parent@5.1.2 OK for: fast-glob@3.3.3 want: ^5.1.2
2532 silly placeDep ROOT merge2@1.4.1 OK for: fast-glob@3.3.3 want: ^1.3.0
2533 silly fetch manifest fastq@^1.6.0
2534 silly packumentCache full:https://registry.npmjs.org/fastq cache-miss
2535 silly fetch manifest @nodelib/fs.scandir@2.1.5
2536 silly packumentCache full:https://registry.npmjs.org/@nodelib%2ffs.scandir cache-miss
2537 http fetch GET 200 https://registry.npmjs.org/fastq 9ms (cache hit)
2538 silly packumentCache full:https://registry.npmjs.org/fastq set size:78301 disposed:false
2539 http fetch GET 200 https://registry.npmjs.org/@nodelib%2ffs.scandir 9ms (cache hit)
2540 silly packumentCache full:https://registry.npmjs.org/@nodelib%2ffs.scandir set size:49256 disposed:false
2541 silly placeDep ROOT @nodelib/fs.scandir@2.1.5 OK for: @nodelib/fs.walk@1.2.8 want: 2.1.5
2542 silly placeDep ROOT fastq@1.20.1 OK for: @nodelib/fs.walk@1.2.8 want: ^1.6.0
2543 silly fetch manifest run-parallel@^1.1.9
2544 silly packumentCache full:https://registry.npmjs.org/run-parallel cache-miss
2545 silly fetch manifest reusify@^1.0.4
2546 silly packumentCache full:https://registry.npmjs.org/reusify cache-miss
2547 http fetch GET 200 https://registry.npmjs.org/run-parallel 9ms (cache hit)
2548 silly packumentCache full:https://registry.npmjs.org/run-parallel set size:35172 disposed:false
2549 http fetch GET 200 https://registry.npmjs.org/reusify 8ms (cache hit)
2550 silly packumentCache full:https://registry.npmjs.org/reusify set size:14249 disposed:false
2551 silly placeDep ROOT run-parallel@1.2.0 OK for: @nodelib/fs.scandir@2.1.5 want: ^1.1.9
2552 silly fetch manifest queue-microtask@^1.2.2
2553 silly packumentCache full:https://registry.npmjs.org/queue-microtask cache-miss
2554 http fetch GET 200 https://registry.npmjs.org/queue-microtask 4ms (cache hit)
2555 silly packumentCache full:https://registry.npmjs.org/queue-microtask set size:36088 disposed:false
2556 silly placeDep ROOT reusify@1.1.0 OK for: fastq@1.20.1 want: ^1.0.4
2557 silly placeDep ROOT to-regex-range@5.0.1 OK for: fill-range@7.1.1 want: ^5.0.1
2558 silly fetch manifest is-number@^7.0.0
2559 silly packumentCache full:https://registry.npmjs.org/is-number cache-miss
2560 http fetch GET 200 https://registry.npmjs.org/is-number 4ms (cache hit)
2561 silly packumentCache full:https://registry.npmjs.org/is-number set size:36183 disposed:false
2562 silly placeDep ROOT binary-extensions@2.3.0 OK for: is-binary-path@2.1.0 want: ^2.0.0
2563 silly placeDep ROOT is-extglob@2.1.1 OK for: is-glob@4.0.3 want: ^2.1.1
2564 silly placeDep ROOT read-cache@1.0.0 OK for: postcss-import@15.1.0 want: ^1.0.0
2565 silly fetch manifest pify@^2.3.0
2566 silly packumentCache full:https://registry.npmjs.org/pify cache-miss
2567 http fetch GET 200 https://registry.npmjs.org/pify 29ms (cache hit)
2568 silly packumentCache full:https://registry.npmjs.org/pify set size:33583 disposed:false
2569 silly placeDep ROOT camelcase-css@2.0.1 OK for: postcss-js@4.1.0 want: ^2.0.1
2570 silly placeDep node_modules/postcss-nested postcss-selector-parser@6.1.4 OK for: postcss-nested@6.2.0 want: ^6.1.1
2571 silly placeDep ROOT pify@2.3.0 OK for: read-cache@1.0.0 want: ^2.3.0
2572 silly placeDep ROOT es-errors@1.3.0 OK for: resolve@1.22.12 want: ^1.3.0
2573 silly placeDep ROOT is-core-module@2.16.2 OK for: resolve@1.22.12 want: ^2.16.1
2574 silly placeDep ROOT path-parse@1.0.7 OK for: resolve@1.22.12 want: ^1.0.7
2575 silly placeDep ROOT supports-preserve-symlinks-flag@1.0.0 OK for: resolve@1.22.12 want: ^1.0.0
2576 silly fetch manifest hasown@^2.0.3
2577 silly packumentCache full:https://registry.npmjs.org/hasown cache-miss
2578 http fetch GET 200 https://registry.npmjs.org/hasown 4ms (cache hit)
2579 silly packumentCache full:https://registry.npmjs.org/hasown set size:18361 disposed:false
2580 silly placeDep ROOT hasown@2.0.4 OK for: is-core-module@2.16.2 want: ^2.0.3
2581 silly fetch manifest function-bind@^1.1.2
2582 silly packumentCache full:https://registry.npmjs.org/function-bind cache-miss
2583 http fetch GET 200 https://registry.npmjs.org/function-bind 5ms (cache hit)
2584 silly packumentCache full:https://registry.npmjs.org/function-bind set size:15733 disposed:false
2585 silly placeDep ROOT function-bind@1.1.2 OK for: hasown@2.0.4 want: ^1.1.2
2586 silly placeDep ROOT queue-microtask@1.2.3 OK for: run-parallel@1.2.0 want: ^1.2.2
2587 silly placeDep ROOT commander@4.1.1 OK for: sucrase@3.35.1 want: ^4.0.0
2588 silly placeDep ROOT lines-and-columns@1.2.4 OK for: sucrase@3.35.1 want: ^1.1.6
2589 silly placeDep ROOT mz@2.7.0 OK for: sucrase@3.35.1 want: ^2.7.0
2590 silly placeDep ROOT pirates@4.0.7 OK for: sucrase@3.35.1 want: ^4.0.1
2591 silly placeDep ROOT tinyglobby@0.2.17 OK for: sucrase@3.35.1 want: ^0.2.11
2592 silly placeDep ROOT ts-interface-checker@0.1.13 OK for: sucrase@3.35.1 want: ^0.1.9
2593 silly fetch manifest any-promise@^1.0.0
2594 silly packumentCache full:https://registry.npmjs.org/any-promise cache-miss
2595 silly fetch manifest thenify-all@^1.0.0
2596 silly packumentCache full:https://registry.npmjs.org/thenify-all cache-miss
2597 silly fetch manifest fdir@^6.5.0
2598 silly packumentCache full:https://registry.npmjs.org/fdir cache-miss
2599 silly fetch manifest picomatch@^4.0.4
2600 silly packumentCache full:https://registry.npmjs.org/picomatch cache-hit
2601 http fetch GET 200 https://registry.npmjs.org/thenify-all 12ms (cache hit)
2602 silly packumentCache full:https://registry.npmjs.org/thenify-all set size:18488 disposed:false
2603 http fetch GET 200 https://registry.npmjs.org/any-promise 16ms (cache hit)
2604 silly packumentCache full:https://registry.npmjs.org/any-promise set size:20233 disposed:false
2605 http fetch GET 200 https://registry.npmjs.org/fdir 13ms (cache hit)
2606 silly packumentCache full:https://registry.npmjs.org/fdir set size:136182 disposed:false
2607 silly placeDep ROOT any-promise@1.3.0 OK for: mz@2.7.0 want: ^1.0.0
2608 silly placeDep ROOT thenify-all@1.6.0 OK for: mz@2.7.0 want: ^1.0.0
2609 silly fetch manifest thenify@>= 3.1.0 < 4
2610 silly packumentCache full:https://registry.npmjs.org/thenify cache-miss
2611 http fetch GET 200 https://registry.npmjs.org/thenify 5ms (cache hit)
2612 silly packumentCache full:https://registry.npmjs.org/thenify set size:21379 disposed:false
2613 silly placeDep ROOT thenify@3.3.1 OK for: thenify-all@1.6.0 want: >= 3.1.0 < 4
2614 silly placeDep ROOT @types/draco3d@1.4.10 OK for: three-stdlib@2.36.1 want: ^1.4.0
2615 silly placeDep ROOT @types/offscreencanvas@2019.7.3 OK for: three-stdlib@2.36.1 want: ^2019.6.4
2616 silly placeDep ROOT draco3d@1.5.7 OK for: three-stdlib@2.36.1 want: ^1.4.1
2617 silly placeDep node_modules/three-stdlib fflate@0.6.11 OK for: three-stdlib@2.36.1 want: ^0.6.9
2618 silly placeDep ROOT potpack@1.0.2 OK for: three-stdlib@2.36.1 want: ^1.0.1
2619 silly placeDep node_modules/tinyglobby fdir@6.5.0 OK for: tinyglobby@0.2.17 want: ^6.5.0
2620 silly placeDep node_modules/tinyglobby picomatch@4.0.5 OK for: fdir@6.5.0 want: ^3 || ^4
2621 silly placeDep ROOT is-number@7.0.0 OK for: to-regex-range@5.0.1 want: ^7.0.0
2622 silly fetch manifest three@>=0.125.0
2623 silly packumentCache full:https://registry.npmjs.org/three cache-hit
2624 silly placeDep ROOT bidi-js@1.0.3 OK for: troika-three-text@0.52.5 want: ^1.0.2
2625 silly placeDep ROOT troika-three-utils@0.52.5 OK for: troika-three-text@0.52.5 want: ^0.52.5
2626 silly placeDep ROOT troika-worker-utils@0.52.0 OK for: troika-three-text@0.52.5 want: ^0.52.0
2627 silly placeDep ROOT webgl-sdf-generator@1.1.1 OK for: troika-three-text@0.52.5 want: 1.1.1
2628 silly fetch manifest require-from-string@^2.0.2
2629 silly packumentCache full:https://registry.npmjs.org/require-from-string cache-miss
2630 http fetch GET 200 https://registry.npmjs.org/require-from-string 10ms (cache hit)
2631 silly packumentCache full:https://registry.npmjs.org/require-from-string set size:15128 disposed:false
2632 silly placeDep ROOT require-from-string@2.0.2 OK for: bidi-js@1.0.3 want: ^2.0.2
2633 silly fetch manifest @types/react@>=16.8
2634 silly packumentCache full:https://registry.npmjs.org/@types%2freact cache-miss
2635 http fetch GET 200 https://registry.npmjs.org/@types%2freact 41ms (cache hit)
2636 silly packumentCache full:https://registry.npmjs.org/@types%2freact set size:2632776 disposed:false
2637 silly fetch manifest react@>=16.8
2638 silly packumentCache full:https://registry.npmjs.org/react cache-miss
2639 http fetch GET 200 https://registry.npmjs.org/react 60ms (cache hit)
2640 silly packumentCache full:https://registry.npmjs.org/react set size:6830011 disposed:false
2641 silly placeDep node_modules/tunnel-rat zustand@4.5.7 OK for: tunnel-rat@0.1.2 want: ^4.3.2
2642 silly placeDep ROOT escalade@3.2.0 OK for: update-browserslist-db@1.2.3 want: ^3.2.0
2643 silly placeDep ROOT detect-node-es@1.1.0 OK for: use-sidecar@1.1.3 want: ^1.1.0
2644 silly placeDep ROOT base64-arraybuffer@1.0.2 OK for: utrie@1.0.2 want: ^1.0.2
2645 silly placeDep ROOT @types/d3-array@3.2.2 OK for: victory-vendor@36.9.2 want: ^3.0.3
2646 silly placeDep ROOT @types/d3-ease@3.0.2 OK for: victory-vendor@36.9.2 want: ^3.0.0
2647 silly placeDep ROOT @types/d3-interpolate@3.0.4 OK for: victory-vendor@36.9.2 want: ^3.0.1
2648 silly placeDep ROOT @types/d3-scale@4.0.9 OK for: victory-vendor@36.9.2 want: ^4.0.2
2649 silly placeDep ROOT @types/d3-shape@3.1.8 OK for: victory-vendor@36.9.2 want: ^3.1.0
2650 silly placeDep ROOT @types/d3-time@3.0.4 OK for: victory-vendor@36.9.2 want: ^3.0.0
2651 silly placeDep ROOT @types/d3-timer@3.0.2 OK for: victory-vendor@36.9.2 want: ^3.0.0
2652 silly placeDep ROOT d3-array@3.2.4 OK for: victory-vendor@36.9.2 want: ^3.1.6
2653 silly placeDep ROOT d3-ease@3.0.1 OK for: victory-vendor@36.9.2 want: ^3.0.1
2654 silly placeDep ROOT d3-interpolate@3.0.1 OK for: victory-vendor@36.9.2 want: ^3.0.1
2655 silly placeDep ROOT d3-scale@4.0.2 OK for: victory-vendor@36.9.2 want: ^4.0.2
2656 silly placeDep ROOT d3-shape@3.2.0 OK for: victory-vendor@36.9.2 want: ^3.1.0
2657 silly placeDep ROOT d3-time@3.1.0 OK for: victory-vendor@36.9.2 want: ^3.0.0
2658 silly placeDep ROOT d3-timer@3.0.1 OK for: victory-vendor@36.9.2 want: ^3.0.1
2659 silly fetch manifest @types/d3-color@*
2660 silly packumentCache full:https://registry.npmjs.org/@types%2fd3-color cache-miss
2661 silly fetch manifest @types/d3-time@*
2662 silly packumentCache full:https://registry.npmjs.org/@types%2fd3-time cache-hit
2663 silly fetch manifest @types/d3-path@*
2664 silly packumentCache full:https://registry.npmjs.org/@types%2fd3-path cache-miss
2665 silly fetch manifest internmap@1 - 2
2666 silly packumentCache full:https://registry.npmjs.org/internmap cache-miss
2667 silly fetch manifest d3-color@1 - 3
2668 silly packumentCache full:https://registry.npmjs.org/d3-color cache-miss
2669 silly fetch manifest d3-format@1 - 3
2670 silly packumentCache full:https://registry.npmjs.org/d3-format cache-miss
2671 silly fetch manifest d3-time@2.1.1 - 3
2672 silly packumentCache full:https://registry.npmjs.org/d3-time cache-hit
2673 silly fetch manifest d3-time-format@2 - 4
2674 silly packumentCache full:https://registry.npmjs.org/d3-time-format cache-miss
2675 silly fetch manifest d3-path@^3.1.0
2676 silly packumentCache full:https://registry.npmjs.org/d3-path cache-miss
2677 http fetch GET 200 https://registry.npmjs.org/internmap 107ms (cache hit)
2678 silly packumentCache full:https://registry.npmjs.org/internmap set size:19637 disposed:false
2679 http fetch GET 200 https://registry.npmjs.org/@types%2fd3-color 117ms (cache hit)
2680 silly packumentCache full:https://registry.npmjs.org/@types%2fd3-color set size:69998 disposed:false
2681 http fetch GET 200 https://registry.npmjs.org/d3-color 111ms (cache hit)
2682 silly packumentCache full:https://registry.npmjs.org/d3-color set size:142335 disposed:false
2683 http fetch GET 200 https://registry.npmjs.org/d3-time-format 109ms (cache hit)
2684 silly packumentCache full:https://registry.npmjs.org/d3-time-format set size:124514 disposed:false
2685 http fetch GET 200 https://registry.npmjs.org/@types%2fd3-path 123ms (cache hit)
2686 silly packumentCache full:https://registry.npmjs.org/@types%2fd3-path set size:41268 disposed:false
2687 http fetch GET 200 https://registry.npmjs.org/d3-format 117ms (cache hit)
2688 silly packumentCache full:https://registry.npmjs.org/d3-format set size:107249 disposed:false
2689 http fetch GET 200 https://registry.npmjs.org/d3-path 114ms (cache hit)
2690 silly packumentCache full:https://registry.npmjs.org/d3-path set size:77883 disposed:false
2691 silly placeDep ROOT @types/d3-color@3.1.3 OK for: @types/d3-interpolate@3.0.4 want: *
2692 silly placeDep ROOT @types/d3-path@3.1.1 OK for: @types/d3-shape@3.1.8 want: *
2693 silly placeDep ROOT internmap@2.0.3 OK for: d3-array@3.2.4 want: 1 - 2
2694 silly placeDep ROOT d3-color@3.1.0 OK for: d3-interpolate@3.0.1 want: 1 - 3
2695 silly placeDep ROOT d3-format@3.1.2 OK for: d3-scale@4.0.2 want: 1 - 3
2696 silly placeDep ROOT d3-time-format@4.1.0 OK for: d3-scale@4.0.2 want: 2 - 4
2697 silly placeDep ROOT d3-path@3.1.0 OK for: d3-shape@3.2.0 want: ^3.1.0
2698 silly placeDep ROOT esbuild@0.21.5 OK for: vite@5.4.21 want: ^0.21.3
2699 silly placeDep ROOT rollup@4.62.3 OK for: vite@5.4.21 want: ^4.20.0
2700 silly fetch manifest @esbuild/aix-ppc64@0.21.5
2701 silly packumentCache full:https://registry.npmjs.org/@esbuild%2faix-ppc64 cache-miss
2702 silly fetch manifest @esbuild/linux-arm@0.21.5
2703 silly packumentCache full:https://registry.npmjs.org/@esbuild%2flinux-arm cache-miss
2704 silly fetch manifest @esbuild/linux-x64@0.21.5
2705 silly packumentCache full:https://registry.npmjs.org/@esbuild%2flinux-x64 cache-miss
2706 silly fetch manifest @esbuild/sunos-x64@0.21.5
2707 silly packumentCache full:https://registry.npmjs.org/@esbuild%2fsunos-x64 cache-miss
2708 silly fetch manifest @esbuild/win32-x64@0.21.5
2709 silly packumentCache full:https://registry.npmjs.org/@esbuild%2fwin32-x64 cache-miss
2710 silly fetch manifest @esbuild/darwin-x64@0.21.5
2711 silly packumentCache full:https://registry.npmjs.org/@esbuild%2fdarwin-x64 cache-miss
2712 silly fetch manifest @esbuild/linux-ia32@0.21.5
2713 silly packumentCache full:https://registry.npmjs.org/@esbuild%2flinux-ia32 cache-miss
2714 silly fetch manifest @esbuild/netbsd-x64@0.21.5
2715 silly packumentCache full:https://registry.npmjs.org/@esbuild%2fnetbsd-x64 cache-miss
2716 silly fetch manifest @esbuild/win32-ia32@0.21.5
2717 silly packumentCache full:https://registry.npmjs.org/@esbuild%2fwin32-ia32 cache-miss
2718 silly fetch manifest @esbuild/android-arm@0.21.5
2719 silly packumentCache full:https://registry.npmjs.org/@esbuild%2fandroid-arm cache-miss
2720 silly fetch manifest @esbuild/android-x64@0.21.5
2721 silly packumentCache full:https://registry.npmjs.org/@esbuild%2fandroid-x64 cache-miss
2722 silly fetch manifest @esbuild/freebsd-x64@0.21.5
2723 silly packumentCache full:https://registry.npmjs.org/@esbuild%2ffreebsd-x64 cache-miss
2724 silly fetch manifest @esbuild/linux-arm64@0.21.5
2725 silly packumentCache full:https://registry.npmjs.org/@esbuild%2flinux-arm64 cache-miss
2726 silly fetch manifest @esbuild/linux-ppc64@0.21.5
2727 silly packumentCache full:https://registry.npmjs.org/@esbuild%2flinux-ppc64 cache-miss
2728 silly fetch manifest @esbuild/linux-s390x@0.21.5
2729 silly packumentCache full:https://registry.npmjs.org/@esbuild%2flinux-s390x cache-miss
2730 silly fetch manifest @esbuild/openbsd-x64@0.21.5
2731 silly packumentCache full:https://registry.npmjs.org/@esbuild%2fopenbsd-x64 cache-miss
2732 silly fetch manifest @esbuild/win32-arm64@0.21.5
2733 silly packumentCache full:https://registry.npmjs.org/@esbuild%2fwin32-arm64 cache-miss
2734 silly fetch manifest @esbuild/darwin-arm64@0.21.5
2735 silly packumentCache full:https://registry.npmjs.org/@esbuild%2fdarwin-arm64 cache-miss
2736 silly fetch manifest @esbuild/android-arm64@0.21.5
2737 silly packumentCache full:https://registry.npmjs.org/@esbuild%2fandroid-arm64 cache-miss
2738 silly fetch manifest @esbuild/freebsd-arm64@0.21.5
2739 silly packumentCache full:https://registry.npmjs.org/@esbuild%2ffreebsd-arm64 cache-miss
2740 silly fetch manifest @esbuild/linux-loong64@0.21.5
2741 silly packumentCache full:https://registry.npmjs.org/@esbuild%2flinux-loong64 cache-miss
2742 silly fetch manifest @esbuild/linux-riscv64@0.21.5
2743 silly packumentCache full:https://registry.npmjs.org/@esbuild%2flinux-riscv64 cache-miss
2744 silly fetch manifest @esbuild/linux-mips64el@0.21.5
2745 silly packumentCache full:https://registry.npmjs.org/@esbuild%2flinux-mips64el cache-miss
2746 silly fetch manifest @types/estree@1.0.9
2747 silly packumentCache full:https://registry.npmjs.org/@types%2festree cache-miss
2748 silly fetch manifest @rollup/rollup-darwin-x64@4.62.3
2749 silly packumentCache full:https://registry.npmjs.org/@rollup%2frollup-darwin-x64 cache-miss
2750 silly fetch manifest @rollup/rollup-freebsd-x64@4.62.3
2751 silly packumentCache full:https://registry.npmjs.org/@rollup%2frollup-freebsd-x64 cache-miss
2752 silly fetch manifest @rollup/rollup-openbsd-x64@4.62.3
2753 silly packumentCache full:https://registry.npmjs.org/@rollup%2frollup-openbsd-x64 cache-miss
2754 silly fetch manifest @rollup/rollup-darwin-arm64@4.62.3
2755 silly packumentCache full:https://registry.npmjs.org/@rollup%2frollup-darwin-arm64 cache-miss
2756 silly fetch manifest @rollup/rollup-android-arm64@4.62.3
2757 silly packumentCache full:https://registry.npmjs.org/@rollup%2frollup-android-arm64 cache-miss
2758 silly fetch manifest @rollup/rollup-freebsd-arm64@4.62.3
2759 silly packumentCache full:https://registry.npmjs.org/@rollup%2frollup-freebsd-arm64 cache-miss
2760 silly fetch manifest @rollup/rollup-linux-x64-gnu@4.62.3
2761 silly packumentCache full:https://registry.npmjs.org/@rollup%2frollup-linux-x64-gnu cache-miss
2762 silly fetch manifest @rollup/rollup-win32-x64-gnu@4.62.3
2763 silly packumentCache full:https://registry.npmjs.org/@rollup%2frollup-win32-x64-gnu cache-miss
2764 silly fetch manifest @rollup/rollup-linux-x64-musl@4.62.3
2765 silly packumentCache full:https://registry.npmjs.org/@rollup%2frollup-linux-x64-musl cache-miss
2766 silly fetch manifest @rollup/rollup-win32-x64-msvc@4.62.3
2767 silly packumentCache full:https://registry.npmjs.org/@rollup%2frollup-win32-x64-msvc cache-miss
2768 silly fetch manifest @rollup/rollup-linux-arm64-gnu@4.62.3
2769 silly packumentCache full:https://registry.npmjs.org/@rollup%2frollup-linux-arm64-gnu cache-miss
2770 silly fetch manifest @rollup/rollup-linux-ppc64-gnu@4.62.3
2771 silly packumentCache full:https://registry.npmjs.org/@rollup%2frollup-linux-ppc64-gnu cache-miss
2772 silly fetch manifest @rollup/rollup-linux-s390x-gnu@4.62.3
2773 silly packumentCache full:https://registry.npmjs.org/@rollup%2frollup-linux-s390x-gnu cache-miss
2774 silly fetch manifest @rollup/rollup-win32-ia32-msvc@4.62.3
2775 silly packumentCache full:https://registry.npmjs.org/@rollup%2frollup-win32-ia32-msvc cache-miss
2776 silly fetch manifest @rollup/rollup-android-arm-eabi@4.62.3
2777 silly packumentCache full:https://registry.npmjs.org/@rollup%2frollup-android-arm-eabi cache-miss
2778 silly fetch manifest @rollup/rollup-linux-arm64-musl@4.62.3
2779 silly packumentCache full:https://registry.npmjs.org/@rollup%2frollup-linux-arm64-musl cache-miss
2780 silly fetch manifest @rollup/rollup-linux-ppc64-musl@4.62.3
2781 silly packumentCache full:https://registry.npmjs.org/@rollup%2frollup-linux-ppc64-musl cache-miss
2782 silly fetch manifest @rollup/rollup-win32-arm64-msvc@4.62.3
2783 silly packumentCache full:https://registry.npmjs.org/@rollup%2frollup-win32-arm64-msvc cache-miss
2784 silly fetch manifest @rollup/rollup-linux-loong64-gnu@4.62.3
2785 silly packumentCache full:https://registry.npmjs.org/@rollup%2frollup-linux-loong64-gnu cache-miss
2786 silly fetch manifest @rollup/rollup-linux-riscv64-gnu@4.62.3
2787 silly packumentCache full:https://registry.npmjs.org/@rollup%2frollup-linux-riscv64-gnu cache-miss
2788 silly fetch manifest @rollup/rollup-openharmony-arm64@4.62.3
2789 silly packumentCache full:https://registry.npmjs.org/@rollup%2frollup-openharmony-arm64 cache-miss
2790 silly fetch manifest @rollup/rollup-linux-loong64-musl@4.62.3
2791 silly packumentCache full:https://registry.npmjs.org/@rollup%2frollup-linux-loong64-musl cache-miss
2792 silly fetch manifest @rollup/rollup-linux-riscv64-musl@4.62.3
2793 silly packumentCache full:https://registry.npmjs.org/@rollup%2frollup-linux-riscv64-musl cache-miss
2794 http fetch GET 200 https://registry.npmjs.org/@esbuild%2faix-ppc64 336ms (cache hit)
2795 silly packumentCache full:https://registry.npmjs.org/@esbuild%2faix-ppc64 set size:65972 disposed:false
2796 silly fetch manifest @rollup/rollup-linux-arm-gnueabihf@4.62.3
2797 silly packumentCache full:https://registry.npmjs.org/@rollup%2frollup-linux-arm-gnueabihf cache-miss
2798 http fetch GET 200 https://registry.npmjs.org/@esbuild%2flinux-arm 375ms (cache hit)
2799 silly packumentCache full:https://registry.npmjs.org/@esbuild%2flinux-arm set size:196784 disposed:false
2800 silly fetch manifest @rollup/rollup-linux-arm-musleabihf@4.62.3
2801 silly packumentCache full:https://registry.npmjs.org/@rollup%2frollup-linux-arm-musleabihf cache-miss
2802 http fetch GET 200 https://registry.npmjs.org/@esbuild%2fsunos-x64 378ms (cache hit)
2803 silly packumentCache full:https://registry.npmjs.org/@esbuild%2fsunos-x64 set size:197370 disposed:false
2804 http fetch GET 200 https://registry.npmjs.org/@esbuild%2fdarwin-x64 378ms (cache hit)
2805 silly packumentCache full:https://registry.npmjs.org/@esbuild%2fdarwin-x64 set size:197848 disposed:false
2806 http fetch GET 200 https://registry.npmjs.org/@esbuild%2fwin32-x64 383ms (cache hit)
2807 silly packumentCache full:https://registry.npmjs.org/@esbuild%2fwin32-x64 set size:195722 disposed:false
2808 http fetch GET 200 https://registry.npmjs.org/@esbuild%2fnetbsd-x64 381ms (cache hit)
2809 silly packumentCache full:https://registry.npmjs.org/@esbuild%2fnetbsd-x64 set size:195514 disposed:false
2810 http fetch GET 200 https://registry.npmjs.org/@esbuild%2flinux-x64 395ms (cache hit)
2811 silly packumentCache full:https://registry.npmjs.org/@esbuild%2flinux-x64 set size:197126 disposed:false
2812 http fetch GET 200 https://registry.npmjs.org/@esbuild%2fandroid-arm 384ms (cache hit)
2813 silly packumentCache full:https://registry.npmjs.org/@esbuild%2fandroid-arm set size:223400 disposed:false
2814 http fetch GET 200 https://registry.npmjs.org/@esbuild%2fandroid-x64 387ms (cache hit)
2815 silly packumentCache full:https://registry.npmjs.org/@esbuild%2fandroid-x64 set size:197200 disposed:false
2816 http fetch GET 200 https://registry.npmjs.org/@esbuild%2flinux-arm64 385ms (cache hit)
2817 silly packumentCache full:https://registry.npmjs.org/@esbuild%2flinux-arm64 set size:198939 disposed:false
2818 http fetch GET 200 https://registry.npmjs.org/@esbuild%2fopenbsd-x64 383ms (cache hit)
2819 silly packumentCache full:https://registry.npmjs.org/@esbuild%2fopenbsd-x64 set size:198745 disposed:false
2820 http fetch GET 200 https://registry.npmjs.org/@esbuild%2fwin32-ia32 400ms (cache hit)
2821 silly packumentCache full:https://registry.npmjs.org/@esbuild%2fwin32-ia32 set size:198030 disposed:false
2822 http fetch GET 200 https://registry.npmjs.org/@esbuild%2ffreebsd-x64 396ms (cache hit)
2823 silly packumentCache full:https://registry.npmjs.org/@esbuild%2ffreebsd-x64 set size:198734 disposed:false
2824 http fetch GET 200 https://registry.npmjs.org/@esbuild%2flinux-ppc64 395ms (cache hit)
2825 silly packumentCache full:https://registry.npmjs.org/@esbuild%2flinux-ppc64 set size:200994 disposed:false
2826 http fetch GET 200 https://registry.npmjs.org/@esbuild%2fdarwin-arm64 390ms (cache hit)
2827 silly packumentCache full:https://registry.npmjs.org/@esbuild%2fdarwin-arm64 set size:199630 disposed:false
2828 http fetch GET 200 https://registry.npmjs.org/@esbuild%2ffreebsd-arm64 384ms (cache hit)
2829 silly packumentCache full:https://registry.npmjs.org/@esbuild%2ffreebsd-arm64 set size:200534 disposed:false
2830 http fetch GET 200 https://registry.npmjs.org/@esbuild%2fandroid-arm64 390ms (cache hit)
2831 silly packumentCache full:https://registry.npmjs.org/@esbuild%2fandroid-arm64 set size:202366 disposed:false
2832 http fetch GET 200 https://registry.npmjs.org/@esbuild%2flinux-mips64el 385ms (cache hit)
2833 silly packumentCache full:https://registry.npmjs.org/@esbuild%2flinux-mips64el set size:202764 disposed:false
2834 http fetch GET 200 https://registry.npmjs.org/@esbuild%2flinux-loong64 392ms (cache hit)
2835 silly packumentCache full:https://registry.npmjs.org/@esbuild%2flinux-loong64 set size:253896 disposed:false
2836 http fetch GET 200 https://registry.npmjs.org/@types%2festree 389ms (cache hit)
2837 silly packumentCache full:https://registry.npmjs.org/@types%2festree set size:76072 disposed:false
2838 http fetch GET 200 https://registry.npmjs.org/@esbuild%2flinux-s390x 415ms (cache hit)
2839 silly packumentCache full:https://registry.npmjs.org/@esbuild%2flinux-s390x set size:200463 disposed:false
2840 http fetch GET 200 https://registry.npmjs.org/@esbuild%2fwin32-arm64 415ms (cache hit)
2841 silly packumentCache full:https://registry.npmjs.org/@esbuild%2fwin32-arm64 set size:199171 disposed:false
2842 http fetch GET 200 https://registry.npmjs.org/@rollup%2frollup-freebsd-x64 421ms (cache hit)
2843 silly packumentCache full:https://registry.npmjs.org/@rollup%2frollup-freebsd-x64 set size:196788 disposed:false
2844 http fetch GET 200 https://registry.npmjs.org/@esbuild%2flinux-riscv64 434ms (cache hit)
2845 silly packumentCache full:https://registry.npmjs.org/@esbuild%2flinux-riscv64 set size:200662 disposed:false
2846 http fetch GET 200 https://registry.npmjs.org/@rollup%2frollup-darwin-arm64 413ms (cache hit)
2847 silly packumentCache full:https://registry.npmjs.org/@rollup%2frollup-darwin-arm64 set size:349039 disposed:false
2848 http fetch GET 200 https://registry.npmjs.org/@rollup%2frollup-win32-x64-gnu 409ms (cache hit)
2849 silly packumentCache full:https://registry.npmjs.org/@rollup%2frollup-win32-x64-gnu set size:72210 disposed:false
2850 http fetch GET 200 https://registry.npmjs.org/@rollup%2frollup-linux-x64-gnu 414ms (cache hit)
2851 silly packumentCache full:https://registry.npmjs.org/@rollup%2frollup-linux-x64-gnu set size:351448 disposed:false
2852 http fetch GET 200 https://registry.npmjs.org/@rollup%2frollup-android-arm64 426ms (cache hit)
2853 silly packumentCache full:https://registry.npmjs.org/@rollup%2frollup-android-arm64 set size:350588 disposed:false
2854 http fetch GET 200 https://registry.npmjs.org/@rollup%2frollup-win32-x64-msvc 422ms (cache hit)
2855 silly packumentCache full:https://registry.npmjs.org/@rollup%2frollup-win32-x64-msvc set size:349164 disposed:false
2856 http fetch GET 200 https://registry.npmjs.org/@rollup%2frollup-linux-x64-musl 430ms (cache hit)
2857 silly packumentCache full:https://registry.npmjs.org/@rollup%2frollup-linux-x64-musl set size:350832 disposed:false
2858 http fetch GET 200 https://registry.npmjs.org/@rollup%2frollup-linux-ppc64-musl 419ms (cache hit)
2859 silly packumentCache full:https://registry.npmjs.org/@rollup%2frollup-linux-ppc64-musl set size:42649 disposed:false
2860 http fetch GET 200 https://registry.npmjs.org/@rollup%2frollup-darwin-x64 469ms (cache hit)
2861 silly packumentCache full:https://registry.npmjs.org/@rollup%2frollup-darwin-x64 set size:344144 disposed:false
2862 http fetch GET 200 https://registry.npmjs.org/@rollup%2frollup-openbsd-x64 471ms (cache hit)
2863 silly packumentCache full:https://registry.npmjs.org/@rollup%2frollup-openbsd-x64 set size:41533 disposed:false
2864 http fetch GET 200 https://registry.npmjs.org/@rollup%2frollup-win32-ia32-msvc 435ms (cache hit)
2865 silly packumentCache full:https://registry.npmjs.org/@rollup%2frollup-win32-ia32-msvc set size:352564 disposed:false
2866 http fetch GET 200 https://registry.npmjs.org/@rollup%2frollup-freebsd-arm64 459ms (cache hit)
2867 silly packumentCache full:https://registry.npmjs.org/@rollup%2frollup-freebsd-arm64 set size:198792 disposed:false
2868 http fetch GET 200 https://registry.npmjs.org/@rollup%2frollup-linux-arm64-gnu 452ms (cache hit)
2869 silly packumentCache full:https://registry.npmjs.org/@rollup%2frollup-linux-arm64-gnu set size:356403 disposed:false
2870 http fetch GET 200 https://registry.npmjs.org/@rollup%2frollup-linux-ppc64-gnu 457ms (cache hit)
2871 silly packumentCache full:https://registry.npmjs.org/@rollup%2frollup-linux-ppc64-gnu set size:101087 disposed:false
2872 http fetch GET 200 https://registry.npmjs.org/@rollup%2frollup-linux-riscv64-gnu 437ms (cache hit)
2873 silly packumentCache full:https://registry.npmjs.org/@rollup%2frollup-linux-riscv64-gnu set size:282649 disposed:false
2874 http fetch GET 200 https://registry.npmjs.org/@rollup%2frollup-win32-arm64-msvc 470ms (cache hit)
2875 silly packumentCache full:https://registry.npmjs.org/@rollup%2frollup-win32-arm64-msvc set size:354097 disposed:false
2876 http fetch GET 200 https://registry.npmjs.org/@rollup%2frollup-linux-s390x-gnu 487ms (cache hit)
2877 silly packumentCache full:https://registry.npmjs.org/@rollup%2frollup-linux-s390x-gnu set size:256252 disposed:false
2878 http fetch GET 200 https://registry.npmjs.org/@rollup%2frollup-android-arm-eabi 489ms (cache hit)
2879 silly packumentCache full:https://registry.npmjs.org/@rollup%2frollup-android-arm-eabi set size:354106 disposed:false
2880 http fetch GET 200 https://registry.npmjs.org/@rollup%2frollup-linux-riscv64-musl 474ms (cache hit)
2881 silly packumentCache full:https://registry.npmjs.org/@rollup%2frollup-linux-riscv64-musl set size:128668 disposed:false
2882 http fetch GET 200 https://registry.npmjs.org/@rollup%2frollup-linux-loong64-musl 491ms (cache hit)
2883 silly packumentCache full:https://registry.npmjs.org/@rollup%2frollup-linux-loong64-musl set size:43003 disposed:false
2884 http fetch GET 200 https://registry.npmjs.org/@esbuild%2flinux-ia32 598ms (cache hit)
2885 silly packumentCache full:https://registry.npmjs.org/@esbuild%2flinux-ia32 set size:197805 disposed:false
2886 http fetch GET 200 https://registry.npmjs.org/@rollup%2frollup-openharmony-arm64 498ms (cache hit)
2887 silly packumentCache full:https://registry.npmjs.org/@rollup%2frollup-openharmony-arm64 set size:81762 disposed:false
2888 http fetch GET 200 https://registry.npmjs.org/@rollup%2frollup-linux-arm64-musl 516ms (cache hit)
2889 silly packumentCache full:https://registry.npmjs.org/@rollup%2frollup-linux-arm64-musl set size:311828 disposed:false
2890 http fetch GET 200 https://registry.npmjs.org/@rollup%2frollup-linux-loong64-gnu 516ms (cache hit)
2891 silly packumentCache full:https://registry.npmjs.org/@rollup%2frollup-linux-loong64-gnu set size:80961 disposed:false
2892 http fetch GET 200 https://registry.npmjs.org/@rollup%2frollup-linux-arm-gnueabihf 301ms (cache hit)
2893 silly packumentCache full:https://registry.npmjs.org/@rollup%2frollup-linux-arm-gnueabihf set size:360057 disposed:false
2894 http fetch GET 200 https://registry.npmjs.org/@rollup%2frollup-linux-arm-musleabihf 302ms (cache hit)
2895 silly packumentCache full:https://registry.npmjs.org/@rollup%2frollup-linux-arm-musleabihf set size:254268 disposed:false
2896 silly placeDep ROOT @esbuild/aix-ppc64@0.21.5 OK for: esbuild@0.21.5 want: 0.21.5
2897 silly placeDep ROOT @esbuild/android-arm@0.21.5 OK for: esbuild@0.21.5 want: 0.21.5
2898 silly placeDep ROOT @esbuild/android-arm64@0.21.5 OK for: esbuild@0.21.5 want: 0.21.5
2899 silly placeDep ROOT @esbuild/android-x64@0.21.5 OK for: esbuild@0.21.5 want: 0.21.5
2900 silly placeDep ROOT @esbuild/darwin-arm64@0.21.5 OK for: esbuild@0.21.5 want: 0.21.5
2901 silly placeDep ROOT @esbuild/darwin-x64@0.21.5 OK for: esbuild@0.21.5 want: 0.21.5
2902 silly placeDep ROOT @esbuild/freebsd-arm64@0.21.5 OK for: esbuild@0.21.5 want: 0.21.5
2903 silly placeDep ROOT @esbuild/freebsd-x64@0.21.5 OK for: esbuild@0.21.5 want: 0.21.5
2904 silly placeDep ROOT @esbuild/linux-arm@0.21.5 OK for: esbuild@0.21.5 want: 0.21.5
2905 silly placeDep ROOT @esbuild/linux-arm64@0.21.5 OK for: esbuild@0.21.5 want: 0.21.5
2906 silly placeDep ROOT @esbuild/linux-ia32@0.21.5 OK for: esbuild@0.21.5 want: 0.21.5
2907 silly placeDep ROOT @esbuild/linux-loong64@0.21.5 OK for: esbuild@0.21.5 want: 0.21.5
2908 silly placeDep ROOT @esbuild/linux-mips64el@0.21.5 OK for: esbuild@0.21.5 want: 0.21.5
2909 silly placeDep ROOT @esbuild/linux-ppc64@0.21.5 OK for: esbuild@0.21.5 want: 0.21.5
2910 silly placeDep ROOT @esbuild/linux-riscv64@0.21.5 OK for: esbuild@0.21.5 want: 0.21.5
2911 silly placeDep ROOT @esbuild/linux-s390x@0.21.5 OK for: esbuild@0.21.5 want: 0.21.5
2912 silly placeDep ROOT @esbuild/linux-x64@0.21.5 OK for: esbuild@0.21.5 want: 0.21.5
2913 silly placeDep ROOT @esbuild/netbsd-x64@0.21.5 OK for: esbuild@0.21.5 want: 0.21.5
2914 silly placeDep ROOT @esbuild/openbsd-x64@0.21.5 OK for: esbuild@0.21.5 want: 0.21.5
2915 silly placeDep ROOT @esbuild/sunos-x64@0.21.5 OK for: esbuild@0.21.5 want: 0.21.5
2916 silly placeDep ROOT @esbuild/win32-arm64@0.21.5 OK for: esbuild@0.21.5 want: 0.21.5
2917 silly placeDep ROOT @esbuild/win32-ia32@0.21.5 OK for: esbuild@0.21.5 want: 0.21.5
2918 silly placeDep ROOT @esbuild/win32-x64@0.21.5 OK for: esbuild@0.21.5 want: 0.21.5
2919 silly placeDep ROOT @rollup/rollup-android-arm-eabi@4.62.3 OK for: rollup@4.62.3 want: 4.62.3
2920 silly placeDep ROOT @rollup/rollup-android-arm64@4.62.3 OK for: rollup@4.62.3 want: 4.62.3
2921 silly placeDep ROOT @rollup/rollup-darwin-arm64@4.62.3 OK for: rollup@4.62.3 want: 4.62.3
2922 silly placeDep ROOT @rollup/rollup-darwin-x64@4.62.3 OK for: rollup@4.62.3 want: 4.62.3
2923 silly placeDep ROOT @rollup/rollup-freebsd-arm64@4.62.3 OK for: rollup@4.62.3 want: 4.62.3
2924 silly placeDep ROOT @rollup/rollup-freebsd-x64@4.62.3 OK for: rollup@4.62.3 want: 4.62.3
2925 silly placeDep ROOT @rollup/rollup-linux-arm-gnueabihf@4.62.3 OK for: rollup@4.62.3 want: 4.62.3
2926 silly placeDep ROOT @rollup/rollup-linux-arm-musleabihf@4.62.3 OK for: rollup@4.62.3 want: 4.62.3
2927 silly placeDep ROOT @rollup/rollup-linux-arm64-gnu@4.62.3 OK for: rollup@4.62.3 want: 4.62.3
2928 silly placeDep ROOT @rollup/rollup-linux-arm64-musl@4.62.3 OK for: rollup@4.62.3 want: 4.62.3
2929 silly placeDep ROOT @rollup/rollup-linux-loong64-gnu@4.62.3 OK for: rollup@4.62.3 want: 4.62.3
2930 silly placeDep ROOT @rollup/rollup-linux-loong64-musl@4.62.3 OK for: rollup@4.62.3 want: 4.62.3
2931 silly placeDep ROOT @rollup/rollup-linux-ppc64-gnu@4.62.3 OK for: rollup@4.62.3 want: 4.62.3
2932 silly placeDep ROOT @rollup/rollup-linux-ppc64-musl@4.62.3 OK for: rollup@4.62.3 want: 4.62.3
2933 silly placeDep ROOT @rollup/rollup-linux-riscv64-gnu@4.62.3 OK for: rollup@4.62.3 want: 4.62.3
2934 silly placeDep ROOT @rollup/rollup-linux-riscv64-musl@4.62.3 OK for: rollup@4.62.3 want: 4.62.3
2935 silly placeDep ROOT @rollup/rollup-linux-s390x-gnu@4.62.3 OK for: rollup@4.62.3 want: 4.62.3
2936 silly placeDep ROOT @rollup/rollup-linux-x64-gnu@4.62.3 OK for: rollup@4.62.3 want: 4.62.3
2937 silly placeDep ROOT @rollup/rollup-linux-x64-musl@4.62.3 OK for: rollup@4.62.3 want: 4.62.3
2938 silly placeDep ROOT @rollup/rollup-openbsd-x64@4.62.3 OK for: rollup@4.62.3 want: 4.62.3
2939 silly placeDep ROOT @rollup/rollup-openharmony-arm64@4.62.3 OK for: rollup@4.62.3 want: 4.62.3
2940 silly placeDep ROOT @rollup/rollup-win32-arm64-msvc@4.62.3 OK for: rollup@4.62.3 want: 4.62.3
2941 silly placeDep ROOT @rollup/rollup-win32-ia32-msvc@4.62.3 OK for: rollup@4.62.3 want: 4.62.3
2942 silly placeDep ROOT @rollup/rollup-win32-x64-gnu@4.62.3 OK for: rollup@4.62.3 want: 4.62.3
2943 silly placeDep ROOT @rollup/rollup-win32-x64-msvc@4.62.3 OK for: rollup@4.62.3 want: 4.62.3
2944 silly placeDep ROOT @types/estree@1.0.9 OK for: rollup@4.62.3 want: 1.0.9
2945 silly placeDep ROOT isexe@2.0.0 OK for: which@2.0.2 want: ^2.0.0
2946 silly reify moves {}
2947 silly audit bulk request {
2947 silly audit   '@biomejs/biome': [ '1.9.4' ],
2947 silly audit   '@radix-ui/react-accordion': [ '1.2.20' ],
2947 silly audit   react: [ '19.1.9' ],
2947 silly audit   'react-dom': [ '19.1.9' ],
2947 silly audit   '@radix-ui/react-alert-dialog': [ '1.1.23' ],
2947 silly audit   '@radix-ui/react-aspect-ratio': [ '1.1.15' ],
2947 silly audit   '@radix-ui/react-avatar': [ '1.2.6' ],
2947 silly audit   '@radix-ui/react-checkbox': [ '1.3.11' ],
2947 silly audit   '@radix-ui/react-collapsible': [ '1.1.20' ],
2947 silly audit   '@radix-ui/react-context-menu': [ '2.3.7' ],
2947 silly audit   '@radix-ui/react-dialog': [ '1.1.23' ],
2947 silly audit   '@radix-ui/react-dropdown-menu': [ '2.1.24' ],
2947 silly audit   '@radix-ui/react-hover-card': [ '1.1.23' ],
2947 silly audit   '@radix-ui/react-label': [ '2.1.15' ],
2947 silly audit   '@radix-ui/react-menubar': [ '1.1.24' ],
2947 silly audit   '@radix-ui/react-navigation-menu': [ '1.2.22' ],
2947 silly audit   '@radix-ui/react-popover': [ '1.1.23' ],
2947 silly audit   '@radix-ui/react-progress': [ '1.1.16' ],
2947 silly audit   '@radix-ui/react-radio-group': [ '1.4.7' ],
2947 silly audit   '@radix-ui/react-scroll-area': [ '1.2.18' ],
2947 silly audit   '@radix-ui/react-select': [ '2.3.7' ],
2947 silly audit   '@radix-ui/react-separator': [ '1.1.15' ],
2947 silly audit   '@radix-ui/react-slider': [ '1.4.7' ],
2947 silly audit   '@radix-ui/react-slot': [ '1.3.3' ],
2947 silly audit   '@radix-ui/react-switch': [ '1.3.7' ],
2947 silly audit   '@radix-ui/react-tabs': [ '1.1.21' ],
2947 silly audit   '@radix-ui/react-toggle': [ '1.1.18' ],
2947 silly audit   '@radix-ui/react-toggle-group': [ '1.1.19' ],
2947 silly audit   '@radix-ui/react-tooltip': [ '1.2.16' ],
2947 silly audit   '@react-three/cannon': [ '6.6.0' ],
2947 silly audit   three: [ '0.176.0', '0.170.0' ],
2947 silly audit   '@react-three/fiber': [ '9.1.4' ],
2947 silly audit   '@react-three/drei': [ '10.0.8' ],
2947 silly audit   '@tailwindcss/container-queries': [ '0.1.1' ],
2947 silly audit   tailwindcss: [ '3.4.19' ],
2947 silly audit   '@tailwindcss/typography': [ '0.5.10' ],
2947 silly audit   '@tanstack/react-query': [ '5.101.4' ],
2947 silly audit   '@tanstack/react-router': [ '1.131.50' ],
2947 silly audit   '@types/node': [ '20.19.43' ],
2947 silly audit   '@types/react': [ '19.1.17' ],
2947 silly audit   '@types/react-dom': [ '19.1.11' ],
2947 silly audit   '@types/three': [ '0.176.0' ],
2947 silly audit   '@vitejs/plugin-react': [ '4.7.0' ],
2947 silly audit   vite: [ '5.4.21' ],
2947 silly audit   autoprefixer: [ '10.5.4' ],
2947 silly audit   postcss: [ '8.5.23' ],
2947 silly audit   'class-variance-authority': [ '0.7.1' ],
2947 silly audit   clsx: [ '2.1.1' ],
2947 silly audit   cmdk: [ '1.1.1' ],
2947 silly audit   'date-fns': [ '3.6.0', '4.4.0' ],
2947 silly audit   dotenv: [ '16.6.1' ],
2947 silly audit   'dotenv-cli': [ '8.0.0' ],
2947 silly audit   'embla-carousel-react': [ '8.6.0' ],
2947 silly audit   html2canvas: [ '1.4.1' ],
2947 silly audit   'input-otp': [ '1.4.2' ],
2947 silly audit   'lucide-react': [ '0.511.0' ],
2947 silly audit   motion: [ '12.42.2' ],
2947 silly audit   'next-themes': [ '0.4.6' ],
2947 silly audit   'react-day-picker': [ '9.14.0' ],
2947 silly audit   'react-hook-form': [ '7.83.0' ],
2947 silly audit   'react-icons': [ '5.7.0' ],
2947 silly audit   'react-quill-new': [ '3.4.6' ],
2947 silly audit   'quill-delta': [ '5.1.0' ],
2947 silly audit   'react-resizable-panels': [ '2.1.9' ],
2947 silly audit   'react-use': [ '17.6.1' ],
2947 silly audit   recharts: [ '2.15.4' ],
2947 silly audit   sonner: [ '1.7.4' ],
2947 silly audit   'tailwind-merge': [ '2.6.1' ],
2947 silly audit   'tailwindcss-animate': [ '1.0.7' ],
2947 silly audit   typescript: [ '5.9.3' ],
2947 silly audit   vaul: [ '1.1.2' ],
2947 silly audit   'vite-plugin-environment': [ '1.1.3' ],
2947 silly audit   zustand: [ '5.0.14', '4.5.7' ],
2947 silly audit   '@biomejs/cli-darwin-arm64': [ '1.9.4' ],
2947 silly audit   '@biomejs/cli-darwin-x64': [ '1.9.4' ],
2947 silly audit   '@biomejs/cli-linux-arm64': [ '1.9.4' ],
2947 silly audit   '@biomejs/cli-linux-arm64-musl': [ '1.9.4' ],
2947 silly audit   '@biomejs/cli-linux-x64': [ '1.9.4' ],
2947 silly audit   '@biomejs/cli-linux-x64-musl': [ '1.9.4' ],
2947 silly audit   '@biomejs/cli-win32-arm64': [ '1.9.4' ],
2947 silly audit   '@biomejs/cli-win32-x64': [ '1.9.4' ],
2947 silly audit   '@radix-ui/primitive': [ '1.1.7' ],
2947 silly audit   '@radix-ui/react-collection': [ '1.1.15' ],
2947 silly audit   '@radix-ui/react-compose-refs': [ '1.1.5' ],
2947 silly audit   '@radix-ui/react-context': [ '1.2.2' ],
2947 silly audit   '@radix-ui/react-direction': [ '1.1.4' ],
2947 silly audit   '@radix-ui/react-id': [ '1.1.4' ],
2947 silly audit   '@radix-ui/react-primitive': [ '2.1.10' ],
2947 silly audit   '@radix-ui/react-use-controllable-state': [ '1.2.6' ],
2947 silly audit   '@radix-ui/react-use-callback-ref': [ '1.1.4' ],
2947 silly audit   '@radix-ui/react-use-is-hydrated': [ '0.1.3' ],
2947 silly audit   '@radix-ui/react-use-layout-effect': [ '1.1.4' ],
2947 silly audit   '@radix-ui/react-presence': [ '1.1.10' ],
2947 silly audit   '@radix-ui/react-use-size': [ '1.1.4' ],
2947 silly audit   '@radix-ui/react-menu': [ '2.1.24' ],
2947 silly audit   '@radix-ui/react-dismissable-layer': [ '1.1.19' ],
2947 silly audit   '@radix-ui/react-focus-guards': [ '1.1.6' ],
2947 silly audit   '@radix-ui/react-focus-scope': [ '1.1.16' ],
2947 silly audit   '@radix-ui/react-portal': [ '1.1.17' ],
2947 silly audit   'aria-hidden': [ '1.2.6' ],
2947 silly audit   'react-remove-scroll': [ '2.7.2' ],
2947 silly audit   '@radix-ui/react-use-effect-event': [ '0.0.5' ],
2947 silly audit   '@radix-ui/react-popper': [ '1.3.7' ],
2947 silly audit   '@radix-ui/react-roving-focus': [ '1.1.19' ],
2947 silly audit   '@radix-ui/react-use-previous': [ '1.1.4' ],
2947 silly audit   '@radix-ui/react-visually-hidden': [ '1.2.11' ],
2947 silly audit   '@floating-ui/react-dom': [ '2.1.9' ],
2947 silly audit   '@radix-ui/react-arrow': [ '1.1.15' ],
2947 silly audit   '@radix-ui/react-use-rect': [ '1.1.4' ],
2947 silly audit   '@radix-ui/rect': [ '1.1.3' ],
2947 silly audit   '@floating-ui/dom': [ '1.8.0' ],
2947 silly audit   '@floating-ui/core': [ '1.8.0' ],
2947 silly audit   '@floating-ui/utils': [ '0.2.12' ],
2947 silly audit   '@radix-ui/number': [ '1.1.3' ],
2947 silly audit   '@pmndrs/cannon-worker-api': [ '2.4.0' ],
2947 silly audit   'cannon-es': [ '0.20.0' ],
2947 silly audit   'cannon-es-debugger': [ '1.0.0' ],
2947 silly audit   '@babel/runtime': [ '7.29.7' ],
2947 silly audit   '@mediapipe/tasks-vision': [ '0.10.17' ],
2947 silly audit   '@monogrid/gainmap-js': [ '3.4.0' ],
2947 silly audit   '@use-gesture/react': [ '10.3.1' ],
2947 silly audit   'camera-controls': [ '2.10.1' ],
2947 silly audit   'cross-env': [ '7.0.3' ],
2947 silly audit   'detect-gpu': [ '5.0.70' ],
2947 silly audit   'glsl-noise': [ '0.0.0' ],
2947 silly audit   'hls.js': [ '1.6.16' ],
2947 silly audit   maath: [ '0.10.8' ],
2947 silly audit   meshline: [ '3.3.1' ],
2947 silly audit   'stats-gl': [ '2.4.2' ],
2947 silly audit   'stats.js': [ '0.17.0' ],
2947 silly audit   'suspend-react': [ '0.1.3' ],
2947 silly audit   'three-mesh-bvh': [ '0.8.3' ],
2947 silly audit   'three-stdlib': [ '2.36.1' ],
2947 silly audit   'troika-three-text': [ '0.52.5' ],
2947 silly audit   'tunnel-rat': [ '0.1.2' ],
2947 silly audit   'use-sync-external-store': [ '1.6.0' ],
2947 silly audit   'utility-types': [ '3.11.0' ],
2947 silly audit   'promise-worker-transferable': [ '1.0.4' ],
2947 silly audit   '@types/react-reconciler': [ '0.28.9' ],
2947 silly audit   '@types/webxr': [ '0.5.24' ],
2947 silly audit   'base64-js': [ '1.5.1' ],
2947 silly audit   buffer: [ '6.0.3' ],
2947 silly audit   'its-fine': [ '2.0.0' ],
2947 silly audit   'react-reconciler': [ '0.31.0' ],
2947 silly audit   'react-use-measure': [ '2.1.7' ],
2947 silly audit   scheduler: [ '0.25.0', '0.26.0' ],
2947 silly audit   'lodash.castarray': [ '4.4.0' ],
2947 silly audit   'lodash.isplainobject': [ '4.0.6' ],
2947 silly audit   'lodash.merge': [ '4.6.2' ],
2947 silly audit   'postcss-selector-parser': [ '6.0.10', '6.1.4' ],
2947 silly audit   '@tanstack/query-core': [ '5.101.4' ],
2947 silly audit   '@tanstack/history': [ '1.131.2' ],
2947 silly audit   '@tanstack/react-store': [ '0.7.7' ],
2947 silly audit   '@tanstack/router-core': [ '1.131.50' ],
2947 silly audit   isbot: [ '5.2.1' ],
2947 silly audit   'tiny-invariant': [ '1.3.3' ],
2947 silly audit   'tiny-warning': [ '1.0.3' ],
2947 silly audit   '@tanstack/store': [ '0.7.7' ],
2947 silly audit   'cookie-es': [ '1.2.3' ],
2947 silly audit   seroval: [ '1.5.6' ],
2947 silly audit   'seroval-plugins': [ '1.5.6' ],
2947 silly audit   'undici-types': [ '6.21.0' ],
2947 silly audit   csstype: [ '3.2.3' ],
2947 silly audit   '@dimforge/rapier3d-compat': [ '0.12.0' ],
2947 silly audit   '@tweenjs/tween.js': [ '23.1.3' ],
2947 silly audit   '@types/stats.js': [ '0.17.4' ],
2947 silly audit   '@webgpu/types': [ '0.1.71' ],
2947 silly audit   fflate: [ '0.8.3', '0.6.11' ],
2947 silly audit   meshoptimizer: [ '0.18.1' ],
2947 silly audit   '@use-gesture/core': [ '10.3.1' ],
2947 silly audit   '@babel/core': [ '7.29.7' ],
2947 silly audit   '@babel/plugin-transform-react-jsx-self': [ '7.29.7' ],
2947 silly audit   '@babel/plugin-transform-react-jsx-source': [ '7.29.7' ],
2947 silly audit   '@rolldown/pluginutils': [ '1.0.0-beta.27' ],
2947 silly audit   '@types/babel__core': [ '7.20.5' ],
2947 silly audit   'react-refresh': [ '0.17.0' ],
2947 silly audit   '@babel/code-frame': [ '7.29.7' ],
2947 silly audit   '@babel/generator': [ '7.29.7' ],
2947 silly audit   '@babel/helper-compilation-targets': [ '7.29.7' ],
2947 silly audit   '@babel/helper-module-transforms': [ '7.29.7' ],
2947 silly audit   '@babel/helpers': [ '7.29.7' ],
2947 silly audit   '@babel/parser': [ '7.29.7' ],
2947 silly audit   '@babel/template': [ '7.29.7' ],
2947 silly audit   '@babel/traverse': [ '7.29.7' ],
2947 silly audit   '@babel/types': [ '7.29.7' ],
2947 silly audit   '@jridgewell/remapping': [ '2.3.5' ],
2947 silly audit   'convert-source-map': [ '2.0.0' ],
2947 silly audit   debug: [ '4.4.3' ],
2947 silly audit   gensync: [ '1.0.0-beta.2' ],
2947 silly audit   json5: [ '2.2.3' ],
2947 silly audit   semver: [ '6.3.1' ],
2947 silly audit   '@babel/helper-validator-identifier': [ '7.29.7' ],
2947 silly audit   'js-tokens': [ '4.0.0' ],
2947 silly audit   picocolors: [ '1.1.1' ],
2947 silly audit   '@jridgewell/gen-mapping': [ '0.3.13' ],
2947 silly audit   '@jridgewell/trace-mapping': [ '0.3.31' ],
2947 silly audit   jsesc: [ '3.1.0' ],
2947 silly audit   '@babel/compat-data': [ '7.29.7' ],
2947 silly audit   '@babel/helper-validator-option': [ '7.29.7' ],
2947 silly audit   browserslist: [ '4.28.7' ],
2947 silly audit   'lru-cache': [ '5.1.1' ],
2947 silly audit   '@babel/helper-module-imports': [ '7.29.7' ],
2947 silly audit   '@babel/helper-plugin-utils': [ '7.29.7' ],
2947 silly audit   '@babel/helper-globals': [ '7.29.7' ],
2947 silly audit   '@babel/helper-string-parser': [ '7.29.7' ],
2947 silly audit   '@jridgewell/sourcemap-codec': [ '1.5.5' ],
2947 silly audit   '@jridgewell/resolve-uri': [ '3.1.2' ],
2947 silly audit   '@types/babel__generator': [ '7.27.0' ],
2947 silly audit   '@types/babel__template': [ '7.4.4' ],
2947 silly audit   '@types/babel__traverse': [ '7.28.0' ],
2947 silly audit   tslib: [ '2.8.1' ],
2947 silly audit   'caniuse-lite': [ '1.0.30001806' ],
2947 silly audit   'fraction.js': [ '5.3.4' ],
2947 silly audit   'postcss-value-parser': [ '4.2.0' ],
2947 silly audit   'baseline-browser-mapping': [ '2.11.4' ],
2947 silly audit   'electron-to-chromium': [ '1.5.396' ],
2947 silly audit   'node-releases': [ '2.0.51' ],
2947 silly audit   'update-browserslist-db': [ '1.2.3' ],
2947 silly audit   ieee754: [ '1.2.1' ],
2947 silly audit   'cross-spawn': [ '7.0.6' ],
2947 silly audit   'path-key': [ '3.1.1' ],
2947 silly audit   'shebang-command': [ '2.0.0' ],
2947 silly audit   which: [ '2.0.2' ],
2947 silly audit   ms: [ '2.1.3' ],
2947 silly audit   'webgl-constants': [ '1.1.1' ],
2947 silly audit   'dotenv-expand': [ '10.0.0' ],
2947 silly audit   minimist: [ '1.2.8' ],
2947 silly audit   'embla-carousel': [ '8.6.0' ],
2947 silly audit   'embla-carousel-reactive-utils': [ '8.6.0' ],
2947 silly audit   'css-line-break': [ '2.1.0' ],
2947 silly audit   'text-segmentation': [ '1.0.3' ],
2947 silly audit   utrie: [ '1.0.2' ],
2947 silly audit   yallist: [ '3.1.1' ],
2947 silly audit   'framer-motion': [ '12.42.2' ],
2947 silly audit   'motion-dom': [ '12.42.2' ],
2947 silly audit   'motion-utils': [ '12.39.0' ],
2947 silly audit   nanoid: [ '3.3.16' ],
2947 silly audit   'source-map-js': [ '1.2.1' ],
2947 silly audit   cssesc: [ '3.0.0' ],
2947 silly audit   'util-deprecate': [ '1.0.2' ],
2947 silly audit   'is-promise': [ '2.2.2' ],
2947 silly audit   lie: [ '3.3.0' ],
2947 silly audit   immediate: [ '3.0.6' ],
2947 silly audit   'fast-diff': [ '1.3.0' ],
2947 silly audit   'lodash.clonedeep': [ '4.5.0' ],
2947 silly audit   'lodash.isequal': [ '4.5.0' ],
2947 silly audit   '@date-fns/tz': [ '1.5.0' ],
2947 silly audit   '@tabby_ai/hijri-converter': [ '1.0.5' ],
2947 silly audit   'date-fns-jalali': [ '4.1.0-0' ],
2947 silly audit   'lodash-es': [ '4.18.1' ],
2947 silly audit   quill: [ '2.0.3' ],
2947 silly audit   eventemitter3: [ '5.0.4', '4.0.7' ],
2947 silly audit   parchment: [ '3.0.0' ],
2947 silly audit   'react-remove-scroll-bar': [ '2.3.8' ],
2947 silly audit   'react-style-singleton': [ '2.2.3' ],
2947 silly audit   'use-callback-ref': [ '1.3.3' ],
2947 silly audit   'use-sidecar': [ '1.1.3' ],
2947 silly audit   'get-nonce': [ '1.0.1' ],
2947 silly audit   '@types/js-cookie': [ '3.0.6' ],
2947 silly audit   '@xobotyi/scrollbar-width': [ '1.9.5' ],
2947 silly audit   'copy-to-clipboard': [ '3.3.3' ],
2947 silly audit   'fast-deep-equal': [ '3.1.3' ],
2947 silly audit   'fast-shallow-equal': [ '1.0.0' ],
2947 silly audit   'js-cookie': [ '3.0.8' ],
2947 silly audit   'nano-css': [ '5.6.2' ],
2947 silly audit   'react-universal-interface': [ '0.6.2' ],
2947 silly audit   'resize-observer-polyfill': [ '1.5.1' ],
2947 silly audit   screenfull: [ '5.2.0' ],
2947 silly audit   'set-harmonic-interval': [ '1.0.1' ],
2947 silly audit   'throttle-debounce': [ '3.0.1' ],
2947 silly audit   'ts-easing': [ '0.2.0' ],
2947 silly audit   'toggle-selection': [ '1.0.6' ],
2947 silly audit   'css-tree': [ '1.1.3' ],
2947 silly audit   'fastest-stable-stringify': [ '2.0.2' ],
2947 silly audit   'inline-style-prefixer': [ '7.0.1' ],
2947 silly audit   'rtl-css-js': [ '1.16.1' ],
2947 silly audit   'stacktrace-js': [ '2.0.2' ],
2947 silly audit   stylis: [ '4.4.0' ],
2947 silly audit   'mdn-data': [ '2.0.14' ],
2947 silly audit   'source-map': [ '0.6.1', '0.5.6' ],
2947 silly audit   'css-in-js-utils': [ '3.1.0' ],
2947 silly audit   'hyphenate-style-name': [ '1.1.0' ],
2947 silly audit   lodash: [ '4.18.1' ],
2947 silly audit   'react-is': [ '18.3.1', '16.13.1' ],
2947 silly audit   'react-smooth': [ '4.0.4' ],
2947 silly audit   'recharts-scale': [ '0.4.5' ],
2947 silly audit   'victory-vendor': [ '36.9.2' ],
2947 silly audit   'fast-equals': [ '5.4.1' ],
2947 silly audit   'prop-types': [ '15.8.1' ],
2947 silly audit   'react-transition-group': [ '4.4.5' ],
2947 silly audit   'loose-envify': [ '1.4.0' ],
2947 silly audit   'object-assign': [ '4.1.1' ],
2947 silly audit   'dom-helpers': [ '5.2.1' ],
2947 silly audit   'decimal.js-light': [ '2.5.1' ],
2947 silly audit   'shebang-regex': [ '3.0.0' ],
2947 silly audit   'error-stack-parser': [ '2.1.4' ],
2947 silly audit   'stack-generator': [ '2.0.10' ],
2947 silly audit   'stacktrace-gps': [ '3.1.2' ],
2947 silly audit   stackframe: [ '1.3.4' ],
2947 silly audit   '@alloc/quick-lru': [ '5.2.0' ],
2947 silly audit   arg: [ '5.0.2' ],
2947 silly audit   chokidar: [ '3.6.0' ],
2947 silly audit   didyoumean: [ '1.2.2' ],
2947 silly audit   dlv: [ '1.1.3' ],
2947 silly audit   'fast-glob': [ '3.3.3' ],
2947 silly audit   'glob-parent': [ '6.0.2', '5.1.2' ],
2947 silly audit   'is-glob': [ '4.0.3' ],
2947 silly audit   jiti: [ '1.21.7' ],
2947 silly audit   lilconfig: [ '3.1.3' ],
2947 silly audit   micromatch: [ '4.0.8' ],
2947 silly audit   'normalize-path': [ '3.0.0' ],
2947 silly audit   'object-hash': [ '3.0.0' ],
2947 silly audit   'postcss-import': [ '15.1.0' ],
2947 silly audit   'postcss-js': [ '4.1.0' ],
2947 silly audit   'postcss-load-config': [ '6.0.1' ],
2947 silly audit   'postcss-nested': [ '6.2.0' ],
2947 silly audit   resolve: [ '1.22.12' ],
2947 silly audit   sucrase: [ '3.35.1' ],
2947 silly audit   anymatch: [ '3.1.3' ],
2947 silly audit   braces: [ '3.0.3' ],
2947 silly audit   fsevents: [ '2.3.3' ],
2947 silly audit   'is-binary-path': [ '2.1.0' ],
2947 silly audit   readdirp: [ '3.6.0' ],
2947 silly audit   picomatch: [ '2.3.2', '4.0.5' ],
2947 silly audit   'fill-range': [ '7.1.1' ],
2947 silly audit   '@nodelib/fs.stat': [ '2.0.5' ],
2947 silly audit   '@nodelib/fs.walk': [ '1.2.8' ],
2947 silly audit   merge2: [ '1.4.1' ],
2947 silly audit   '@nodelib/fs.scandir': [ '2.1.5' ],
2947 silly audit   fastq: [ '1.20.1' ],
2947 silly audit   'run-parallel': [ '1.2.0' ],
2947 silly audit   reusify: [ '1.1.0' ],
2947 silly audit   'to-regex-range': [ '5.0.1' ],
2947 silly audit   'binary-extensions': [ '2.3.0' ],
2947 silly audit   'is-extglob': [ '2.1.1' ],
2947 silly audit   'read-cache': [ '1.0.0' ],
2947 silly audit   'camelcase-css': [ '2.0.1' ],
2947 silly audit   pify: [ '2.3.0' ],
2947 silly audit   'es-errors': [ '1.3.0' ],
2947 silly audit   'is-core-module': [ '2.16.2' ],
2947 silly audit   'path-parse': [ '1.0.7' ],
2947 silly audit   'supports-preserve-symlinks-flag': [ '1.0.0' ],
2947 silly audit   hasown: [ '2.0.4' ],
2947 silly audit   'function-bind': [ '1.1.2' ],
2947 silly audit   'queue-microtask': [ '1.2.3' ],
2947 silly audit   commander: [ '4.1.1' ],
2947 silly audit   'lines-and-columns': [ '1.2.4' ],
2947 silly audit   mz: [ '2.7.0' ],
2947 silly audit   pirates: [ '4.0.7' ],
2947 silly audit   tinyglobby: [ '0.2.17' ],
2947 silly audit   'ts-interface-checker': [ '0.1.13' ],
2947 silly audit   'any-promise': [ '1.3.0' ],
2947 silly audit   'thenify-all': [ '1.6.0' ],
2947 silly audit   thenify: [ '3.3.1' ],
2947 silly audit   '@types/draco3d': [ '1.4.10' ],
2947 silly audit   '@types/offscreencanvas': [ '2019.7.3' ],
2947 silly audit   draco3d: [ '1.5.7' ],
2947 silly audit   potpack: [ '1.0.2' ],
2947 silly audit   fdir: [ '6.5.0' ],
2947 silly audit   'is-number': [ '7.0.0' ],
2947 silly audit   'bidi-js': [ '1.0.3' ],
2947 silly audit   'troika-three-utils': [ '0.52.5' ],
2947 silly audit   'troika-worker-utils': [ '0.52.0' ],
2947 silly audit   'webgl-sdf-generator': [ '1.1.1' ],
2947 silly audit   'require-from-string': [ '2.0.2' ],
2947 silly audit   escalade: [ '3.2.0' ],
2947 silly audit   'detect-node-es': [ '1.1.0' ],
2947 silly audit   'base64-arraybuffer': [ '1.0.2' ],
2947 silly audit   '@types/d3-array': [ '3.2.2' ],
2947 silly audit   '@types/d3-ease': [ '3.0.2' ],
2947 silly audit   '@types/d3-interpolate': [ '3.0.4' ],
2947 silly audit   '@types/d3-scale': [ '4.0.9' ],
2947 silly audit   '@types/d3-shape': [ '3.1.8' ],
2947 silly audit   '@types/d3-time': [ '3.0.4' ],
2947 silly audit   '@types/d3-timer': [ '3.0.2' ],
2947 silly audit   'd3-array': [ '3.2.4' ],
2947 silly audit   'd3-ease': [ '3.0.1' ],
2947 silly audit   'd3-interpolate': [ '3.0.1' ],
2947 silly audit   'd3-scale': [ '4.0.2' ],
2947 silly audit   'd3-shape': [ '3.2.0' ],
2947 silly audit   'd3-time': [ '3.1.0' ],
2947 silly audit   'd3-timer': [ '3.0.1' ],
2947 silly audit   '@types/d3-color': [ '3.1.3' ],
2947 silly audit   '@types/d3-path': [ '3.1.1' ],
2947 silly audit   internmap: [ '2.0.3' ],
2947 silly audit   'd3-color': [ '3.1.0' ],
2947 silly audit   'd3-format': [ '3.1.2' ],
2947 silly audit   'd3-time-format': [ '4.1.0' ],
2947 silly audit   'd3-path': [ '3.1.0' ],
2947 silly audit   esbuild: [ '0.21.5' ],
2947 silly audit   rollup: [ '4.62.3' ],
2947 silly audit   '@esbuild/aix-ppc64': [ '0.21.5' ],
2947 silly audit   '@esbuild/android-arm': [ '0.21.5' ],
2947 silly audit   '@esbuild/android-arm64': [ '0.21.5' ],
2947 silly audit   '@esbuild/android-x64': [ '0.21.5' ],
2947 silly audit   '@esbuild/darwin-arm64': [ '0.21.5' ],
2947 silly audit   '@esbuild/darwin-x64': [ '0.21.5' ],
2947 silly audit   '@esbuild/freebsd-arm64': [ '0.21.5' ],
2947 silly audit   '@esbuild/freebsd-x64': [ '0.21.5' ],
2947 silly audit   '@esbuild/linux-arm': [ '0.21.5' ],
2947 silly audit   '@esbuild/linux-arm64': [ '0.21.5' ],
2947 silly audit   '@esbuild/linux-ia32': [ '0.21.5' ],
2947 silly audit   '@esbuild/linux-loong64': [ '0.21.5' ],
2947 silly audit   '@esbuild/linux-mips64el': [ '0.21.5' ],
2947 silly audit   '@esbuild/linux-ppc64': [ '0.21.5' ],
2947 silly audit   '@esbuild/linux-riscv64': [ '0.21.5' ],
2947 silly audit   '@esbuild/linux-s390x': [ '0.21.5' ],
2947 silly audit   '@esbuild/linux-x64': [ '0.21.5' ],
2947 silly audit   '@esbuild/netbsd-x64': [ '0.21.5' ],
2947 silly audit   '@esbuild/openbsd-x64': [ '0.21.5' ],
2947 silly audit   '@esbuild/sunos-x64': [ '0.21.5' ],
2947 silly audit   '@esbuild/win32-arm64': [ '0.21.5' ],
2947 silly audit   '@esbuild/win32-ia32': [ '0.21.5' ],
2947 silly audit   '@esbuild/win32-x64': [ '0.21.5' ],
2947 silly audit   '@rollup/rollup-android-arm-eabi': [ '4.62.3' ],
2947 silly audit   '@rollup/rollup-android-arm64': [ '4.62.3' ],
2947 silly audit   '@rollup/rollup-darwin-arm64': [ '4.62.3' ],
2947 silly audit   '@rollup/rollup-darwin-x64': [ '4.62.3' ],
2947 silly audit   '@rollup/rollup-freebsd-arm64': [ '4.62.3' ],
2947 silly audit   '@rollup/rollup-freebsd-x64': [ '4.62.3' ],
2947 silly audit   '@rollup/rollup-linux-arm-gnueabihf': [ '4.62.3' ],
2947 silly audit   '@rollup/rollup-linux-arm-musleabihf': [ '4.62.3' ],
2947 silly audit   '@rollup/rollup-linux-arm64-gnu': [ '4.62.3' ],
2947 silly audit   '@rollup/rollup-linux-arm64-musl': [ '4.62.3' ],
2947 silly audit   '@rollup/rollup-linux-loong64-gnu': [ '4.62.3' ],
2947 silly audit   '@rollup/rollup-linux-loong64-musl': [ '4.62.3' ],
2947 silly audit   '@rollup/rollup-linux-ppc64-gnu': [ '4.62.3' ],
2947 silly audit   '@rollup/rollup-linux-ppc64-musl': [ '4.62.3' ],
2947 silly audit   '@rollup/rollup-linux-riscv64-gnu': [ '4.62.3' ],
2947 silly audit   '@rollup/rollup-linux-riscv64-musl': [ '4.62.3' ],
2947 silly audit   '@rollup/rollup-linux-s390x-gnu': [ '4.62.3' ],
2947 silly audit   '@rollup/rollup-linux-x64-gnu': [ '4.62.3' ],
2947 silly audit   '@rollup/rollup-linux-x64-musl': [ '4.62.3' ],
2947 silly audit   '@rollup/rollup-openbsd-x64': [ '4.62.3' ],
2947 silly audit   '@rollup/rollup-openharmony-arm64': [ '4.62.3' ],
2947 silly audit   '@rollup/rollup-win32-arm64-msvc': [ '4.62.3' ],
2947 silly audit   '@rollup/rollup-win32-ia32-msvc': [ '4.62.3' ],
2947 silly audit   '@rollup/rollup-win32-x64-gnu': [ '4.62.3' ],
2947 silly audit   '@rollup/rollup-win32-x64-msvc': [ '4.62.3' ],
2947 silly audit   '@types/estree': [ '1.0.9' ],
2947 silly audit   isexe: [ '2.0.0' ]
2947 silly audit }
2948 verbose reify failed optional dependency /home/drarmank/source_build/dr.armankabir-main/src/frontend/node_modules/@rollup/rollup-win32-x64-msvc
2949 silly reify mark deleted [
2949 silly reify   '/home/drarmank/source_build/dr.armankabir-main/src/frontend/node_modules/@rollup/rollup-win32-x64-msvc'
2949 silly reify ]
2950 verbose reify failed optional dependency /home/drarmank/source_build/dr.armankabir-main/src/frontend/node_modules/@rollup/rollup-win32-x64-gnu
2951 silly reify mark deleted [
2951 silly reify   '/home/drarmank/source_build/dr.armankabir-main/src/frontend/node_modules/@rollup/rollup-win32-x64-gnu'
2951 silly reify ]
2952 verbose reify failed optional dependency /home/drarmank/source_build/dr.armankabir-main/src/frontend/node_modules/@rollup/rollup-win32-ia32-msvc
2953 silly reify mark deleted [
2953 silly reify   '/home/drarmank/source_build/dr.armankabir-main/src/frontend/node_modules/@rollup/rollup-win32-ia32-msvc'
2953 silly reify ]
2954 verbose reify failed optional dependency /home/drarmank/source_build/dr.armankabir-main/src/frontend/node_modules/@rollup/rollup-win32-arm64-msvc
2955 silly reify mark deleted [
2955 silly reify   '/home/drarmank/source_build/dr.armankabir-main/src/frontend/node_modules/@rollup/rollup-win32-arm64-msvc'
2955 silly reify ]
2956 verbose reify failed optional dependency /home/drarmank/source_build/dr.armankabir-main/src/frontend/node_modules/@rollup/rollup-openharmony-arm64
2957 silly reify mark deleted [
2957 silly reify   '/home/drarmank/source_build/dr.armankabir-main/src/frontend/node_modules/@rollup/rollup-openharmony-arm64'
2957 silly reify ]
2958 verbose reify failed optional dependency /home/drarmank/source_build/dr.armankabir-main/src/frontend/node_modules/@rollup/rollup-openbsd-x64
2959 silly reify mark deleted [
2959 silly reify   '/home/drarmank/source_build/dr.armankabir-main/src/frontend/node_modules/@rollup/rollup-openbsd-x64'
2959 silly reify ]
2960 verbose reify failed optional dependency /home/drarmank/source_build/dr.armankabir-main/src/frontend/node_modules/@rollup/rollup-linux-x64-musl
2961 silly reify mark deleted [
2961 silly reify   '/home/drarmank/source_build/dr.armankabir-main/src/frontend/node_modules/@rollup/rollup-linux-x64-musl'
2961 silly reify ]
2962 verbose reify failed optional dependency /home/drarmank/source_build/dr.armankabir-main/src/frontend/node_modules/@rollup/rollup-linux-s390x-gnu
2963 silly reify mark deleted [
2963 silly reify   '/home/drarmank/source_build/dr.armankabir-main/src/frontend/node_modules/@rollup/rollup-linux-s390x-gnu'
2963 silly reify ]
2964 verbose reify failed optional dependency /home/drarmank/source_build/dr.armankabir-main/src/frontend/node_modules/@rollup/rollup-linux-riscv64-musl
2965 silly reify mark deleted [
2965 silly reify   '/home/drarmank/source_build/dr.armankabir-main/src/frontend/node_modules/@rollup/rollup-linux-riscv64-musl'
2965 silly reify ]
2966 verbose reify failed optional dependency /home/drarmank/source_build/dr.armankabir-main/src/frontend/node_modules/@rollup/rollup-linux-riscv64-gnu
2967 silly reify mark deleted [
2967 silly reify   '/home/drarmank/source_build/dr.armankabir-main/src/frontend/node_modules/@rollup/rollup-linux-riscv64-gnu'
2967 silly reify ]
2968 verbose reify failed optional dependency /home/drarmank/source_build/dr.armankabir-main/src/frontend/node_modules/@rollup/rollup-linux-ppc64-musl
2969 silly reify mark deleted [
2969 silly reify   '/home/drarmank/source_build/dr.armankabir-main/src/frontend/node_modules/@rollup/rollup-linux-ppc64-musl'
2969 silly reify ]
2970 verbose reify failed optional dependency /home/drarmank/source_build/dr.armankabir-main/src/frontend/node_modules/@rollup/rollup-linux-ppc64-gnu
2971 silly reify mark deleted [
2971 silly reify   '/home/drarmank/source_build/dr.armankabir-main/src/frontend/node_modules/@rollup/rollup-linux-ppc64-gnu'
2971 silly reify ]
2972 verbose reify failed optional dependency /home/drarmank/source_build/dr.armankabir-main/src/frontend/node_modules/@rollup/rollup-linux-loong64-musl
2973 silly reify mark deleted [
2973 silly reify   '/home/drarmank/source_build/dr.armankabir-main/src/frontend/node_modules/@rollup/rollup-linux-loong64-musl'
2973 silly reify ]
2974 verbose reify failed optional dependency /home/drarmank/source_build/dr.armankabir-main/src/frontend/node_modules/@rollup/rollup-linux-loong64-gnu
2975 silly reify mark deleted [
2975 silly reify   '/home/drarmank/source_build/dr.armankabir-main/src/frontend/node_modules/@rollup/rollup-linux-loong64-gnu'
2975 silly reify ]
2976 verbose reify failed optional dependency /home/drarmank/source_build/dr.armankabir-main/src/frontend/node_modules/@rollup/rollup-linux-arm64-musl
2977 silly reify mark deleted [
2977 silly reify   '/home/drarmank/source_build/dr.armankabir-main/src/frontend/node_modules/@rollup/rollup-linux-arm64-musl'
2977 silly reify ]
2978 verbose reify failed optional dependency /home/drarmank/source_build/dr.armankabir-main/src/frontend/node_modules/@rollup/rollup-linux-arm64-gnu
2979 silly reify mark deleted [
2979 silly reify   '/home/drarmank/source_build/dr.armankabir-main/src/frontend/node_modules/@rollup/rollup-linux-arm64-gnu'
2979 silly reify ]
2980 verbose reify failed optional dependency /home/drarmank/source_build/dr.armankabir-main/src/frontend/node_modules/@rollup/rollup-linux-arm-musleabihf
2981 silly reify mark deleted [
2981 silly reify   '/home/drarmank/source_build/dr.armankabir-main/src/frontend/node_modules/@rollup/rollup-linux-arm-musleabihf'
2981 silly reify ]
2982 verbose reify failed optional dependency /home/drarmank/source_build/dr.armankabir-main/src/frontend/node_modules/@rollup/rollup-linux-arm-gnueabihf
2983 silly reify mark deleted [
2983 silly reify   '/home/drarmank/source_build/dr.armankabir-main/src/frontend/node_modules/@rollup/rollup-linux-arm-gnueabihf'
2983 silly reify ]
2984 verbose reify failed optional dependency /home/drarmank/source_build/dr.armankabir-main/src/frontend/node_modules/@rollup/rollup-freebsd-x64
2985 silly reify mark deleted [
2985 silly reify   '/home/drarmank/source_build/dr.armankabir-main/src/frontend/node_modules/@rollup/rollup-freebsd-x64'
2985 silly reify ]
2986 verbose reify failed optional dependency /home/drarmank/source_build/dr.armankabir-main/src/frontend/node_modules/@rollup/rollup-freebsd-arm64
2987 silly reify mark deleted [
2987 silly reify   '/home/drarmank/source_build/dr.armankabir-main/src/frontend/node_modules/@rollup/rollup-freebsd-arm64'
2987 silly reify ]
2988 verbose reify failed optional dependency /home/drarmank/source_build/dr.armankabir-main/src/frontend/node_modules/@rollup/rollup-darwin-x64
2989 silly reify mark deleted [
2989 silly reify   '/home/drarmank/source_build/dr.armankabir-main/src/frontend/node_modules/@rollup/rollup-darwin-x64'
2989 silly reify ]
2990 verbose reify failed optional dependency /home/drarmank/source_build/dr.armankabir-main/src/frontend/node_modules/@rollup/rollup-darwin-arm64
2991 silly reify mark deleted [
2991 silly reify   '/home/drarmank/source_build/dr.armankabir-main/src/frontend/node_modules/@rollup/rollup-darwin-arm64'
2991 silly reify ]
2992 verbose reify failed optional dependency /home/drarmank/source_build/dr.armankabir-main/src/frontend/node_modules/@rollup/rollup-android-arm64
2993 silly reify mark deleted [
2993 silly reify   '/home/drarmank/source_build/dr.armankabir-main/src/frontend/node_modules/@rollup/rollup-android-arm64'
2993 silly reify ]
2994 verbose reify failed optional dependency /home/drarmank/source_build/dr.armankabir-main/src/frontend/node_modules/@rollup/rollup-android-arm-eabi
2995 silly reify mark deleted [
2995 silly reify   '/home/drarmank/source_build/dr.armankabir-main/src/frontend/node_modules/@rollup/rollup-android-arm-eabi'
2995 silly reify ]
2996 verbose reify failed optional dependency /home/drarmank/source_build/dr.armankabir-main/src/frontend/node_modules/@esbuild/win32-x64
2997 silly reify mark deleted [
2997 silly reify   '/home/drarmank/source_build/dr.armankabir-main/src/frontend/node_modules/@esbuild/win32-x64'
2997 silly reify ]
2998 verbose reify failed optional dependency /home/drarmank/source_build/dr.armankabir-main/src/frontend/node_modules/@esbuild/win32-ia32
2999 silly reify mark deleted [
2999 silly reify   '/home/drarmank/source_build/dr.armankabir-main/src/frontend/node_modules/@esbuild/win32-ia32'
2999 silly reify ]
3000 verbose reify failed optional dependency /home/drarmank/source_build/dr.armankabir-main/src/frontend/node_modules/@esbuild/win32-arm64
3001 silly reify mark deleted [
3001 silly reify   '/home/drarmank/source_build/dr.armankabir-main/src/frontend/node_modules/@esbuild/win32-arm64'
3001 silly reify ]
3002 verbose reify failed optional dependency /home/drarmank/source_build/dr.armankabir-main/src/frontend/node_modules/@esbuild/sunos-x64
3003 silly reify mark deleted [
3003 silly reify   '/home/drarmank/source_build/dr.armankabir-main/src/frontend/node_modules/@esbuild/sunos-x64'
3003 silly reify ]
3004 verbose reify failed optional dependency /home/drarmank/source_build/dr.armankabir-main/src/frontend/node_modules/@esbuild/openbsd-x64
3005 silly reify mark deleted [
3005 silly reify   '/home/drarmank/source_build/dr.armankabir-main/src/frontend/node_modules/@esbuild/openbsd-x64'
3005 silly reify ]
3006 verbose reify failed optional dependency /home/drarmank/source_build/dr.armankabir-main/src/frontend/node_modules/@esbuild/netbsd-x64
3007 silly reify mark deleted [
3007 silly reify   '/home/drarmank/source_build/dr.armankabir-main/src/frontend/node_modules/@esbuild/netbsd-x64'
3007 silly reify ]
3008 verbose reify failed optional dependency /home/drarmank/source_build/dr.armankabir-main/src/frontend/node_modules/@esbuild/linux-s390x
3009 silly reify mark deleted [
3009 silly reify   '/home/drarmank/source_build/dr.armankabir-main/src/frontend/node_modules/@esbuild/linux-s390x'
3009 silly reify ]
3010 verbose reify failed optional dependency /home/drarmank/source_build/dr.armankabir-main/src/frontend/node_modules/@esbuild/linux-riscv64
3011 silly reify mark deleted [
3011 silly reify   '/home/drarmank/source_build/dr.armankabir-main/src/frontend/node_modules/@esbuild/linux-riscv64'
3011 silly reify ]
3012 verbose reify failed optional dependency /home/drarmank/source_build/dr.armankabir-main/src/frontend/node_modules/@esbuild/linux-ppc64
3013 silly reify mark deleted [
3013 silly reify   '/home/drarmank/source_build/dr.armankabir-main/src/frontend/node_modules/@esbuild/linux-ppc64'
3013 silly reify ]
3014 verbose reify failed optional dependency /home/drarmank/source_build/dr.armankabir-main/src/frontend/node_modules/@esbuild/linux-mips64el
3015 silly reify mark deleted [
3015 silly reify   '/home/drarmank/source_build/dr.armankabir-main/src/frontend/node_modules/@esbuild/linux-mips64el'
3015 silly reify ]
3016 verbose reify failed optional dependency /home/drarmank/source_build/dr.armankabir-main/src/frontend/node_modules/@esbuild/linux-loong64
3017 silly reify mark deleted [
3017 silly reify   '/home/drarmank/source_build/dr.armankabir-main/src/frontend/node_modules/@esbuild/linux-loong64'
3017 silly reify ]
3018 verbose reify failed optional dependency /home/drarmank/source_build/dr.armankabir-main/src/frontend/node_modules/@esbuild/linux-ia32
3019 silly reify mark deleted [
3019 silly reify   '/home/drarmank/source_build/dr.armankabir-main/src/frontend/node_modules/@esbuild/linux-ia32'
3019 silly reify ]
3020 verbose reify failed optional dependency /home/drarmank/source_build/dr.armankabir-main/src/frontend/node_modules/@esbuild/linux-arm64
3021 silly reify mark deleted [
3021 silly reify   '/home/drarmank/source_build/dr.armankabir-main/src/frontend/node_modules/@esbuild/linux-arm64'
3021 silly reify ]
3022 verbose reify failed optional dependency /home/drarmank/source_build/dr.armankabir-main/src/frontend/node_modules/@esbuild/linux-arm
3023 silly reify mark deleted [
3023 silly reify   '/home/drarmank/source_build/dr.armankabir-main/src/frontend/node_modules/@esbuild/linux-arm'
3023 silly reify ]
3024 verbose reify failed optional dependency /home/drarmank/source_build/dr.armankabir-main/src/frontend/node_modules/@esbuild/freebsd-x64
3025 silly reify mark deleted [
3025 silly reify   '/home/drarmank/source_build/dr.armankabir-main/src/frontend/node_modules/@esbuild/freebsd-x64'
3025 silly reify ]
3026 verbose reify failed optional dependency /home/drarmank/source_build/dr.armankabir-main/src/frontend/node_modules/@esbuild/freebsd-arm64
3027 silly reify mark deleted [
3027 silly reify   '/home/drarmank/source_build/dr.armankabir-main/src/frontend/node_modules/@esbuild/freebsd-arm64'
3027 silly reify ]
3028 verbose reify failed optional dependency /home/drarmank/source_build/dr.armankabir-main/src/frontend/node_modules/@esbuild/darwin-x64
3029 silly reify mark deleted [
3029 silly reify   '/home/drarmank/source_build/dr.armankabir-main/src/frontend/node_modules/@esbuild/darwin-x64'
3029 silly reify ]
3030 verbose reify failed optional dependency /home/drarmank/source_build/dr.armankabir-main/src/frontend/node_modules/@esbuild/darwin-arm64
3031 silly reify mark deleted [
3031 silly reify   '/home/drarmank/source_build/dr.armankabir-main/src/frontend/node_modules/@esbuild/darwin-arm64'
3031 silly reify ]
3032 verbose reify failed optional dependency /home/drarmank/source_build/dr.armankabir-main/src/frontend/node_modules/@esbuild/android-x64
3033 silly reify mark deleted [
3033 silly reify   '/home/drarmank/source_build/dr.armankabir-main/src/frontend/node_modules/@esbuild/android-x64'
3033 silly reify ]
3034 verbose reify failed optional dependency /home/drarmank/source_build/dr.armankabir-main/src/frontend/node_modules/@esbuild/android-arm64
3035 silly reify mark deleted [
3035 silly reify   '/home/drarmank/source_build/dr.armankabir-main/src/frontend/node_modules/@esbuild/android-arm64'
3035 silly reify ]
3036 verbose reify failed optional dependency /home/drarmank/source_build/dr.armankabir-main/src/frontend/node_modules/@esbuild/android-arm
3037 silly reify mark deleted [
3037 silly reify   '/home/drarmank/source_build/dr.armankabir-main/src/frontend/node_modules/@esbuild/android-arm'
3037 silly reify ]
3038 verbose reify failed optional dependency /home/drarmank/source_build/dr.armankabir-main/src/frontend/node_modules/@esbuild/aix-ppc64
3039 silly reify mark deleted [
3039 silly reify   '/home/drarmank/source_build/dr.armankabir-main/src/frontend/node_modules/@esbuild/aix-ppc64'
3039 silly reify ]
3040 verbose reify failed optional dependency /home/drarmank/source_build/dr.armankabir-main/src/frontend/node_modules/fsevents
3041 silly reify mark deleted [
3041 silly reify   '/home/drarmank/source_build/dr.armankabir-main/src/frontend/node_modules/fsevents'
3041 silly reify ]
3042 verbose reify failed optional dependency /home/drarmank/source_build/dr.armankabir-main/src/frontend/node_modules/@biomejs/cli-win32-x64
3043 silly reify mark deleted [
3043 silly reify   '/home/drarmank/source_build/dr.armankabir-main/src/frontend/node_modules/@biomejs/cli-win32-x64'
3043 silly reify ]
3044 verbose reify failed optional dependency /home/drarmank/source_build/dr.armankabir-main/src/frontend/node_modules/@biomejs/cli-win32-arm64
3045 silly reify mark deleted [
3045 silly reify   '/home/drarmank/source_build/dr.armankabir-main/src/frontend/node_modules/@biomejs/cli-win32-arm64'
3045 silly reify ]
3046 verbose reify failed optional dependency /home/drarmank/source_build/dr.armankabir-main/src/frontend/node_modules/@biomejs/cli-linux-x64-musl
3047 silly reify mark deleted [
3047 silly reify   '/home/drarmank/source_build/dr.armankabir-main/src/frontend/node_modules/@biomejs/cli-linux-x64-musl'
3047 silly reify ]
3048 verbose reify failed optional dependency /home/drarmank/source_build/dr.armankabir-main/src/frontend/node_modules/@biomejs/cli-linux-arm64-musl
3049 silly reify mark deleted [
3049 silly reify   '/home/drarmank/source_build/dr.armankabir-main/src/frontend/node_modules/@biomejs/cli-linux-arm64-musl'
3049 silly reify ]
3050 verbose reify failed optional dependency /home/drarmank/source_build/dr.armankabir-main/src/frontend/node_modules/@biomejs/cli-linux-arm64
3051 silly reify mark deleted [
3051 silly reify   '/home/drarmank/source_build/dr.armankabir-main/src/frontend/node_modules/@biomejs/cli-linux-arm64'
3051 silly reify ]
3052 verbose reify failed optional dependency /home/drarmank/source_build/dr.armankabir-main/src/frontend/node_modules/@biomejs/cli-darwin-x64
3053 silly reify mark deleted [
3053 silly reify   '/home/drarmank/source_build/dr.armankabir-main/src/frontend/node_modules/@biomejs/cli-darwin-x64'
3053 silly reify ]
3054 verbose reify failed optional dependency /home/drarmank/source_build/dr.armankabir-main/src/frontend/node_modules/@biomejs/cli-darwin-arm64
3055 silly reify mark deleted [
3055 silly reify   '/home/drarmank/source_build/dr.armankabir-main/src/frontend/node_modules/@biomejs/cli-darwin-arm64'
3055 silly reify ]
3056 http fetch POST 200 https://registry.npmjs.org/-/npm/v1/security/advisories/bulk 10697ms
3057 silly audit report {
3057 silly audit report   vite: [
3057 silly audit report     {
3057 silly audit report       id: 1120784,
3057 silly audit report       url: 'https://github.com/advisories/GHSA-v6wh-96g9-6wx3',
3057 silly audit report       title: 'launch-editor: NTLMv2 hash disclosure via UNC path handling on Windows',
3057 silly audit report       severity: 'moderate',
3057 silly audit report       vulnerable_versions: '<=6.4.2',
3057 silly audit report       cwe: [Array],
3057 silly audit report       cvss: [Object]
3057 silly audit report     },
3057 silly audit report     {
3057 silly audit report       id: 1116229,
3057 silly audit report       url: 'https://github.com/advisories/GHSA-4w7w-66w2-5vf9',
3057 silly audit report       title: 'Vite Vulnerable to Path Traversal in Optimized Deps `.map` Handling',
3057 silly audit report       severity: 'moderate',
3057 silly audit report       vulnerable_versions: '<=6.4.1',
3057 silly audit report       cwe: [Array],
3057 silly audit report       cvss: [Object]
3057 silly audit report     },
3057 silly audit report     {
3057 silly audit report       id: 1123525,
3057 silly audit report       url: 'https://github.com/advisories/GHSA-fx2h-pf6j-xcff',
3057 silly audit report       title: 'vite: `server.fs.deny` bypass on Windows alternate paths',
3057 silly audit report       severity: 'high',
3057 silly audit report       vulnerable_versions: '<=6.4.2',
3057 silly audit report       cwe: [Array],
3057 silly audit report       cvss: [Object]
3057 silly audit report     }
3057 silly audit report   ],
3057 silly audit report   quill: [
3057 silly audit report     {
3057 silly audit report       id: 1116451,
3057 silly audit report       url: 'https://github.com/advisories/GHSA-v3m3-f69x-jf25',
3057 silly audit report       title: 'Quill is vulnerable to XSS via HTML export feature',
3057 silly audit report       severity: 'low',
3057 silly audit report       vulnerable_versions: '=2.0.3',
3057 silly audit report       cwe: [Array],
3057 silly audit report       cvss: [Object]
3057 silly audit report     }
3057 silly audit report   ],
3057 silly audit report   esbuild: [
3057 silly audit report     {
3057 silly audit report       id: 1102341,
3057 silly audit report       url: 'https://github.com/advisories/GHSA-67mh-4wv8-2f99',
3057 silly audit report       title: 'esbuild enables any website to send any requests to the development server and read the response',
3057 silly audit report       severity: 'moderate',
3057 silly audit report       vulnerable_versions: '<=0.24.2',
3057 silly audit report       cwe: [Array],
3057 silly audit report       cvss: [Object]
3057 silly audit report     }
3057 silly audit report   ]
3057 silly audit report }
3058 silly packumentCache corgi:https://registry.npmjs.org/vite cache-miss
3059 silly packumentCache corgi:https://registry.npmjs.org/quill cache-miss
3060 silly packumentCache corgi:https://registry.npmjs.org/esbuild cache-miss
3061 warn deprecated lodash.isequal@4.5.0: This package is deprecated. Use require('node:util').isDeepStrictEqual instead.
3062 http fetch GET 200 https://registry.npmjs.org/quill 1773ms (cache hit)
3063 silly packumentCache corgi:https://registry.npmjs.org/quill set size:153675 disposed:false
3064 http fetch GET 200 https://registry.npmjs.org/esbuild 1780ms (cache hit)
3065 silly packumentCache corgi:https://registry.npmjs.org/esbuild set size:887361 disposed:false
3066 http fetch GET 200 https://registry.npmjs.org/vite 1804ms (cache hit)
3067 silly packumentCache corgi:https://registry.npmjs.org/vite set size:2288699 disposed:false
3068 silly packumentCache corgi:https://registry.npmjs.org/@vitejs%2fplugin-react cache-miss
3069 silly packumentCache corgi:https://registry.npmjs.org/vite-plugin-environment cache-miss
3070 http fetch GET 200 https://registry.npmjs.org/@vitejs%2fplugin-react 637ms (cache hit)
3071 silly packumentCache corgi:https://registry.npmjs.org/@vitejs%2fplugin-react set size:116307 disposed:false
3072 http fetch GET 200 https://registry.npmjs.org/vite-plugin-environment 652ms (cache hit)
3073 silly packumentCache corgi:https://registry.npmjs.org/vite-plugin-environment set size:11950 disposed:false
3074 silly packumentCache corgi:https://registry.npmjs.org/react-quill-new cache-miss
3075 http fetch GET 200 https://registry.npmjs.org/react-quill-new 505ms (cache hit)
3076 silly packumentCache corgi:https://registry.npmjs.org/react-quill-new set size:37561 disposed:false
3077 warn deprecated recharts@2.15.4: 1.x and 2.x branches are no longer active. Bump to Recharts v3 to receive latest features and bugfixes. See https://github.com/recharts/recharts/wiki/3.0-migration-guide
3078 info run @biomejs/biome@1.9.4 postinstall node_modules/@biomejs/biome node scripts/postinstall.js
3079 info run esbuild@0.21.5 postinstall node_modules/esbuild node install.js
3080 info run @biomejs/biome@1.9.4 postinstall { code: 0, signal: null }
3081 info run esbuild@0.21.5 postinstall { code: 0, signal: null }
3082 silly ADD node_modules/isexe
3083 silly ADD node_modules/@types/estree
3084 silly ADD
3085 silly ADD
3086 silly ADD
3087 silly ADD
3088 silly ADD
3089 silly ADD
3090 silly ADD
3091 silly ADD node_modules/@rollup/rollup-linux-x64-gnu
3092 silly ADD
3093 silly ADD
3094 silly ADD
3095 silly ADD
3096 silly ADD
3097 silly ADD
3098 silly ADD
3099 silly ADD
3100 silly ADD
3101 silly ADD
3102 silly ADD
3103 silly ADD
3104 silly ADD
3105 silly ADD
3106 silly ADD
3107 silly ADD
3108 silly ADD
3109 silly ADD
3110 silly ADD
3111 silly ADD
3112 silly ADD
3113 silly ADD
3114 silly ADD
3115 silly ADD node_modules/@esbuild/linux-x64
3116 silly ADD
3117 silly ADD
3118 silly ADD
3119 silly ADD
3120 silly ADD
3121 silly ADD
3122 silly ADD
3123 silly ADD
3124 silly ADD
3125 silly ADD
3126 silly ADD
3127 silly ADD
3128 silly ADD
3129 silly ADD
3130 silly ADD
3131 silly ADD
3132 silly ADD node_modules/rollup
3133 silly ADD node_modules/esbuild
3134 silly ADD node_modules/d3-path
3135 silly ADD node_modules/d3-time-format
3136 silly ADD node_modules/d3-format
3137 silly ADD node_modules/d3-color
3138 silly ADD node_modules/internmap
3139 silly ADD node_modules/@types/d3-path
3140 silly ADD node_modules/@types/d3-color
3141 silly ADD node_modules/d3-timer
3142 silly ADD node_modules/d3-time
3143 silly ADD node_modules/d3-shape
3144 silly ADD node_modules/d3-scale
3145 silly ADD node_modules/d3-interpolate
3146 silly ADD node_modules/d3-ease
3147 silly ADD node_modules/d3-array
3148 silly ADD node_modules/@types/d3-timer
3149 silly ADD node_modules/@types/d3-time
3150 silly ADD node_modules/@types/d3-shape
3151 silly ADD node_modules/@types/d3-scale
3152 silly ADD node_modules/@types/d3-interpolate
3153 silly ADD node_modules/@types/d3-ease
3154 silly ADD node_modules/@types/d3-array
3155 silly ADD node_modules/base64-arraybuffer
3156 silly ADD node_modules/detect-node-es
3157 silly ADD node_modules/escalade
3158 silly ADD node_modules/require-from-string
3159 silly ADD node_modules/webgl-sdf-generator
3160 silly ADD node_modules/troika-worker-utils
3161 silly ADD node_modules/troika-three-utils
3162 silly ADD node_modules/bidi-js
3163 silly ADD node_modules/is-number
3164 silly ADD node_modules/potpack
3165 silly ADD node_modules/draco3d
3166 silly ADD node_modules/@types/offscreencanvas
3167 silly ADD node_modules/@types/draco3d
3168 silly ADD node_modules/thenify
3169 silly ADD node_modules/thenify-all
3170 silly ADD node_modules/any-promise
3171 silly ADD node_modules/ts-interface-checker
3172 silly ADD node_modules/tinyglobby
3173 silly ADD node_modules/tinyglobby/node_modules/picomatch
3174 silly ADD node_modules/tinyglobby/node_modules/fdir
3175 silly ADD node_modules/pirates
3176 silly ADD node_modules/mz
3177 silly ADD node_modules/lines-and-columns
3178 silly ADD node_modules/commander
3179 silly ADD node_modules/queue-microtask
3180 silly ADD node_modules/function-bind
3181 silly ADD node_modules/hasown
3182 silly ADD node_modules/supports-preserve-symlinks-flag
3183 silly ADD node_modules/path-parse
3184 silly ADD node_modules/is-core-module
3185 silly ADD node_modules/es-errors
3186 silly ADD node_modules/pify
3187 silly ADD node_modules/camelcase-css
3188 silly ADD node_modules/read-cache
3189 silly ADD node_modules/is-extglob
3190 silly ADD node_modules/binary-extensions
3191 silly ADD node_modules/to-regex-range
3192 silly ADD node_modules/reusify
3193 silly ADD node_modules/run-parallel
3194 silly ADD node_modules/fastq
3195 silly ADD node_modules/@nodelib/fs.scandir
3196 silly ADD node_modules/merge2
3197 silly ADD node_modules/@nodelib/fs.walk
3198 silly ADD node_modules/@nodelib/fs.stat
3199 silly ADD node_modules/fill-range
3200 silly ADD node_modules/picomatch
3201 silly ADD node_modules/readdirp
3202 silly ADD node_modules/is-binary-path
3203 silly ADD
3204 silly ADD node_modules/braces
3205 silly ADD node_modules/anymatch
3206 silly ADD node_modules/sucrase
3207 silly ADD node_modules/resolve
3208 silly ADD node_modules/postcss-nested
3209 silly ADD node_modules/postcss-nested/node_modules/postcss-selector-parser
3210 silly ADD node_modules/postcss-load-config
3211 silly ADD node_modules/postcss-js
3212 silly ADD node_modules/postcss-import
3213 silly ADD node_modules/object-hash
3214 silly ADD node_modules/normalize-path
3215 silly ADD node_modules/micromatch
3216 silly ADD node_modules/lilconfig
3217 silly ADD node_modules/jiti
3218 silly ADD node_modules/is-glob
3219 silly ADD node_modules/glob-parent
3220 silly ADD node_modules/fast-glob
3221 silly ADD node_modules/fast-glob/node_modules/glob-parent
3222 silly ADD node_modules/dlv
3223 silly ADD node_modules/didyoumean
3224 silly ADD node_modules/chokidar
3225 silly ADD node_modules/chokidar/node_modules/glob-parent
3226 silly ADD node_modules/arg
3227 silly ADD node_modules/@alloc/quick-lru
3228 silly ADD node_modules/stackframe
3229 silly ADD node_modules/stacktrace-gps
3230 silly ADD node_modules/stacktrace-gps/node_modules/source-map
3231 silly ADD node_modules/stack-generator
3232 silly ADD node_modules/error-stack-parser
3233 silly ADD node_modules/shebang-regex
3234 silly ADD node_modules/decimal.js-light
3235 silly ADD node_modules/dom-helpers
3236 silly ADD node_modules/object-assign
3237 silly ADD node_modules/loose-envify
3238 silly ADD node_modules/react-transition-group
3239 silly ADD node_modules/prop-types
3240 silly ADD node_modules/prop-types/node_modules/react-is
3241 silly ADD node_modules/fast-equals
3242 silly ADD node_modules/victory-vendor
3243 silly ADD node_modules/recharts-scale
3244 silly ADD node_modules/react-smooth
3245 silly ADD node_modules/react-is
3246 silly ADD node_modules/lodash
3247 silly ADD node_modules/hyphenate-style-name
3248 silly ADD node_modules/css-in-js-utils
3249 silly ADD node_modules/source-map
3250 silly ADD node_modules/mdn-data
3251 silly ADD node_modules/stylis
3252 silly ADD node_modules/stacktrace-js
3253 silly ADD node_modules/rtl-css-js
3254 silly ADD node_modules/inline-style-prefixer
3255 silly ADD node_modules/fastest-stable-stringify
3256 silly ADD node_modules/css-tree
3257 silly ADD node_modules/toggle-selection
3258 silly ADD node_modules/ts-easing
3259 silly ADD node_modules/throttle-debounce
3260 silly ADD node_modules/set-harmonic-interval
3261 silly ADD node_modules/screenfull
3262 silly ADD node_modules/resize-observer-polyfill
3263 silly ADD node_modules/react-universal-interface
3264 silly ADD node_modules/nano-css
3265 silly ADD node_modules/js-cookie
3266 silly ADD node_modules/fast-shallow-equal
3267 silly ADD node_modules/fast-deep-equal
3268 silly ADD node_modules/copy-to-clipboard
3269 silly ADD node_modules/@xobotyi/scrollbar-width
3270 silly ADD node_modules/@types/js-cookie
3271 silly ADD node_modules/get-nonce
3272 silly ADD node_modules/use-sidecar
3273 silly ADD node_modules/use-callback-ref
3274 silly ADD node_modules/react-style-singleton
3275 silly ADD node_modules/react-remove-scroll-bar
3276 silly ADD node_modules/parchment
3277 silly ADD node_modules/eventemitter3
3278 silly ADD node_modules/quill
3279 silly ADD node_modules/lodash-es
3280 silly ADD node_modules/date-fns-jalali
3281 silly ADD node_modules/@tabby_ai/hijri-converter
3282 silly ADD node_modules/@date-fns/tz
3283 silly ADD node_modules/lodash.isequal
3284 silly ADD node_modules/lodash.clonedeep
3285 silly ADD node_modules/fast-diff
3286 silly ADD node_modules/immediate
3287 silly ADD node_modules/lie
3288 silly ADD node_modules/is-promise
3289 silly ADD node_modules/util-deprecate
3290 silly ADD node_modules/cssesc
3291 silly ADD node_modules/source-map-js
3292 silly ADD node_modules/nanoid
3293 silly ADD node_modules/motion-utils
3294 silly ADD node_modules/motion-dom
3295 silly ADD node_modules/framer-motion
3296 silly ADD node_modules/yallist
3297 silly ADD node_modules/utrie
3298 silly ADD node_modules/text-segmentation
3299 silly ADD node_modules/css-line-break
3300 silly ADD node_modules/embla-carousel-reactive-utils
3301 silly ADD node_modules/embla-carousel
3302 silly ADD node_modules/minimist
3303 silly ADD node_modules/dotenv-expand
3304 silly ADD node_modules/webgl-constants
3305 silly ADD node_modules/ms
3306 silly ADD node_modules/which
3307 silly ADD node_modules/shebang-command
3308 silly ADD node_modules/path-key
3309 silly ADD node_modules/cross-spawn
3310 silly ADD node_modules/ieee754
3311 silly ADD node_modules/update-browserslist-db
3312 silly ADD node_modules/node-releases
3313 silly ADD node_modules/electron-to-chromium
3314 silly ADD node_modules/baseline-browser-mapping
3315 silly ADD node_modules/postcss-value-parser
3316 silly ADD node_modules/fraction.js
3317 silly ADD node_modules/caniuse-lite
3318 silly ADD node_modules/tslib
3319 silly ADD node_modules/@types/babel__traverse
3320 silly ADD node_modules/@types/babel__template
3321 silly ADD node_modules/@types/babel__generator
3322 silly ADD node_modules/@jridgewell/resolve-uri
3323 silly ADD node_modules/@jridgewell/sourcemap-codec
3324 silly ADD node_modules/@babel/helper-string-parser
3325 silly ADD node_modules/@babel/helper-globals
3326 silly ADD node_modules/@babel/helper-plugin-utils
3327 silly ADD node_modules/@babel/helper-module-imports
3328 silly ADD node_modules/lru-cache
3329 silly ADD node_modules/browserslist
3330 silly ADD node_modules/@babel/helper-validator-option
3331 silly ADD node_modules/@babel/compat-data
3332 silly ADD node_modules/jsesc
3333 silly ADD node_modules/@jridgewell/trace-mapping
3334 silly ADD node_modules/@jridgewell/gen-mapping
3335 silly ADD node_modules/picocolors
3336 silly ADD node_modules/js-tokens
3337 silly ADD node_modules/@babel/helper-validator-identifier
3338 silly ADD node_modules/semver
3339 silly ADD node_modules/json5
3340 silly ADD node_modules/gensync
3341 silly ADD node_modules/debug
3342 silly ADD node_modules/convert-source-map
3343 silly ADD node_modules/@jridgewell/remapping
3344 silly ADD node_modules/@babel/types
3345 silly ADD node_modules/@babel/traverse
3346 silly ADD node_modules/@babel/template
3347 silly ADD node_modules/@babel/parser
3348 silly ADD node_modules/@babel/helpers
3349 silly ADD node_modules/@babel/helper-module-transforms
3350 silly ADD node_modules/@babel/helper-compilation-targets
3351 silly ADD node_modules/@babel/generator
3352 silly ADD node_modules/@babel/code-frame
3353 silly ADD node_modules/react-refresh
3354 silly ADD node_modules/@types/babel__core
3355 silly ADD node_modules/@rolldown/pluginutils
3356 silly ADD node_modules/@babel/plugin-transform-react-jsx-source
3357 silly ADD node_modules/@babel/plugin-transform-react-jsx-self
3358 silly ADD node_modules/@babel/core
3359 silly ADD node_modules/@use-gesture/core
3360 silly ADD node_modules/meshoptimizer
3361 silly ADD node_modules/fflate
3362 silly ADD node_modules/@webgpu/types
3363 silly ADD node_modules/@types/stats.js
3364 silly ADD node_modules/@tweenjs/tween.js
3365 silly ADD node_modules/@dimforge/rapier3d-compat
3366 silly ADD node_modules/csstype
3367 silly ADD node_modules/undici-types
3368 silly ADD node_modules/seroval-plugins
3369 silly ADD node_modules/seroval
3370 silly ADD node_modules/cookie-es
3371 silly ADD node_modules/@tanstack/store
3372 silly ADD node_modules/tiny-warning
3373 silly ADD node_modules/tiny-invariant
3374 silly ADD node_modules/isbot
3375 silly ADD node_modules/@tanstack/router-core
3376 silly ADD node_modules/@tanstack/react-store
3377 silly ADD node_modules/@tanstack/history
3378 silly ADD node_modules/@tanstack/query-core
3379 silly ADD node_modules/postcss-selector-parser
3380 silly ADD node_modules/lodash.merge
3381 silly ADD node_modules/lodash.isplainobject
3382 silly ADD node_modules/lodash.castarray
3383 silly ADD node_modules/scheduler
3384 silly ADD node_modules/react-use-measure
3385 silly ADD node_modules/react-reconciler
3386 silly ADD node_modules/its-fine
3387 silly ADD node_modules/buffer
3388 silly ADD node_modules/base64-js
3389 silly ADD node_modules/@types/webxr
3390 silly ADD node_modules/@types/react-reconciler
3391 silly ADD node_modules/promise-worker-transferable
3392 silly ADD node_modules/utility-types
3393 silly ADD node_modules/use-sync-external-store
3394 silly ADD node_modules/tunnel-rat
3395 silly ADD node_modules/tunnel-rat/node_modules/zustand
3396 silly ADD node_modules/troika-three-text
3397 silly ADD node_modules/three-stdlib
3398 silly ADD node_modules/three-stdlib/node_modules/fflate
3399 silly ADD node_modules/three-mesh-bvh
3400 silly ADD node_modules/suspend-react
3401 silly ADD node_modules/stats.js
3402 silly ADD node_modules/stats-gl
3403 silly ADD node_modules/stats-gl/node_modules/three
3404 silly ADD node_modules/meshline
3405 silly ADD node_modules/maath
3406 silly ADD node_modules/hls.js
3407 silly ADD node_modules/glsl-noise
3408 silly ADD node_modules/detect-gpu
3409 silly ADD node_modules/cross-env
3410 silly ADD node_modules/camera-controls
3411 silly ADD node_modules/@use-gesture/react
3412 silly ADD node_modules/@monogrid/gainmap-js
3413 silly ADD node_modules/@mediapipe/tasks-vision
3414 silly ADD node_modules/@babel/runtime
3415 silly ADD node_modules/cannon-es-debugger
3416 silly ADD node_modules/cannon-es
3417 silly ADD node_modules/@pmndrs/cannon-worker-api
3418 silly ADD node_modules/@radix-ui/number
3419 silly ADD node_modules/@floating-ui/utils
3420 silly ADD node_modules/@floating-ui/core
3421 silly ADD node_modules/@floating-ui/dom
3422 silly ADD node_modules/@radix-ui/rect
3423 silly ADD node_modules/@radix-ui/react-use-rect
3424 silly ADD node_modules/@radix-ui/react-arrow
3425 silly ADD node_modules/@floating-ui/react-dom
3426 silly ADD node_modules/@radix-ui/react-visually-hidden
3427 silly ADD node_modules/@radix-ui/react-use-previous
3428 silly ADD node_modules/@radix-ui/react-roving-focus
3429 silly ADD node_modules/@radix-ui/react-popper
3430 silly ADD node_modules/@radix-ui/react-use-effect-event
3431 silly ADD node_modules/react-remove-scroll
3432 silly ADD node_modules/aria-hidden
3433 silly ADD node_modules/@radix-ui/react-portal
3434 silly ADD node_modules/@radix-ui/react-focus-scope
3435 silly ADD node_modules/@radix-ui/react-focus-guards
3436 silly ADD node_modules/@radix-ui/react-dismissable-layer
3437 silly ADD node_modules/@radix-ui/react-menu
3438 silly ADD node_modules/@radix-ui/react-use-size
3439 silly ADD node_modules/@radix-ui/react-presence
3440 silly ADD node_modules/@radix-ui/react-use-layout-effect
3441 silly ADD node_modules/@radix-ui/react-use-is-hydrated
3442 silly ADD node_modules/@radix-ui/react-use-callback-ref
3443 silly ADD node_modules/@radix-ui/react-use-controllable-state
3444 silly ADD node_modules/@radix-ui/react-primitive
3445 silly ADD node_modules/@radix-ui/react-id
3446 silly ADD node_modules/@radix-ui/react-direction
3447 silly ADD node_modules/@radix-ui/react-context
3448 silly ADD node_modules/@radix-ui/react-compose-refs
3449 silly ADD node_modules/@radix-ui/react-collection
3450 silly ADD node_modules/@radix-ui/primitive
3451 silly ADD
3452 silly ADD
3453 silly ADD
3454 silly ADD node_modules/@biomejs/cli-linux-x64
3455 silly ADD
3456 silly ADD
3457 silly ADD
3458 silly ADD
3459 silly ADD node_modules/zustand
3460 silly ADD node_modules/vite-plugin-environment
3461 silly ADD node_modules/vaul
3462 silly ADD node_modules/typescript
3463 silly ADD node_modules/tailwindcss-animate
3464 silly ADD node_modules/tailwind-merge
3465 silly ADD node_modules/sonner
3466 silly ADD node_modules/recharts
3467 silly ADD node_modules/recharts/node_modules/eventemitter3
3468 silly ADD node_modules/react-use
3469 silly ADD node_modules/react-resizable-panels
3470 silly ADD node_modules/quill-delta
3471 silly ADD node_modules/react-quill-new
3472 silly ADD node_modules/react-icons
3473 silly ADD node_modules/react-hook-form
3474 silly ADD node_modules/react-day-picker
3475 silly ADD node_modules/react-day-picker/node_modules/date-fns
3476 silly ADD node_modules/next-themes
3477 silly ADD node_modules/motion
3478 silly ADD node_modules/lucide-react
3479 silly ADD node_modules/input-otp
3480 silly ADD node_modules/html2canvas
3481 silly ADD node_modules/embla-carousel-react
3482 silly ADD node_modules/dotenv-cli
3483 silly ADD node_modules/dotenv
3484 silly ADD node_modules/date-fns
3485 silly ADD node_modules/cmdk
3486 silly ADD node_modules/clsx
3487 silly ADD node_modules/class-variance-authority
3488 silly ADD node_modules/postcss
3489 silly ADD node_modules/autoprefixer
3490 silly ADD node_modules/vite
3491 silly ADD node_modules/@vitejs/plugin-react
3492 silly ADD node_modules/@types/three
3493 silly ADD node_modules/@types/react-dom
3494 silly ADD node_modules/@types/react
3495 silly ADD node_modules/@types/node
3496 silly ADD node_modules/@tanstack/react-router
3497 silly ADD node_modules/@tanstack/react-query
3498 silly ADD node_modules/@tailwindcss/typography
3499 silly ADD node_modules/tailwindcss
3500 silly ADD node_modules/tailwindcss/node_modules/postcss-selector-parser
3501 silly ADD node_modules/@tailwindcss/container-queries
3502 silly ADD node_modules/@react-three/drei
3503 silly ADD node_modules/@react-three/fiber
3504 silly ADD node_modules/three
3505 silly ADD node_modules/@react-three/cannon
3506 silly ADD node_modules/@radix-ui/react-tooltip
3507 silly ADD node_modules/@radix-ui/react-toggle-group
3508 silly ADD node_modules/@radix-ui/react-toggle
3509 silly ADD node_modules/@radix-ui/react-tabs
3510 silly ADD node_modules/@radix-ui/react-switch
3511 silly ADD node_modules/@radix-ui/react-slot
3512 silly ADD node_modules/@radix-ui/react-slider
3513 silly ADD node_modules/@radix-ui/react-separator
3514 silly ADD node_modules/@radix-ui/react-select
3515 silly ADD node_modules/@radix-ui/react-scroll-area
3516 silly ADD node_modules/@radix-ui/react-radio-group
3517 silly ADD node_modules/@radix-ui/react-progress
3518 silly ADD node_modules/@radix-ui/react-popover
3519 silly ADD node_modules/@radix-ui/react-navigation-menu
3520 silly ADD node_modules/@radix-ui/react-menubar
3521 silly ADD node_modules/@radix-ui/react-label
3522 silly ADD node_modules/@radix-ui/react-hover-card
3523 silly ADD node_modules/@radix-ui/react-dropdown-menu
3524 silly ADD node_modules/@radix-ui/react-dialog
3525 silly ADD node_modules/@radix-ui/react-context-menu
3526 silly ADD node_modules/@radix-ui/react-collapsible
3527 silly ADD node_modules/@radix-ui/react-checkbox
3528 silly ADD node_modules/@radix-ui/react-avatar
3529 silly ADD node_modules/@radix-ui/react-aspect-ratio
3530 silly ADD node_modules/@radix-ui/react-alert-dialog
3531 silly ADD node_modules/react-dom
3532 silly ADD node_modules/react-dom/node_modules/scheduler
3533 silly ADD node_modules/react
3534 silly ADD node_modules/@radix-ui/react-accordion
3535 silly ADD node_modules/@biomejs/biome
3536 verbose cwd /home/drarmank/source_build/dr.armankabir-main/src/frontend
3537 verbose os Linux 4.18.0-553.121.1.lve.el8.x86_64
3538 verbose node v20.18.3
3539 verbose npm  v10.8.2
3540 verbose exit 0
3541 info ok
