0 verbose cli /opt/alt/alt-nodejs22/root/usr/bin/node /opt/alt/alt-nodejs22/root/usr/bin/npm
1 info using npm@10.9.2
2 info using node@v22.14.0
3 silly config load:file:/opt/alt/alt-nodejs22/root/usr/lib/node_modules/npm/npmrc
4 silly config load:file:/home/drarmank/source_build/dr.armankabir-main/src/frontend/.npmrc
5 silly config load:file:/home/drarmank/.npmrc
6 silly config load:file:/opt/alt/alt-nodejs22/root/usr/etc/npmrc
7 verbose title npm install
8 verbose argv "install"
9 verbose logfile logs-max:10 dir:/home/drarmank/.npm/_logs/2026-07-27T02_38_13_952Z-
10 verbose logfile /home/drarmank/.npm/_logs/2026-07-27T02_38_13_952Z-debug-0.log
11 silly logfile done cleaning log files
12 silly packumentCache heap:4345298944 maxSize:1086324736 maxEntrySize:543162368
13 silly idealTree buildDeps
14 silly fetch manifest @radix-ui/react-accordion@^1.1.2
15 silly packumentCache full:https://registry.npmjs.org/@radix-ui%2freact-accordion cache-miss
16 http fetch GET 200 https://registry.npmjs.org/npm 191ms
17 http fetch GET 200 https://registry.npmjs.org/@radix-ui%2freact-accordion 269ms (cache miss)
18 silly packumentCache full:https://registry.npmjs.org/@radix-ui%2freact-accordion set size:undefined disposed:false
19 silly fetch manifest @types/react@~19.1.0
20 silly packumentCache full:https://registry.npmjs.org/@types%2freact cache-miss
21 http fetch GET 200 https://registry.npmjs.org/@types%2freact 205ms (cache miss)
22 silly packumentCache full:https://registry.npmjs.org/@types%2freact set size:undefined disposed:false
23 silly fetch manifest @types/react-dom@~19.1.0
24 silly packumentCache full:https://registry.npmjs.org/@types%2freact-dom cache-miss
25 http fetch GET 200 https://registry.npmjs.org/@types%2freact-dom 48ms (cache miss)
26 silly packumentCache full:https://registry.npmjs.org/@types%2freact-dom set size:undefined disposed:false
27 silly fetch manifest react@~19.1.0
28 silly packumentCache full:https://registry.npmjs.org/react cache-miss
29 http fetch GET 200 https://registry.npmjs.org/react 170ms (cache miss)
30 silly packumentCache full:https://registry.npmjs.org/react set size:undefined disposed:false
31 silly fetch manifest react-dom@~19.1.0
32 silly packumentCache full:https://registry.npmjs.org/react-dom cache-miss
33 http fetch GET 200 https://registry.npmjs.org/react-dom 188ms (cache miss)
34 silly packumentCache full:https://registry.npmjs.org/react-dom set size:undefined disposed:false
35 silly fetch manifest @radix-ui/react-alert-dialog@^1.1.2
36 silly packumentCache full:https://registry.npmjs.org/@radix-ui%2freact-alert-dialog cache-miss
37 http fetch GET 200 https://registry.npmjs.org/@radix-ui%2freact-alert-dialog 222ms (cache miss)
38 silly packumentCache full:https://registry.npmjs.org/@radix-ui%2freact-alert-dialog set size:undefined disposed:false
39 silly fetch manifest @radix-ui/react-aspect-ratio@^1.1.0
40 silly packumentCache full:https://registry.npmjs.org/@radix-ui%2freact-aspect-ratio cache-miss
41 http fetch GET 200 https://registry.npmjs.org/@radix-ui%2freact-aspect-ratio 72ms (cache miss)
42 silly packumentCache full:https://registry.npmjs.org/@radix-ui%2freact-aspect-ratio set size:undefined disposed:false
43 silly fetch manifest @radix-ui/react-avatar@^1.1.0
44 silly packumentCache full:https://registry.npmjs.org/@radix-ui%2freact-avatar cache-miss
45 http fetch GET 200 https://registry.npmjs.org/@radix-ui%2freact-avatar 66ms (cache miss)
46 silly packumentCache full:https://registry.npmjs.org/@radix-ui%2freact-avatar set size:undefined disposed:false
47 silly fetch manifest @radix-ui/react-checkbox@^1.1.1
48 silly packumentCache full:https://registry.npmjs.org/@radix-ui%2freact-checkbox cache-miss
49 http fetch GET 200 https://registry.npmjs.org/@radix-ui%2freact-checkbox 69ms (cache miss)
50 silly packumentCache full:https://registry.npmjs.org/@radix-ui%2freact-checkbox set size:undefined disposed:false
51 silly fetch manifest @radix-ui/react-collapsible@^1.1.0
52 silly packumentCache full:https://registry.npmjs.org/@radix-ui%2freact-collapsible cache-miss
53 http fetch GET 200 https://registry.npmjs.org/@radix-ui%2freact-collapsible 68ms (cache miss)
54 silly packumentCache full:https://registry.npmjs.org/@radix-ui%2freact-collapsible set size:undefined disposed:false
55 silly fetch manifest @radix-ui/react-context-menu@^2.2.15
56 silly packumentCache full:https://registry.npmjs.org/@radix-ui%2freact-context-menu cache-miss
57 http fetch GET 200 https://registry.npmjs.org/@radix-ui%2freact-context-menu 61ms (cache miss)
58 silly packumentCache full:https://registry.npmjs.org/@radix-ui%2freact-context-menu set size:undefined disposed:false
59 silly fetch manifest @radix-ui/react-dialog@^1.1.1
60 silly packumentCache full:https://registry.npmjs.org/@radix-ui%2freact-dialog cache-miss
61 http fetch GET 200 https://registry.npmjs.org/@radix-ui%2freact-dialog 82ms (cache miss)
62 silly packumentCache full:https://registry.npmjs.org/@radix-ui%2freact-dialog set size:undefined disposed:false
63 silly fetch manifest @radix-ui/react-dropdown-menu@^2.1.1
64 silly packumentCache full:https://registry.npmjs.org/@radix-ui%2freact-dropdown-menu cache-miss
65 http fetch GET 200 https://registry.npmjs.org/@radix-ui%2freact-dropdown-menu 74ms (cache miss)
66 silly packumentCache full:https://registry.npmjs.org/@radix-ui%2freact-dropdown-menu set size:undefined disposed:false
67 silly fetch manifest @radix-ui/react-hover-card@^1.1.2
68 silly packumentCache full:https://registry.npmjs.org/@radix-ui%2freact-hover-card cache-miss
69 http fetch GET 200 https://registry.npmjs.org/@radix-ui%2freact-hover-card 83ms (cache miss)
70 silly packumentCache full:https://registry.npmjs.org/@radix-ui%2freact-hover-card set size:undefined disposed:false
71 silly fetch manifest @radix-ui/react-label@^2.1.0
72 silly packumentCache full:https://registry.npmjs.org/@radix-ui%2freact-label cache-miss
73 http fetch GET 200 https://registry.npmjs.org/@radix-ui%2freact-label 206ms (cache miss)
74 silly packumentCache full:https://registry.npmjs.org/@radix-ui%2freact-label set size:undefined disposed:false
75 silly fetch manifest @radix-ui/react-menubar@^1.1.1
76 silly packumentCache full:https://registry.npmjs.org/@radix-ui%2freact-menubar cache-miss
77 http fetch GET 200 https://registry.npmjs.org/@radix-ui%2freact-menubar 66ms (cache miss)
78 silly packumentCache full:https://registry.npmjs.org/@radix-ui%2freact-menubar set size:undefined disposed:false
79 silly fetch manifest @radix-ui/react-navigation-menu@^1.2.0
80 silly packumentCache full:https://registry.npmjs.org/@radix-ui%2freact-navigation-menu cache-miss
81 http fetch GET 200 https://registry.npmjs.org/@radix-ui%2freact-navigation-menu 55ms (cache miss)
82 silly packumentCache full:https://registry.npmjs.org/@radix-ui%2freact-navigation-menu set size:undefined disposed:false
83 silly fetch manifest @radix-ui/react-popover@^1.1.1
84 silly packumentCache full:https://registry.npmjs.org/@radix-ui%2freact-popover cache-miss
85 http fetch GET 200 https://registry.npmjs.org/@radix-ui%2freact-popover 232ms (cache miss)
86 silly packumentCache full:https://registry.npmjs.org/@radix-ui%2freact-popover set size:undefined disposed:false
87 silly fetch manifest @radix-ui/react-progress@^1.1.0
88 silly packumentCache full:https://registry.npmjs.org/@radix-ui%2freact-progress cache-miss
89 http fetch GET 200 https://registry.npmjs.org/@radix-ui%2freact-progress 53ms (cache miss)
90 silly packumentCache full:https://registry.npmjs.org/@radix-ui%2freact-progress set size:undefined disposed:false
91 silly fetch manifest @radix-ui/react-radio-group@^1.2.0
92 silly packumentCache full:https://registry.npmjs.org/@radix-ui%2freact-radio-group cache-miss
93 http fetch GET 200 https://registry.npmjs.org/@radix-ui%2freact-radio-group 223ms (cache miss)
94 silly packumentCache full:https://registry.npmjs.org/@radix-ui%2freact-radio-group set size:undefined disposed:false
95 silly fetch manifest @radix-ui/react-scroll-area@^1.2.0
96 silly packumentCache full:https://registry.npmjs.org/@radix-ui%2freact-scroll-area cache-miss
97 http fetch GET 200 https://registry.npmjs.org/@radix-ui%2freact-scroll-area 64ms (cache miss)
98 silly packumentCache full:https://registry.npmjs.org/@radix-ui%2freact-scroll-area set size:undefined disposed:false
99 silly fetch manifest @radix-ui/react-select@^2.1.2
100 silly packumentCache full:https://registry.npmjs.org/@radix-ui%2freact-select cache-miss
101 http fetch GET 200 https://registry.npmjs.org/@radix-ui%2freact-select 70ms (cache miss)
102 silly packumentCache full:https://registry.npmjs.org/@radix-ui%2freact-select set size:undefined disposed:false
103 silly fetch manifest @radix-ui/react-separator@^1.1.0
104 silly packumentCache full:https://registry.npmjs.org/@radix-ui%2freact-separator cache-miss
105 http fetch GET 200 https://registry.npmjs.org/@radix-ui%2freact-separator 50ms (cache miss)
106 silly packumentCache full:https://registry.npmjs.org/@radix-ui%2freact-separator set size:undefined disposed:false
107 silly fetch manifest @radix-ui/react-slider@^1.2.0
108 silly packumentCache full:https://registry.npmjs.org/@radix-ui%2freact-slider cache-miss
109 http fetch GET 200 https://registry.npmjs.org/@radix-ui%2freact-slider 72ms (cache miss)
110 silly packumentCache full:https://registry.npmjs.org/@radix-ui%2freact-slider set size:undefined disposed:false
111 silly fetch manifest @radix-ui/react-slot@^1.1.0
112 silly packumentCache full:https://registry.npmjs.org/@radix-ui%2freact-slot cache-miss
113 http fetch GET 200 https://registry.npmjs.org/@radix-ui%2freact-slot 59ms (cache miss)
114 silly packumentCache full:https://registry.npmjs.org/@radix-ui%2freact-slot set size:undefined disposed:false
115 silly fetch manifest @radix-ui/react-switch@^1.1.1
116 silly packumentCache full:https://registry.npmjs.org/@radix-ui%2freact-switch cache-miss
117 http fetch GET 200 https://registry.npmjs.org/@radix-ui%2freact-switch 65ms (cache miss)
118 silly packumentCache full:https://registry.npmjs.org/@radix-ui%2freact-switch set size:undefined disposed:false
119 silly fetch manifest @radix-ui/react-tabs@^1.1.0
120 silly packumentCache full:https://registry.npmjs.org/@radix-ui%2freact-tabs cache-miss
121 http fetch GET 200 https://registry.npmjs.org/@radix-ui%2freact-tabs 56ms (cache miss)
122 silly packumentCache full:https://registry.npmjs.org/@radix-ui%2freact-tabs set size:undefined disposed:false
123 silly fetch manifest @radix-ui/react-toggle@^1.1.0
124 silly packumentCache full:https://registry.npmjs.org/@radix-ui%2freact-toggle cache-miss
125 http fetch GET 200 https://registry.npmjs.org/@radix-ui%2freact-toggle 66ms (cache miss)
126 silly packumentCache full:https://registry.npmjs.org/@radix-ui%2freact-toggle set size:undefined disposed:false
127 silly fetch manifest @radix-ui/react-toggle-group@^1.1.0
128 silly packumentCache full:https://registry.npmjs.org/@radix-ui%2freact-toggle-group cache-miss
129 http fetch GET 200 https://registry.npmjs.org/@radix-ui%2freact-toggle-group 59ms (cache miss)
130 silly packumentCache full:https://registry.npmjs.org/@radix-ui%2freact-toggle-group set size:undefined disposed:false
131 silly fetch manifest @radix-ui/react-tooltip@^1.1.2
132 silly packumentCache full:https://registry.npmjs.org/@radix-ui%2freact-tooltip cache-miss
133 http fetch GET 200 https://registry.npmjs.org/@radix-ui%2freact-tooltip 75ms (cache miss)
134 silly packumentCache full:https://registry.npmjs.org/@radix-ui%2freact-tooltip set size:undefined disposed:false
135 silly fetch manifest @react-three/cannon@~6.6.0
136 silly packumentCache full:https://registry.npmjs.org/@react-three%2fcannon cache-miss
137 http fetch GET 200 https://registry.npmjs.org/@react-three%2fcannon 452ms (cache miss)
138 silly packumentCache full:https://registry.npmjs.org/@react-three%2fcannon set size:undefined disposed:false
139 silly fetch manifest @react-three/fiber@~9.1.2
140 silly packumentCache full:https://registry.npmjs.org/@react-three%2ffiber cache-miss
141 http fetch GET 200 https://registry.npmjs.org/@react-three%2ffiber 78ms (cache miss)
142 silly packumentCache full:https://registry.npmjs.org/@react-three%2ffiber set size:undefined disposed:false
143 silly fetch manifest expo@>=43.0
144 silly packumentCache full:https://registry.npmjs.org/expo cache-miss
145 http fetch GET 200 https://registry.npmjs.org/expo 127ms (cache miss)
146 silly packumentCache full:https://registry.npmjs.org/expo set size:undefined disposed:false
147 silly fetch manifest @expo/metro-runtime@*
148 silly packumentCache full:https://registry.npmjs.org/@expo%2fmetro-runtime cache-miss
149 http fetch GET 200 https://registry.npmjs.org/@expo%2fmetro-runtime 90ms (cache miss)
150 silly packumentCache full:https://registry.npmjs.org/@expo%2fmetro-runtime set size:undefined disposed:false
151 silly fetch manifest react-native@*
152 silly packumentCache full:https://registry.npmjs.org/react-native cache-miss
153 http fetch GET 200 https://registry.npmjs.org/react-native 262ms (cache miss)
154 silly packumentCache full:https://registry.npmjs.org/react-native set size:undefined disposed:false
155 silly fetch manifest @react-native/jest-preset@0.86.0
156 silly packumentCache full:https://registry.npmjs.org/@react-native%2fjest-preset cache-miss
157 http fetch GET 200 https://registry.npmjs.org/@react-native%2fjest-preset 55ms (cache miss)
158 silly packumentCache full:https://registry.npmjs.org/@react-native%2fjest-preset set size:undefined disposed:false
159 silly fetch manifest react@^19.2.3
160 silly packumentCache full:https://registry.npmjs.org/react cache-miss
161 http cache https://registry.npmjs.org/react 32ms (cache hit)
162 silly packumentCache full:https://registry.npmjs.org/react set size:6830011 disposed:false
163 silly fetch manifest react-native-web@*
164 silly packumentCache full:https://registry.npmjs.org/react-native-web cache-miss
165 http fetch GET 200 https://registry.npmjs.org/react-native-web 52ms (cache miss)
166 silly packumentCache full:https://registry.npmjs.org/react-native-web set size:undefined disposed:false
167 silly fetch manifest react-native-webview@*
168 silly packumentCache full:https://registry.npmjs.org/react-native-webview cache-miss
169 http fetch GET 200 https://registry.npmjs.org/react-native-webview 223ms (cache miss)
170 silly packumentCache full:https://registry.npmjs.org/react-native-webview set size:undefined disposed:false
171 silly fetch manifest expo-asset@>=8.4
172 silly packumentCache full:https://registry.npmjs.org/expo-asset cache-miss
173 http fetch GET 200 https://registry.npmjs.org/expo-asset 53ms (cache miss)
174 silly packumentCache full:https://registry.npmjs.org/expo-asset set size:undefined disposed:false
175 silly fetch manifest expo-file-system@>=11.0
176 silly packumentCache full:https://registry.npmjs.org/expo-file-system cache-miss
177 http fetch GET 200 https://registry.npmjs.org/expo-file-system 67ms (cache miss)
178 silly packumentCache full:https://registry.npmjs.org/expo-file-system set size:undefined disposed:false
179 silly fetch manifest expo-gl@>=11.0
180 silly packumentCache full:https://registry.npmjs.org/expo-gl cache-miss
181 http fetch GET 200 https://registry.npmjs.org/expo-gl 190ms (cache miss)
182 silly packumentCache full:https://registry.npmjs.org/expo-gl set size:undefined disposed:false
183 silly fetch manifest react-native-reanimated@*
184 silly packumentCache full:https://registry.npmjs.org/react-native-reanimated cache-miss
185 http fetch GET 200 https://registry.npmjs.org/react-native-reanimated 216ms (cache miss)
186 silly packumentCache full:https://registry.npmjs.org/react-native-reanimated set size:undefined disposed:false
187 silly fetch manifest react-native-worklets@0.10.x - 0.11.x
188 silly packumentCache full:https://registry.npmjs.org/react-native-worklets cache-miss
189 http fetch GET 200 https://registry.npmjs.org/react-native-worklets 207ms (cache miss)
190 silly packumentCache full:https://registry.npmjs.org/react-native-worklets set size:undefined disposed:false
191 silly fetch manifest @babel/core@*
192 silly packumentCache full:https://registry.npmjs.org/@babel%2fcore cache-miss
193 http fetch GET 200 https://registry.npmjs.org/@babel%2fcore 54ms (cache miss)
194 silly packumentCache full:https://registry.npmjs.org/@babel%2fcore set size:undefined disposed:false
195 silly fetch manifest @react-native/metro-config@*
196 silly packumentCache full:https://registry.npmjs.org/@react-native%2fmetro-config cache-miss
197 http fetch GET 200 https://registry.npmjs.org/@react-native%2fmetro-config 101ms (cache miss)
198 silly packumentCache full:https://registry.npmjs.org/@react-native%2fmetro-config set size:undefined disposed:false
199 silly fetch manifest three@^0.176.0
200 silly packumentCache full:https://registry.npmjs.org/three cache-miss
201 http fetch GET 200 https://registry.npmjs.org/three 200ms (cache miss)
202 silly packumentCache full:https://registry.npmjs.org/three set size:undefined disposed:false
203 silly fetch manifest @react-three/drei@~10.0.8
204 silly packumentCache full:https://registry.npmjs.org/@react-three%2fdrei cache-miss
205 http fetch GET 200 https://registry.npmjs.org/@react-three%2fdrei 101ms (cache miss)
206 silly packumentCache full:https://registry.npmjs.org/@react-three%2fdrei set size:undefined disposed:false
207 silly fetch manifest @tanstack/react-query@^5.24.0
208 silly packumentCache full:https://registry.npmjs.org/@tanstack%2freact-query cache-miss
209 http fetch GET 200 https://registry.npmjs.org/@tanstack%2freact-query 82ms (cache miss)
210 silly packumentCache full:https://registry.npmjs.org/@tanstack%2freact-query set size:undefined disposed:false
211 silly fetch manifest @tanstack/react-router@~1.131.8
212 silly packumentCache full:https://registry.npmjs.org/@tanstack%2freact-router cache-miss
213 http fetch GET 200 https://registry.npmjs.org/@tanstack%2freact-router 123ms (cache miss)
214 silly packumentCache full:https://registry.npmjs.org/@tanstack%2freact-router set size:undefined disposed:false
215 silly fetch manifest class-variance-authority@^0.7.0
216 silly packumentCache full:https://registry.npmjs.org/class-variance-authority cache-miss
217 http fetch GET 200 https://registry.npmjs.org/class-variance-authority 49ms (cache miss)
218 silly packumentCache full:https://registry.npmjs.org/class-variance-authority set size:undefined disposed:false
219 silly fetch manifest clsx@^2.1.1
220 silly packumentCache full:https://registry.npmjs.org/clsx cache-miss
221 http fetch GET 200 https://registry.npmjs.org/clsx 22ms (cache miss)
222 silly packumentCache full:https://registry.npmjs.org/clsx set size:undefined disposed:false
223 silly fetch manifest cmdk@^1.0.0
224 silly packumentCache full:https://registry.npmjs.org/cmdk cache-miss
225 http fetch GET 200 https://registry.npmjs.org/cmdk 29ms (cache miss)
226 silly packumentCache full:https://registry.npmjs.org/cmdk set size:undefined disposed:false
227 silly fetch manifest date-fns@^3.6.0
228 silly packumentCache full:https://registry.npmjs.org/date-fns cache-miss
229 http fetch GET 200 https://registry.npmjs.org/date-fns 291ms (cache miss)
230 silly packumentCache full:https://registry.npmjs.org/date-fns set size:undefined disposed:false
231 silly fetch manifest embla-carousel-react@^8.2.1
232 silly packumentCache full:https://registry.npmjs.org/embla-carousel-react cache-miss
233 http fetch GET 200 https://registry.npmjs.org/embla-carousel-react 38ms (cache miss)
234 silly packumentCache full:https://registry.npmjs.org/embla-carousel-react set size:undefined disposed:false
235 silly fetch manifest html2canvas@^1.4.1
236 silly packumentCache full:https://registry.npmjs.org/html2canvas cache-miss
237 http fetch GET 200 https://registry.npmjs.org/html2canvas 25ms (cache miss)
238 silly packumentCache full:https://registry.npmjs.org/html2canvas set size:undefined disposed:false
239 silly fetch manifest input-otp@^1.4.1
240 silly packumentCache full:https://registry.npmjs.org/input-otp cache-miss
241 http fetch GET 200 https://registry.npmjs.org/input-otp 27ms (cache miss)
242 silly packumentCache full:https://registry.npmjs.org/input-otp set size:undefined disposed:false
243 silly fetch manifest lucide-react@0.511.0
244 silly packumentCache full:https://registry.npmjs.org/lucide-react cache-miss
245 http fetch GET 200 https://registry.npmjs.org/lucide-react 78ms (cache miss)
246 silly packumentCache full:https://registry.npmjs.org/lucide-react set size:undefined disposed:false
247 silly fetch manifest motion@^12.34.3
248 silly packumentCache full:https://registry.npmjs.org/motion cache-miss
249 http fetch GET 200 https://registry.npmjs.org/motion 216ms (cache miss)
250 silly packumentCache full:https://registry.npmjs.org/motion set size:undefined disposed:false
251 silly fetch manifest @emotion/is-prop-valid@*
252 silly packumentCache full:https://registry.npmjs.org/@emotion%2fis-prop-valid cache-miss
253 http fetch GET 200 https://registry.npmjs.org/@emotion%2fis-prop-valid 37ms (cache miss)
254 silly packumentCache full:https://registry.npmjs.org/@emotion%2fis-prop-valid set size:undefined disposed:false
255 silly fetch manifest next-themes@~0.4.6
256 silly packumentCache full:https://registry.npmjs.org/next-themes cache-miss
257 http fetch GET 200 https://registry.npmjs.org/next-themes 32ms (cache miss)
258 silly packumentCache full:https://registry.npmjs.org/next-themes set size:undefined disposed:false
259 silly fetch manifest react-day-picker@^9.5.0
260 silly packumentCache full:https://registry.npmjs.org/react-day-picker cache-miss
261 http fetch GET 200 https://registry.npmjs.org/react-day-picker 50ms (cache miss)
262 silly packumentCache full:https://registry.npmjs.org/react-day-picker set size:undefined disposed:false
263 silly fetch manifest react-hook-form@^7.53.0
264 silly packumentCache full:https://registry.npmjs.org/react-hook-form cache-miss
265 http fetch GET 200 https://registry.npmjs.org/react-hook-form 131ms (cache miss)
266 silly packumentCache full:https://registry.npmjs.org/react-hook-form set size:undefined disposed:false
267 silly fetch manifest react-icons@^5.4.0
268 silly packumentCache full:https://registry.npmjs.org/react-icons cache-miss
269 http fetch GET 200 https://registry.npmjs.org/react-icons 28ms (cache miss)
270 silly packumentCache full:https://registry.npmjs.org/react-icons set size:undefined disposed:false
271 silly fetch manifest react-quill-new@3.4.6
272 silly packumentCache full:https://registry.npmjs.org/react-quill-new cache-miss
273 http fetch GET 200 https://registry.npmjs.org/react-quill-new 176ms (cache miss)
274 silly packumentCache full:https://registry.npmjs.org/react-quill-new set size:undefined disposed:false
275 silly fetch manifest quill-delta@^5.1.0
276 silly packumentCache full:https://registry.npmjs.org/quill-delta cache-miss
277 http fetch GET 200 https://registry.npmjs.org/quill-delta 23ms (cache miss)
278 silly packumentCache full:https://registry.npmjs.org/quill-delta set size:undefined disposed:false
279 silly fetch manifest react-resizable-panels@^2.1.7
280 silly packumentCache full:https://registry.npmjs.org/react-resizable-panels cache-miss
281 http fetch GET 200 https://registry.npmjs.org/react-resizable-panels 45ms (cache miss)
282 silly packumentCache full:https://registry.npmjs.org/react-resizable-panels set size:undefined disposed:false
283 silly fetch manifest react-use@~17.6.0
284 silly packumentCache full:https://registry.npmjs.org/react-use cache-miss
285 http fetch GET 200 https://registry.npmjs.org/react-use 53ms (cache miss)
286 silly packumentCache full:https://registry.npmjs.org/react-use set size:undefined disposed:false
287 silly fetch manifest recharts@^2.15.1
288 silly packumentCache full:https://registry.npmjs.org/recharts cache-miss
289 http fetch GET 200 https://registry.npmjs.org/recharts 62ms (cache miss)
290 silly packumentCache full:https://registry.npmjs.org/recharts set size:undefined disposed:false
291 silly fetch manifest sonner@^1.7.4
292 silly packumentCache full:https://registry.npmjs.org/sonner cache-miss
293 http fetch GET 200 https://registry.npmjs.org/sonner 26ms (cache miss)
294 silly packumentCache full:https://registry.npmjs.org/sonner set size:undefined disposed:false
295 silly fetch manifest tailwind-merge@^2.5.2
296 silly packumentCache full:https://registry.npmjs.org/tailwind-merge cache-miss
297 http fetch GET 200 https://registry.npmjs.org/tailwind-merge 71ms (cache miss)
298 silly packumentCache full:https://registry.npmjs.org/tailwind-merge set size:undefined disposed:false
299 silly fetch manifest vaul@^1.1.2
300 silly packumentCache full:https://registry.npmjs.org/vaul cache-miss
301 http fetch GET 200 https://registry.npmjs.org/vaul 24ms (cache miss)
302 silly packumentCache full:https://registry.npmjs.org/vaul set size:undefined disposed:false
303 silly fetch manifest zustand@~5.0.5
304 silly packumentCache full:https://registry.npmjs.org/zustand cache-miss
305 http fetch GET 200 https://registry.npmjs.org/zustand 41ms (cache miss)
306 silly packumentCache full:https://registry.npmjs.org/zustand set size:undefined disposed:false
307 silly fetch manifest immer@>=9.0.6
308 silly packumentCache full:https://registry.npmjs.org/immer cache-miss
309 http fetch GET 200 https://registry.npmjs.org/immer 39ms (cache miss)
310 silly packumentCache full:https://registry.npmjs.org/immer set size:undefined disposed:false
311 silly fetch manifest use-sync-external-store@>=1.2.0
312 silly packumentCache full:https://registry.npmjs.org/use-sync-external-store cache-miss
313 http fetch GET 200 https://registry.npmjs.org/use-sync-external-store 143ms (cache miss)
314 silly packumentCache full:https://registry.npmjs.org/use-sync-external-store set size:undefined disposed:false
315 silly fetch manifest @biomejs/biome@^1.9.0
316 silly packumentCache full:https://registry.npmjs.org/@biomejs%2fbiome cache-miss
317 http fetch GET 200 https://registry.npmjs.org/@biomejs%2fbiome 39ms (cache miss)
318 silly packumentCache full:https://registry.npmjs.org/@biomejs%2fbiome set size:undefined disposed:false
319 silly fetch manifest @tailwindcss/container-queries@^0.1.1
320 silly packumentCache full:https://registry.npmjs.org/@tailwindcss%2fcontainer-queries cache-miss
321 http fetch GET 200 https://registry.npmjs.org/@tailwindcss%2fcontainer-queries 337ms (cache miss)
322 silly packumentCache full:https://registry.npmjs.org/@tailwindcss%2fcontainer-queries set size:undefined disposed:false
323 silly fetch manifest tailwindcss@^3.4.17
324 silly packumentCache full:https://registry.npmjs.org/tailwindcss cache-miss
325 http fetch GET 200 https://registry.npmjs.org/tailwindcss 219ms (cache miss)
326 silly packumentCache full:https://registry.npmjs.org/tailwindcss set size:undefined disposed:false
327 silly fetch manifest @tailwindcss/typography@0.5.10
328 silly packumentCache full:https://registry.npmjs.org/@tailwindcss%2ftypography cache-miss
329 http fetch GET 200 https://registry.npmjs.org/@tailwindcss%2ftypography 60ms (cache miss)
330 silly packumentCache full:https://registry.npmjs.org/@tailwindcss%2ftypography set size:undefined disposed:false
331 silly fetch manifest @types/node@^20.9.0
332 silly packumentCache full:https://registry.npmjs.org/@types%2fnode cache-miss
333 http fetch GET 200 https://registry.npmjs.org/@types%2fnode 181ms (cache miss)
334 silly packumentCache full:https://registry.npmjs.org/@types%2fnode set size:undefined disposed:false
335 silly fetch manifest @types/three@0.176.0
336 silly packumentCache full:https://registry.npmjs.org/@types%2fthree cache-miss
337 http fetch GET 200 https://registry.npmjs.org/@types%2fthree 54ms (cache miss)
338 silly packumentCache full:https://registry.npmjs.org/@types%2fthree set size:undefined disposed:false
339 silly fetch manifest @vitejs/plugin-react@^4.3.1
340 silly packumentCache full:https://registry.npmjs.org/@vitejs%2fplugin-react cache-miss
341 http fetch GET 200 https://registry.npmjs.org/@vitejs%2fplugin-react 41ms (cache miss)
342 silly packumentCache full:https://registry.npmjs.org/@vitejs%2fplugin-react set size:undefined disposed:false
343 silly fetch manifest vite@^5.4.1
344 silly packumentCache full:https://registry.npmjs.org/vite cache-miss
345 http fetch GET 200 https://registry.npmjs.org/vite 1792ms (cache miss)
346 silly packumentCache full:https://registry.npmjs.org/vite set size:undefined disposed:false
347 silly fetch manifest less@*
348 silly packumentCache full:https://registry.npmjs.org/less cache-miss
349 http fetch GET 200 https://registry.npmjs.org/less 70ms (cache miss)
350 silly packumentCache full:https://registry.npmjs.org/less set size:undefined disposed:false
351 silly fetch manifest lightningcss@^1.21.0
352 silly packumentCache full:https://registry.npmjs.org/lightningcss cache-miss
353 http fetch GET 200 https://registry.npmjs.org/lightningcss 32ms (cache miss)
354 silly packumentCache full:https://registry.npmjs.org/lightningcss set size:undefined disposed:false
355 silly fetch manifest sass@*
356 silly packumentCache full:https://registry.npmjs.org/sass cache-miss
357 http fetch GET 200 https://registry.npmjs.org/sass 44ms (cache miss)
358 silly packumentCache full:https://registry.npmjs.org/sass set size:undefined disposed:false
359 silly fetch manifest sass-embedded@*
360 silly packumentCache full:https://registry.npmjs.org/sass-embedded cache-miss
361 http fetch GET 200 https://registry.npmjs.org/sass-embedded 40ms (cache miss)
362 silly packumentCache full:https://registry.npmjs.org/sass-embedded set size:undefined disposed:false
363 silly fetch manifest stylus@*
364 silly packumentCache full:https://registry.npmjs.org/stylus cache-miss
365 http fetch GET 200 https://registry.npmjs.org/stylus 28ms (cache miss)
366 silly packumentCache full:https://registry.npmjs.org/stylus set size:undefined disposed:false
367 silly fetch manifest sugarss@*
368 silly packumentCache full:https://registry.npmjs.org/sugarss cache-miss
369 http fetch GET 200 https://registry.npmjs.org/sugarss 26ms (cache miss)
370 silly packumentCache full:https://registry.npmjs.org/sugarss set size:undefined disposed:false
371 silly fetch manifest postcss@^8.4.41
372 silly packumentCache full:https://registry.npmjs.org/postcss cache-miss
373 http fetch GET 200 https://registry.npmjs.org/postcss 45ms (cache miss)
374 silly packumentCache full:https://registry.npmjs.org/postcss set size:undefined disposed:false
375 silly fetch manifest terser@^5.4.0
376 silly packumentCache full:https://registry.npmjs.org/terser cache-miss
377 http fetch GET 200 https://registry.npmjs.org/terser 52ms (cache miss)
378 silly packumentCache full:https://registry.npmjs.org/terser set size:undefined disposed:false
379 silly fetch manifest autoprefixer@^10.4.20
380 silly packumentCache full:https://registry.npmjs.org/autoprefixer cache-miss
381 http fetch GET 200 https://registry.npmjs.org/autoprefixer 43ms (cache miss)
382 silly packumentCache full:https://registry.npmjs.org/autoprefixer set size:undefined disposed:false
383 silly fetch manifest dotenv@^16.5.0
384 silly packumentCache full:https://registry.npmjs.org/dotenv cache-miss
385 http fetch GET 200 https://registry.npmjs.org/dotenv 35ms (cache miss)
386 silly packumentCache full:https://registry.npmjs.org/dotenv set size:undefined disposed:false
387 silly fetch manifest dotenv-cli@^8.0.0
388 silly packumentCache full:https://registry.npmjs.org/dotenv-cli cache-miss
389 http fetch GET 200 https://registry.npmjs.org/dotenv-cli 22ms (cache miss)
390 silly packumentCache full:https://registry.npmjs.org/dotenv-cli set size:undefined disposed:false
391 silly fetch manifest tailwindcss-animate@^1.0.7
392 silly packumentCache full:https://registry.npmjs.org/tailwindcss-animate cache-miss
393 http fetch GET 200 https://registry.npmjs.org/tailwindcss-animate 25ms (cache miss)
394 silly packumentCache full:https://registry.npmjs.org/tailwindcss-animate set size:undefined disposed:false
395 silly fetch manifest typescript@^5.8.3
396 silly packumentCache full:https://registry.npmjs.org/typescript cache-miss
397 http fetch GET 200 https://registry.npmjs.org/typescript 351ms (cache miss)
398 silly packumentCache full:https://registry.npmjs.org/typescript set size:undefined disposed:false
399 silly fetch manifest vite-plugin-environment@^1.1.3
400 silly packumentCache full:https://registry.npmjs.org/vite-plugin-environment cache-miss
401 http fetch GET 200 https://registry.npmjs.org/vite-plugin-environment 179ms (cache miss)
402 silly packumentCache full:https://registry.npmjs.org/vite-plugin-environment set size:undefined disposed:false
403 silly placeDep ROOT @biomejs/biome@1.9.4 OK for: @caffeine/template-frontend@0.0.0 want: ^1.9.0
404 silly placeDep ROOT @radix-ui/react-accordion@1.2.20 OK for: @caffeine/template-frontend@0.0.0 want: ^1.1.2
405 silly placeDep ROOT react@19.1.9 OK for: @radix-ui/react-accordion@1.2.20 want: ^16.8 || ^17.0 || ^18.0 || ^19.0 || ^19.0.0-rc
406 silly placeDep ROOT react-dom@19.1.9 OK for: @radix-ui/react-accordion@1.2.20 want: ^16.8 || ^17.0 || ^18.0 || ^19.0 || ^19.0.0-rc
407 silly placeDep ROOT @radix-ui/react-alert-dialog@1.1.23 OK for: @caffeine/template-frontend@0.0.0 want: ^1.1.2
408 silly placeDep ROOT @radix-ui/react-aspect-ratio@1.1.15 OK for: @caffeine/template-frontend@0.0.0 want: ^1.1.0
409 silly placeDep ROOT @radix-ui/react-avatar@1.2.6 OK for: @caffeine/template-frontend@0.0.0 want: ^1.1.0
410 silly placeDep ROOT @radix-ui/react-checkbox@1.3.11 OK for: @caffeine/template-frontend@0.0.0 want: ^1.1.1
411 silly placeDep ROOT @radix-ui/react-collapsible@1.1.20 OK for: @caffeine/template-frontend@0.0.0 want: ^1.1.0
412 silly placeDep ROOT @radix-ui/react-context-menu@2.3.7 OK for: @caffeine/template-frontend@0.0.0 want: ^2.2.15
413 silly placeDep ROOT @radix-ui/react-dialog@1.1.23 OK for: @caffeine/template-frontend@0.0.0 want: ^1.1.1
414 silly placeDep ROOT @radix-ui/react-dropdown-menu@2.1.24 OK for: @caffeine/template-frontend@0.0.0 want: ^2.1.1
415 silly placeDep ROOT @radix-ui/react-hover-card@1.1.23 OK for: @caffeine/template-frontend@0.0.0 want: ^1.1.2
416 silly placeDep ROOT @radix-ui/react-label@2.1.15 OK for: @caffeine/template-frontend@0.0.0 want: ^2.1.0
417 silly placeDep ROOT @radix-ui/react-menubar@1.1.24 OK for: @caffeine/template-frontend@0.0.0 want: ^1.1.1
418 silly placeDep ROOT @radix-ui/react-navigation-menu@1.2.22 OK for: @caffeine/template-frontend@0.0.0 want: ^1.2.0
419 silly placeDep ROOT @radix-ui/react-popover@1.1.23 OK for: @caffeine/template-frontend@0.0.0 want: ^1.1.1
420 silly placeDep ROOT @radix-ui/react-progress@1.1.16 OK for: @caffeine/template-frontend@0.0.0 want: ^1.1.0
421 silly placeDep ROOT @radix-ui/react-radio-group@1.4.7 OK for: @caffeine/template-frontend@0.0.0 want: ^1.2.0
422 silly placeDep ROOT @radix-ui/react-scroll-area@1.2.18 OK for: @caffeine/template-frontend@0.0.0 want: ^1.2.0
423 silly placeDep ROOT @radix-ui/react-select@2.3.7 OK for: @caffeine/template-frontend@0.0.0 want: ^2.1.2
424 silly placeDep ROOT @radix-ui/react-separator@1.1.15 OK for: @caffeine/template-frontend@0.0.0 want: ^1.1.0
425 silly placeDep ROOT @radix-ui/react-slider@1.4.7 OK for: @caffeine/template-frontend@0.0.0 want: ^1.2.0
426 silly placeDep ROOT @radix-ui/react-slot@1.3.3 OK for: @caffeine/template-frontend@0.0.0 want: ^1.1.0
427 silly placeDep ROOT @radix-ui/react-switch@1.3.7 OK for: @caffeine/template-frontend@0.0.0 want: ^1.1.1
428 silly placeDep ROOT @radix-ui/react-tabs@1.1.21 OK for: @caffeine/template-frontend@0.0.0 want: ^1.1.0
429 silly placeDep ROOT @radix-ui/react-toggle@1.1.18 OK for: @caffeine/template-frontend@0.0.0 want: ^1.1.0
430 silly placeDep ROOT @radix-ui/react-toggle-group@1.1.19 OK for: @caffeine/template-frontend@0.0.0 want: ^1.1.0
431 silly placeDep ROOT @radix-ui/react-tooltip@1.2.16 OK for: @caffeine/template-frontend@0.0.0 want: ^1.1.2
432 silly placeDep ROOT @react-three/cannon@6.6.0 OK for: @caffeine/template-frontend@0.0.0 want: ~6.6.0
433 silly placeDep ROOT three@0.176.0 OK for: @react-three/cannon@6.6.0 want: >=0.139
434 silly placeDep ROOT @react-three/fiber@9.1.4 OK for: @react-three/cannon@6.6.0 want: >=8
435 silly placeDep ROOT @react-three/drei@10.0.8 OK for: @caffeine/template-frontend@0.0.0 want: ~10.0.8
436 silly placeDep ROOT @tailwindcss/container-queries@0.1.1 OK for: @caffeine/template-frontend@0.0.0 want: ^0.1.1
437 silly placeDep ROOT tailwindcss@3.4.19 OK for: @tailwindcss/container-queries@0.1.1 want: >=3.2.0
438 silly placeDep ROOT @tailwindcss/typography@0.5.10 OK for: @caffeine/template-frontend@0.0.0 want: 0.5.10
439 silly placeDep ROOT @tanstack/react-query@5.101.4 OK for: @caffeine/template-frontend@0.0.0 want: ^5.24.0
440 silly placeDep ROOT @tanstack/react-router@1.131.50 OK for: @caffeine/template-frontend@0.0.0 want: ~1.131.8
441 silly placeDep ROOT @types/node@20.19.43 OK for: @caffeine/template-frontend@0.0.0 want: ^20.9.0
442 silly placeDep ROOT @types/react@19.1.17 OK for: @caffeine/template-frontend@0.0.0 want: ~19.1.0
443 silly placeDep ROOT @types/react-dom@19.1.11 OK for: @caffeine/template-frontend@0.0.0 want: ~19.1.0
444 silly placeDep ROOT @types/three@0.176.0 OK for: @caffeine/template-frontend@0.0.0 want: 0.176.0
445 silly placeDep ROOT @vitejs/plugin-react@4.7.0 OK for: @caffeine/template-frontend@0.0.0 want: ^4.3.1
446 silly placeDep ROOT vite@5.4.21 OK for: @vitejs/plugin-react@4.7.0 want: ^4.2.0 || ^5.0.0 || ^6.0.0 || ^7.0.0
447 silly placeDep ROOT autoprefixer@10.5.4 OK for: @caffeine/template-frontend@0.0.0 want: ^10.4.20
448 silly placeDep ROOT postcss@8.5.23 OK for: autoprefixer@10.5.4 want: ^8.1.0
449 silly placeDep ROOT class-variance-authority@0.7.1 OK for: @caffeine/template-frontend@0.0.0 want: ^0.7.0
450 silly placeDep ROOT clsx@2.1.1 OK for: @caffeine/template-frontend@0.0.0 want: ^2.1.1
451 silly placeDep ROOT cmdk@1.1.1 OK for: @caffeine/template-frontend@0.0.0 want: ^1.0.0
452 silly placeDep ROOT date-fns@3.6.0 OK for: @caffeine/template-frontend@0.0.0 want: ^3.6.0
453 silly placeDep ROOT dotenv@16.6.1 OK for: @caffeine/template-frontend@0.0.0 want: ^16.5.0
454 silly placeDep ROOT dotenv-cli@8.0.0 OK for: @caffeine/template-frontend@0.0.0 want: ^8.0.0
455 silly placeDep ROOT embla-carousel-react@8.6.0 OK for: @caffeine/template-frontend@0.0.0 want: ^8.2.1
456 silly placeDep ROOT html2canvas@1.4.1 OK for: @caffeine/template-frontend@0.0.0 want: ^1.4.1
457 silly placeDep ROOT input-otp@1.4.2 OK for: @caffeine/template-frontend@0.0.0 want: ^1.4.1
458 silly placeDep ROOT lucide-react@0.511.0 OK for: @caffeine/template-frontend@0.0.0 want: 0.511.0
459 silly placeDep ROOT motion@12.42.2 OK for: @caffeine/template-frontend@0.0.0 want: ^12.34.3
460 silly placeDep ROOT next-themes@0.4.6 OK for: @caffeine/template-frontend@0.0.0 want: ~0.4.6
461 silly placeDep ROOT react-day-picker@9.14.0 OK for: @caffeine/template-frontend@0.0.0 want: ^9.5.0
462 silly placeDep ROOT react-hook-form@7.83.0 OK for: @caffeine/template-frontend@0.0.0 want: ^7.53.0
463 silly placeDep ROOT react-icons@5.7.0 OK for: @caffeine/template-frontend@0.0.0 want: ^5.4.0
464 silly placeDep ROOT react-quill-new@3.4.6 OK for: @caffeine/template-frontend@0.0.0 want: 3.4.6
465 silly placeDep ROOT quill-delta@5.1.0 OK for: react-quill-new@3.4.6 want: ^5.1.0
466 silly placeDep ROOT react-resizable-panels@2.1.9 OK for: @caffeine/template-frontend@0.0.0 want: ^2.1.7
467 silly placeDep ROOT react-use@17.6.1 OK for: @caffeine/template-frontend@0.0.0 want: ~17.6.0
468 silly placeDep ROOT recharts@2.15.4 OK for: @caffeine/template-frontend@0.0.0 want: ^2.15.1
469 silly placeDep ROOT sonner@1.7.4 OK for: @caffeine/template-frontend@0.0.0 want: ^1.7.4
470 silly placeDep ROOT tailwind-merge@2.6.1 OK for: @caffeine/template-frontend@0.0.0 want: ^2.5.2
471 silly placeDep ROOT tailwindcss-animate@1.0.7 OK for: @caffeine/template-frontend@0.0.0 want: ^1.0.7
472 silly placeDep ROOT typescript@5.9.3 OK for: @caffeine/template-frontend@0.0.0 want: ^5.8.3
473 silly placeDep ROOT vaul@1.1.2 OK for: @caffeine/template-frontend@0.0.0 want: ^1.1.2
474 silly placeDep ROOT vite-plugin-environment@1.1.3 OK for: @caffeine/template-frontend@0.0.0 want: ^1.1.3
475 silly placeDep ROOT zustand@5.0.14 OK for: @caffeine/template-frontend@0.0.0 want: ~5.0.5
476 silly fetch manifest @biomejs/cli-linux-x64@1.9.4
477 silly packumentCache full:https://registry.npmjs.org/@biomejs%2fcli-linux-x64 cache-miss
478 silly fetch manifest @biomejs/cli-win32-x64@1.9.4
479 silly packumentCache full:https://registry.npmjs.org/@biomejs%2fcli-win32-x64 cache-miss
480 silly fetch manifest @biomejs/cli-darwin-x64@1.9.4
481 silly packumentCache full:https://registry.npmjs.org/@biomejs%2fcli-darwin-x64 cache-miss
482 silly fetch manifest @biomejs/cli-linux-arm64@1.9.4
483 silly packumentCache full:https://registry.npmjs.org/@biomejs%2fcli-linux-arm64 cache-miss
484 silly fetch manifest @biomejs/cli-win32-arm64@1.9.4
485 silly packumentCache full:https://registry.npmjs.org/@biomejs%2fcli-win32-arm64 cache-miss
486 silly fetch manifest @biomejs/cli-darwin-arm64@1.9.4
487 silly packumentCache full:https://registry.npmjs.org/@biomejs%2fcli-darwin-arm64 cache-miss
488 silly fetch manifest @biomejs/cli-linux-x64-musl@1.9.4
489 silly packumentCache full:https://registry.npmjs.org/@biomejs%2fcli-linux-x64-musl cache-miss
490 silly fetch manifest @biomejs/cli-linux-arm64-musl@1.9.4
491 silly packumentCache full:https://registry.npmjs.org/@biomejs%2fcli-linux-arm64-musl cache-miss
492 silly fetch manifest @radix-ui/react-id@1.1.4
493 silly packumentCache full:https://registry.npmjs.org/@radix-ui%2freact-id cache-miss
494 silly fetch manifest @radix-ui/primitive@1.1.7
495 silly packumentCache full:https://registry.npmjs.org/@radix-ui%2fprimitive cache-miss
496 silly fetch manifest @radix-ui/react-context@1.2.2
497 silly packumentCache full:https://registry.npmjs.org/@radix-ui%2freact-context cache-miss
498 silly fetch manifest @radix-ui/react-direction@1.1.4
499 silly packumentCache full:https://registry.npmjs.org/@radix-ui%2freact-direction cache-miss
500 silly fetch manifest @radix-ui/react-primitive@2.1.10
501 silly packumentCache full:https://registry.npmjs.org/@radix-ui%2freact-primitive cache-miss
502 silly fetch manifest @radix-ui/react-collection@1.1.15
503 silly packumentCache full:https://registry.npmjs.org/@radix-ui%2freact-collection cache-miss
504 silly fetch manifest @radix-ui/react-collapsible@1.1.20
505 silly packumentCache full:https://registry.npmjs.org/@radix-ui%2freact-collapsible cache-miss
506 silly fetch manifest @radix-ui/react-compose-refs@1.1.5
507 silly packumentCache full:https://registry.npmjs.org/@radix-ui%2freact-compose-refs cache-miss
508 silly fetch manifest @radix-ui/react-use-controllable-state@1.2.6
509 silly packumentCache full:https://registry.npmjs.org/@radix-ui%2freact-use-controllable-state cache-miss
510 silly fetch manifest scheduler@^0.26.0
511 silly packumentCache full:https://registry.npmjs.org/scheduler cache-miss
512 silly fetch manifest @radix-ui/primitive@1.1.7
513 silly packumentCache full:https://registry.npmjs.org/@radix-ui%2fprimitive cache-miss
514 silly fetch manifest @radix-ui/react-dialog@1.1.23
515 silly packumentCache full:https://registry.npmjs.org/@radix-ui%2freact-dialog cache-miss
516 silly fetch manifest @radix-ui/react-context@1.2.2
517 silly packumentCache full:https://registry.npmjs.org/@radix-ui%2freact-context cache-miss
518 silly fetch manifest @radix-ui/react-primitive@2.1.10
519 silly packumentCache full:https://registry.npmjs.org/@radix-ui%2freact-primitive cache-miss
520 silly fetch manifest @radix-ui/react-compose-refs@1.1.5
521 silly packumentCache full:https://registry.npmjs.org/@radix-ui%2freact-compose-refs cache-miss
522 silly fetch manifest @radix-ui/react-primitive@2.1.10
523 silly packumentCache full:https://registry.npmjs.org/@radix-ui%2freact-primitive cache-miss
524 silly fetch manifest @radix-ui/primitive@1.1.7
525 silly packumentCache full:https://registry.npmjs.org/@radix-ui%2fprimitive cache-miss
526 silly fetch manifest @radix-ui/react-context@1.2.2
527 silly packumentCache full:https://registry.npmjs.org/@radix-ui%2freact-context cache-miss
528 silly fetch manifest @radix-ui/react-primitive@2.1.10
529 silly packumentCache full:https://registry.npmjs.org/@radix-ui%2freact-primitive cache-miss
530 silly fetch manifest @radix-ui/react-use-is-hydrated@0.1.3
531 silly packumentCache full:https://registry.npmjs.org/@radix-ui%2freact-use-is-hydrated cache-miss
532 silly fetch manifest @radix-ui/react-use-callback-ref@1.1.4
533 silly packumentCache full:https://registry.npmjs.org/@radix-ui%2freact-use-callback-ref cache-miss
534 silly fetch manifest @radix-ui/react-use-layout-effect@1.1.4
535 silly packumentCache full:https://registry.npmjs.org/@radix-ui%2freact-use-layout-effect cache-miss
536 silly fetch manifest @radix-ui/primitive@1.1.7
537 silly packumentCache full:https://registry.npmjs.org/@radix-ui%2fprimitive cache-miss
538 silly fetch manifest @radix-ui/react-context@1.2.2
539 silly packumentCache full:https://registry.npmjs.org/@radix-ui%2freact-context cache-miss
540 silly fetch manifest @radix-ui/react-presence@1.1.10
541 silly packumentCache full:https://registry.npmjs.org/@radix-ui%2freact-presence cache-miss
542 silly fetch manifest @radix-ui/react-use-size@1.1.4
543 silly packumentCache full:https://registry.npmjs.org/@radix-ui%2freact-use-size cache-miss
544 silly fetch manifest @radix-ui/react-primitive@2.1.10
545 silly packumentCache full:https://registry.npmjs.org/@radix-ui%2freact-primitive cache-miss
546 silly fetch manifest @radix-ui/react-compose-refs@1.1.5
547 silly packumentCache full:https://registry.npmjs.org/@radix-ui%2freact-compose-refs cache-miss
548 silly fetch manifest @radix-ui/react-use-controllable-state@1.2.6
549 silly packumentCache full:https://registry.npmjs.org/@radix-ui%2freact-use-controllable-state cache-miss
550 silly fetch manifest @radix-ui/react-id@1.1.4
551 silly packumentCache full:https://registry.npmjs.org/@radix-ui%2freact-id cache-miss
552 silly fetch manifest @radix-ui/primitive@1.1.7
553 silly packumentCache full:https://registry.npmjs.org/@radix-ui%2fprimitive cache-miss
554 silly fetch manifest @radix-ui/react-context@1.2.2
555 silly packumentCache full:https://registry.npmjs.org/@radix-ui%2freact-context cache-miss
556 silly fetch manifest @radix-ui/react-presence@1.1.10
557 silly packumentCache full:https://registry.npmjs.org/@radix-ui%2freact-presence cache-miss
558 silly fetch manifest @radix-ui/react-primitive@2.1.10
559 silly packumentCache full:https://registry.npmjs.org/@radix-ui%2freact-primitive cache-miss
560 silly fetch manifest @radix-ui/react-compose-refs@1.1.5
561 silly packumentCache full:https://registry.npmjs.org/@radix-ui%2freact-compose-refs cache-miss
562 silly fetch manifest @radix-ui/react-use-layout-effect@1.1.4
563 silly packumentCache full:https://registry.npmjs.org/@radix-ui%2freact-use-layout-effect cache-miss
564 silly fetch manifest @radix-ui/react-use-controllable-state@1.2.6
565 silly packumentCache full:https://registry.npmjs.org/@radix-ui%2freact-use-controllable-state cache-miss
566 silly fetch manifest @radix-ui/primitive@1.1.7
567 silly packumentCache full:https://registry.npmjs.org/@radix-ui%2fprimitive cache-miss
568 silly fetch manifest @radix-ui/react-menu@2.1.24
569 silly packumentCache full:https://registry.npmjs.org/@radix-ui%2freact-menu cache-miss
570 http cache https://registry.npmjs.org/@radix-ui%2freact-collapsible 152ms (cache hit)
571 silly packumentCache full:https://registry.npmjs.org/@radix-ui%2freact-collapsible set size:959318 disposed:false
572 silly fetch manifest @radix-ui/react-context@1.2.2
573 silly packumentCache full:https://registry.npmjs.org/@radix-ui%2freact-context cache-miss
574 http cache https://registry.npmjs.org/@radix-ui%2freact-dialog 164ms (cache hit)
575 silly packumentCache full:https://registry.npmjs.org/@radix-ui%2freact-dialog set size:1243391 disposed:false
576 silly fetch manifest @radix-ui/react-primitive@2.1.10
577 silly packumentCache full:https://registry.npmjs.org/@radix-ui%2freact-primitive cache-miss
578 http fetch GET 200 https://registry.npmjs.org/@biomejs%2fcli-linux-x64 325ms (cache miss)
579 silly packumentCache full:https://registry.npmjs.org/@biomejs%2fcli-linux-x64 set size:undefined disposed:false
580 silly fetch manifest @radix-ui/react-use-controllable-state@1.2.6
581 silly packumentCache full:https://registry.npmjs.org/@radix-ui%2freact-use-controllable-state cache-miss
582 http fetch GET 200 https://registry.npmjs.org/@biomejs%2fcli-win32-x64 342ms (cache miss)
583 silly packumentCache full:https://registry.npmjs.org/@biomejs%2fcli-win32-x64 set size:undefined disposed:false
584 silly fetch manifest aria-hidden@^1.2.4
585 silly packumentCache full:https://registry.npmjs.org/aria-hidden cache-miss
586 http fetch GET 200 https://registry.npmjs.org/@radix-ui%2freact-use-is-hydrated 450ms (cache miss)
587 silly packumentCache full:https://registry.npmjs.org/@radix-ui%2freact-use-is-hydrated set size:undefined disposed:false
588 silly fetch manifest @radix-ui/react-id@1.1.4
589 silly packumentCache full:https://registry.npmjs.org/@radix-ui%2freact-id cache-miss
590 http fetch GET 200 https://registry.npmjs.org/@radix-ui%2fprimitive 526ms (cache miss)
591 silly packumentCache full:https://registry.npmjs.org/@radix-ui%2fprimitive set size:undefined disposed:false
592 silly fetch manifest react-remove-scroll@^2.7.2
593 silly packumentCache full:https://registry.npmjs.org/react-remove-scroll cache-miss
594 http fetch GET 200 https://registry.npmjs.org/@radix-ui%2freact-use-controllable-state 535ms (cache miss)
595 silly packumentCache full:https://registry.npmjs.org/@radix-ui%2freact-use-controllable-state set size:undefined disposed:false
596 silly fetch manifest @radix-ui/react-slot@1.3.3
597 silly packumentCache full:https://registry.npmjs.org/@radix-ui%2freact-slot cache-miss
598 http fetch GET 200 https://registry.npmjs.org/aria-hidden 212ms (cache miss)
599 silly packumentCache full:https://registry.npmjs.org/aria-hidden set size:undefined disposed:false
600 silly fetch manifest @radix-ui/react-portal@1.1.17
601 silly packumentCache full:https://registry.npmjs.org/@radix-ui%2freact-portal cache-miss
602 http fetch GET 200 https://registry.npmjs.org/@biomejs%2fcli-linux-arm64-musl 615ms (cache miss)
603 silly packumentCache full:https://registry.npmjs.org/@biomejs%2fcli-linux-arm64-musl set size:undefined disposed:false
604 silly fetch manifest @radix-ui/react-context@1.2.2
605 silly packumentCache full:https://registry.npmjs.org/@radix-ui%2freact-context cache-miss
606 http fetch GET 200 https://registry.npmjs.org/@biomejs%2fcli-linux-x64-musl 619ms (cache miss)
607 silly packumentCache full:https://registry.npmjs.org/@biomejs%2fcli-linux-x64-musl set size:undefined disposed:false
608 silly fetch manifest @radix-ui/react-presence@1.1.10
609 silly packumentCache full:https://registry.npmjs.org/@radix-ui%2freact-presence cache-miss
610 http fetch GET 200 https://registry.npmjs.org/@radix-ui%2freact-compose-refs 624ms (cache miss)
611 silly packumentCache full:https://registry.npmjs.org/@radix-ui%2freact-compose-refs set size:undefined disposed:false
612 silly fetch manifest @radix-ui/react-primitive@2.1.10
613 silly packumentCache full:https://registry.npmjs.org/@radix-ui%2freact-primitive cache-miss
614 http fetch GET 200 https://registry.npmjs.org/@radix-ui%2fprimitive 622ms (cache miss)
615 silly packumentCache full:https://registry.npmjs.org/@radix-ui%2fprimitive set size:undefined disposed:false
616 silly fetch manifest @radix-ui/react-focus-scope@1.1.16
617 silly packumentCache full:https://registry.npmjs.org/@radix-ui%2freact-focus-scope cache-miss
618 http fetch GET 200 https://registry.npmjs.org/@radix-ui%2fprimitive 627ms (cache miss)
619 silly packumentCache full:https://registry.npmjs.org/@radix-ui%2fprimitive set size:undefined disposed:false
620 silly fetch manifest @radix-ui/react-focus-guards@1.1.6
621 silly packumentCache full:https://registry.npmjs.org/@radix-ui%2freact-focus-guards cache-miss
622 http fetch GET 200 https://registry.npmjs.org/@radix-ui%2fprimitive 639ms (cache miss)
623 silly packumentCache full:https://registry.npmjs.org/@radix-ui%2fprimitive set size:undefined disposed:false
624 silly fetch manifest @radix-ui/react-dismissable-layer@1.1.19
625 silly packumentCache full:https://registry.npmjs.org/@radix-ui%2freact-dismissable-layer cache-miss
626 http fetch GET 200 https://registry.npmjs.org/@radix-ui%2freact-compose-refs 643ms (cache miss)
627 silly packumentCache full:https://registry.npmjs.org/@radix-ui%2freact-compose-refs set size:undefined disposed:false
628 silly fetch manifest @radix-ui/react-use-layout-effect@1.1.4
629 silly packumentCache full:https://registry.npmjs.org/@radix-ui%2freact-use-layout-effect cache-miss
630 http fetch GET 200 https://registry.npmjs.org/@biomejs%2fcli-darwin-x64 658ms (cache miss)
631 silly packumentCache full:https://registry.npmjs.org/@biomejs%2fcli-darwin-x64 set size:undefined disposed:false
632 silly fetch manifest @radix-ui/react-id@1.1.4
633 silly packumentCache full:https://registry.npmjs.org/@radix-ui%2freact-id cache-miss
634 http fetch GET 200 https://registry.npmjs.org/@biomejs%2fcli-darwin-arm64 693ms (cache miss)
635 silly packumentCache full:https://registry.npmjs.org/@biomejs%2fcli-darwin-arm64 set size:undefined disposed:false
636 silly fetch manifest @radix-ui/react-menu@2.1.24
637 silly packumentCache full:https://registry.npmjs.org/@radix-ui%2freact-menu cache-miss
638 http fetch GET 200 https://registry.npmjs.org/@radix-ui%2fprimitive 692ms (cache miss)
639 silly packumentCache full:https://registry.npmjs.org/@radix-ui%2fprimitive set size:undefined disposed:false
640 silly fetch manifest @radix-ui/react-context@1.2.2
641 silly packumentCache full:https://registry.npmjs.org/@radix-ui%2freact-context cache-miss
642 http fetch GET 200 https://registry.npmjs.org/@biomejs%2fcli-linux-arm64 702ms (cache miss)
643 silly packumentCache full:https://registry.npmjs.org/@biomejs%2fcli-linux-arm64 set size:undefined disposed:false
644 silly fetch manifest @radix-ui/react-primitive@2.1.10
645 silly packumentCache full:https://registry.npmjs.org/@radix-ui%2freact-primitive cache-miss
646 http fetch GET 200 https://registry.npmjs.org/@radix-ui%2fprimitive 699ms (cache miss)
647 silly packumentCache full:https://registry.npmjs.org/@radix-ui%2fprimitive set size:undefined disposed:false
648 silly fetch manifest @radix-ui/react-popper@1.3.7
649 silly packumentCache full:https://registry.npmjs.org/@radix-ui%2freact-popper cache-miss
650 http fetch GET 200 https://registry.npmjs.org/@biomejs%2fcli-win32-arm64 820ms (cache miss)
651 silly packumentCache full:https://registry.npmjs.org/@biomejs%2fcli-win32-arm64 set size:undefined disposed:false
652 silly fetch manifest @radix-ui/react-portal@1.1.17
653 silly packumentCache full:https://registry.npmjs.org/@radix-ui%2freact-portal cache-miss
654 http fetch GET 200 https://registry.npmjs.org/@radix-ui%2freact-context 885ms (cache miss)
655 silly packumentCache full:https://registry.npmjs.org/@radix-ui%2freact-context set size:undefined disposed:false
656 silly fetch manifest @radix-ui/react-presence@1.1.10
657 silly packumentCache full:https://registry.npmjs.org/@radix-ui%2freact-presence cache-miss
658 http fetch GET 200 https://registry.npmjs.org/@radix-ui%2freact-use-layout-effect 890ms (cache miss)
659 silly packumentCache full:https://registry.npmjs.org/@radix-ui%2freact-use-layout-effect set size:undefined disposed:false
660 silly fetch manifest @radix-ui/react-primitive@2.1.10
661 silly packumentCache full:https://registry.npmjs.org/@radix-ui%2freact-primitive cache-miss
662 http fetch GET 200 https://registry.npmjs.org/@radix-ui%2freact-compose-refs 905ms (cache miss)
663 silly packumentCache full:https://registry.npmjs.org/@radix-ui%2freact-compose-refs set size:undefined disposed:false
664 silly fetch manifest @radix-ui/react-dismissable-layer@1.1.19
665 silly packumentCache full:https://registry.npmjs.org/@radix-ui%2freact-dismissable-layer cache-miss
666 http fetch GET 200 https://registry.npmjs.org/@radix-ui%2freact-context 917ms (cache miss)
667 silly packumentCache full:https://registry.npmjs.org/@radix-ui%2freact-context set size:undefined disposed:false
668 silly fetch manifest @radix-ui/react-primitive@2.1.10
669 silly packumentCache full:https://registry.npmjs.org/@radix-ui%2freact-primitive cache-miss
670 http fetch GET 200 https://registry.npmjs.org/@radix-ui%2freact-context 766ms (cache miss)
671 silly packumentCache full:https://registry.npmjs.org/@radix-ui%2freact-context set size:undefined disposed:false
672 silly fetch manifest @radix-ui/react-id@1.1.4
673 silly packumentCache full:https://registry.npmjs.org/@radix-ui%2freact-id cache-miss
674 http fetch GET 200 https://registry.npmjs.org/@radix-ui%2freact-context 930ms (cache miss)
675 silly packumentCache full:https://registry.npmjs.org/@radix-ui%2freact-context set size:undefined disposed:false
676 silly fetch manifest @radix-ui/react-menu@2.1.24
677 silly packumentCache full:https://registry.npmjs.org/@radix-ui%2freact-menu cache-miss
678 http fetch GET 200 https://registry.npmjs.org/@radix-ui%2freact-context 930ms (cache miss)
679 silly packumentCache full:https://registry.npmjs.org/@radix-ui%2freact-context set size:undefined disposed:false
680 silly fetch manifest @radix-ui/react-direction@1.1.4
681 silly packumentCache full:https://registry.npmjs.org/@radix-ui%2freact-direction cache-miss
682 http fetch GET 200 https://registry.npmjs.org/@radix-ui%2freact-use-controllable-state 936ms (cache miss)
683 silly packumentCache full:https://registry.npmjs.org/@radix-ui%2freact-use-controllable-state set size:undefined disposed:false
684 silly fetch manifest @radix-ui/react-primitive@2.1.10
685 silly packumentCache full:https://registry.npmjs.org/@radix-ui%2freact-primitive cache-miss
686 http fetch GET 200 https://registry.npmjs.org/@radix-ui%2freact-use-layout-effect 960ms (cache miss)
687 silly packumentCache full:https://registry.npmjs.org/@radix-ui%2freact-use-layout-effect set size:undefined disposed:false
688 silly fetch manifest @radix-ui/react-collection@1.1.15
689 silly packumentCache full:https://registry.npmjs.org/@radix-ui%2freact-collection cache-miss
690 http fetch GET 200 https://registry.npmjs.org/@radix-ui%2freact-use-callback-ref 983ms (cache miss)
691 silly packumentCache full:https://registry.npmjs.org/@radix-ui%2freact-use-callback-ref set size:undefined disposed:false
692 silly fetch manifest @radix-ui/react-roving-focus@1.1.19
693 silly packumentCache full:https://registry.npmjs.org/@radix-ui%2freact-roving-focus cache-miss
694 http cache https://registry.npmjs.org/@radix-ui%2freact-slot 458ms (cache hit)
695 silly packumentCache full:https://registry.npmjs.org/@radix-ui%2freact-slot set size:484643 disposed:false
696 silly fetch manifest @radix-ui/react-id@1.1.4
697 silly packumentCache full:https://registry.npmjs.org/@radix-ui%2freact-id cache-miss
698 http fetch GET 200 https://registry.npmjs.org/@radix-ui%2freact-use-controllable-state 999ms (cache miss)
699 silly packumentCache full:https://registry.npmjs.org/@radix-ui%2freact-use-controllable-state set size:undefined disposed:false
700 silly fetch manifest @radix-ui/react-presence@1.1.10
701 silly packumentCache full:https://registry.npmjs.org/@radix-ui%2freact-presence cache-miss
702 http fetch GET 200 https://registry.npmjs.org/@radix-ui%2freact-use-controllable-state 687ms (cache miss)
703 silly packumentCache full:https://registry.npmjs.org/@radix-ui%2freact-use-controllable-state set size:undefined disposed:false
704 silly fetch manifest @radix-ui/react-direction@1.1.4
705 silly packumentCache full:https://registry.npmjs.org/@radix-ui%2freact-direction cache-miss
706 http fetch GET 200 https://registry.npmjs.org/@radix-ui%2freact-id 1011ms (cache miss)
707 silly packumentCache full:https://registry.npmjs.org/@radix-ui%2freact-id set size:undefined disposed:false
708 silly fetch manifest @radix-ui/react-primitive@2.1.10
709 silly packumentCache full:https://registry.npmjs.org/@radix-ui%2freact-primitive cache-miss
710 http fetch GET 200 https://registry.npmjs.org/@radix-ui%2freact-compose-refs 1048ms (cache miss)
711 silly packumentCache full:https://registry.npmjs.org/@radix-ui%2freact-compose-refs set size:undefined disposed:false
712 silly fetch manifest @radix-ui/react-collection@1.1.15
713 silly packumentCache full:https://registry.npmjs.org/@radix-ui%2freact-collection cache-miss
714 http fetch GET 200 https://registry.npmjs.org/@radix-ui%2freact-use-size 1105ms (cache miss)
715 silly packumentCache full:https://registry.npmjs.org/@radix-ui%2freact-use-size set size:undefined disposed:false
716 silly fetch manifest @radix-ui/react-use-previous@1.1.4
717 silly packumentCache full:https://registry.npmjs.org/@radix-ui%2freact-use-previous cache-miss
718 http fetch GET 200 https://registry.npmjs.org/@radix-ui%2freact-context 1128ms (cache miss)
719 silly packumentCache full:https://registry.npmjs.org/@radix-ui%2freact-context set size:undefined disposed:false
720 silly fetch manifest @radix-ui/react-visually-hidden@1.2.11
721 silly packumentCache full:https://registry.npmjs.org/@radix-ui%2freact-visually-hidden cache-miss
722 http cache https://registry.npmjs.org/@radix-ui%2freact-use-layout-effect 539ms (cache hit)
723 silly packumentCache full:https://registry.npmjs.org/@radix-ui%2freact-use-layout-effect set size:247104 disposed:false
724 silly fetch manifest @radix-ui/react-dismissable-layer@1.1.19
725 silly packumentCache full:https://registry.npmjs.org/@radix-ui%2freact-dismissable-layer cache-miss
726 http cache https://registry.npmjs.org/@radix-ui%2freact-context 508ms (cache hit)
727 silly packumentCache full:https://registry.npmjs.org/@radix-ui%2freact-context set size:311733 disposed:false
728 silly fetch manifest react-remove-scroll@^2.7.2
729 silly packumentCache full:https://registry.npmjs.org/react-remove-scroll cache-miss
730 http fetch GET 200 https://registry.npmjs.org/@radix-ui%2freact-presence 1208ms (cache miss)
731 silly packumentCache full:https://registry.npmjs.org/@radix-ui%2freact-presence set size:undefined disposed:false
732 silly fetch manifest @radix-ui/react-popper@1.3.7
733 silly packumentCache full:https://registry.npmjs.org/@radix-ui%2freact-popper cache-miss
734 http fetch GET 200 https://registry.npmjs.org/@radix-ui%2freact-presence 1224ms (cache miss)
735 silly packumentCache full:https://registry.npmjs.org/@radix-ui%2freact-presence set size:undefined disposed:false
736 silly fetch manifest @radix-ui/react-portal@1.1.17
737 silly packumentCache full:https://registry.npmjs.org/@radix-ui%2freact-portal cache-miss
738 http fetch GET 200 https://registry.npmjs.org/react-remove-scroll 712ms (cache miss)
739 silly packumentCache full:https://registry.npmjs.org/react-remove-scroll set size:undefined disposed:false
740 silly fetch manifest @radix-ui/react-primitive@2.1.10
741 silly packumentCache full:https://registry.npmjs.org/@radix-ui%2freact-primitive cache-miss
742 http fetch GET 200 https://registry.npmjs.org/@radix-ui%2freact-id 1249ms (cache miss)
743 silly packumentCache full:https://registry.npmjs.org/@radix-ui%2freact-id set size:undefined disposed:false
744 silly fetch manifest @radix-ui/react-focus-scope@1.1.16
745 silly packumentCache full:https://registry.npmjs.org/@radix-ui%2freact-focus-scope cache-miss
746 http fetch GET 200 https://registry.npmjs.org/@radix-ui%2freact-primitive 1251ms (cache miss)
747 silly packumentCache full:https://registry.npmjs.org/@radix-ui%2freact-primitive set size:undefined disposed:false
748 silly fetch manifest @radix-ui/react-focus-guards@1.1.6
749 silly packumentCache full:https://registry.npmjs.org/@radix-ui%2freact-focus-guards cache-miss
750 http cache https://registry.npmjs.org/@radix-ui%2freact-id 315ms (cache hit)
751 silly packumentCache full:https://registry.npmjs.org/@radix-ui%2freact-id set size:358699 disposed:false
752 silly fetch manifest @radix-ui/react-dismissable-layer@1.1.19
753 silly packumentCache full:https://registry.npmjs.org/@radix-ui%2freact-dismissable-layer cache-miss
754 http fetch GET 200 https://registry.npmjs.org/@radix-ui%2freact-primitive 1321ms (cache miss)
755 silly packumentCache full:https://registry.npmjs.org/@radix-ui%2freact-primitive set size:undefined disposed:false
756 silly fetch manifest @radix-ui/react-direction@1.1.4
757 silly packumentCache full:https://registry.npmjs.org/@radix-ui%2freact-direction cache-miss
758 http fetch GET 200 https://registry.npmjs.org/@radix-ui%2freact-direction 1346ms (cache miss)
759 silly packumentCache full:https://registry.npmjs.org/@radix-ui%2freact-direction set size:undefined disposed:false
760 silly fetch manifest @radix-ui/react-roving-focus@1.1.19
761 silly packumentCache full:https://registry.npmjs.org/@radix-ui%2freact-roving-focus cache-miss
762 http fetch GET 200 https://registry.npmjs.org/@radix-ui%2freact-id 906ms (cache miss)
763 silly packumentCache full:https://registry.npmjs.org/@radix-ui%2freact-id set size:undefined disposed:false
764 silly packumentCache full:https://registry.npmjs.org/@radix-ui%2freact-id dispose
765 silly fetch manifest @radix-ui/number@1.1.3
766 silly packumentCache full:https://registry.npmjs.org/@radix-ui%2fnumber cache-miss
767 http fetch GET 200 https://registry.npmjs.org/@radix-ui%2freact-primitive 1388ms (cache miss)
768 silly packumentCache full:https://registry.npmjs.org/@radix-ui%2freact-primitive set size:undefined disposed:false
769 silly fetch manifest @radix-ui/number@1.1.3
770 silly packumentCache full:https://registry.npmjs.org/@radix-ui%2fnumber cache-miss
771 http fetch GET 200 https://registry.npmjs.org/@radix-ui%2freact-primitive 1396ms (cache miss)
772 silly packumentCache full:https://registry.npmjs.org/@radix-ui%2freact-primitive set size:undefined disposed:false
773 silly fetch manifest @radix-ui/react-popper@1.3.7
774 silly packumentCache full:https://registry.npmjs.org/@radix-ui%2freact-popper cache-miss
775 http fetch GET 200 https://registry.npmjs.org/@radix-ui%2freact-primitive 1227ms (cache miss)
776 silly packumentCache full:https://registry.npmjs.org/@radix-ui%2freact-primitive set size:undefined disposed:false
777 silly fetch manifest @radix-ui/react-portal@1.1.17
778 silly packumentCache full:https://registry.npmjs.org/@radix-ui%2freact-portal cache-miss
779 http fetch GET 200 https://registry.npmjs.org/@radix-ui%2freact-primitive 1486ms (cache miss)
780 silly packumentCache full:https://registry.npmjs.org/@radix-ui%2freact-primitive set size:undefined disposed:false
781 silly fetch manifest @radix-ui/react-collection@1.1.15
782 silly packumentCache full:https://registry.npmjs.org/@radix-ui%2freact-collection cache-miss
783 http fetch GET 200 https://registry.npmjs.org/@radix-ui%2freact-focus-guards 869ms (cache miss)
784 silly packumentCache full:https://registry.npmjs.org/@radix-ui%2freact-focus-guards set size:undefined disposed:false
785 silly fetch manifest @radix-ui/react-focus-scope@1.1.16
786 silly packumentCache full:https://registry.npmjs.org/@radix-ui%2freact-focus-scope cache-miss
787 http fetch GET 200 https://registry.npmjs.org/@radix-ui%2freact-context 919ms (cache miss)
788 silly packumentCache full:https://registry.npmjs.org/@radix-ui%2freact-context set size:undefined disposed:false
789 silly packumentCache full:https://registry.npmjs.org/@radix-ui%2freact-context dispose
790 silly fetch manifest @radix-ui/react-use-previous@1.1.4
791 silly packumentCache full:https://registry.npmjs.org/@radix-ui%2freact-use-previous cache-miss
792 http fetch GET 200 https://registry.npmjs.org/@radix-ui%2freact-id 951ms (cache miss)
793 silly packumentCache full:https://registry.npmjs.org/@radix-ui%2freact-id set size:undefined disposed:true
794 silly fetch manifest @radix-ui/react-visually-hidden@1.2.11
795 silly packumentCache full:https://registry.npmjs.org/@radix-ui%2freact-visually-hidden cache-miss
796 http cache https://registry.npmjs.org/@radix-ui%2freact-primitive 376ms (cache hit)
797 silly packumentCache full:https://registry.npmjs.org/@radix-ui%2freact-primitive set size:712422 disposed:false
798 silly fetch manifest @radix-ui/react-dismissable-layer@1.1.19
799 silly packumentCache full:https://registry.npmjs.org/@radix-ui%2freact-dismissable-layer cache-miss
800 http fetch GET 200 https://registry.npmjs.org/@radix-ui%2freact-direction 750ms (cache miss)
801 silly packumentCache full:https://registry.npmjs.org/@radix-ui%2freact-direction set size:undefined disposed:false
802 silly fetch manifest @radix-ui/number@1.1.3
803 silly packumentCache full:https://registry.npmjs.org/@radix-ui%2fnumber cache-miss
804 http cache https://registry.npmjs.org/@radix-ui%2freact-direction 381ms (cache hit)
805 silly packumentCache full:https://registry.npmjs.org/@radix-ui%2freact-direction set size:311528 disposed:false
806 silly fetch manifest @radix-ui/react-collection@1.1.15
807 silly packumentCache full:https://registry.npmjs.org/@radix-ui%2freact-collection cache-miss
808 http fetch GET 200 https://registry.npmjs.org/@radix-ui%2freact-primitive 1726ms (cache miss)
809 silly packumentCache full:https://registry.npmjs.org/@radix-ui%2freact-primitive set size:undefined disposed:false
810 silly packumentCache full:https://registry.npmjs.org/@radix-ui%2freact-primitive dispose
811 silly fetch manifest @radix-ui/react-use-previous@1.1.4
812 silly packumentCache full:https://registry.npmjs.org/@radix-ui%2freact-use-previous cache-miss
813 http fetch GET 200 https://registry.npmjs.org/@radix-ui%2freact-id 807ms (cache miss)
814 silly packumentCache full:https://registry.npmjs.org/@radix-ui%2freact-id set size:undefined disposed:false
815 silly fetch manifest @radix-ui/react-roving-focus@1.1.19
816 silly packumentCache full:https://registry.npmjs.org/@radix-ui%2freact-roving-focus cache-miss
817 http fetch GET 200 https://registry.npmjs.org/react-remove-scroll 539ms (cache miss)
818 silly packumentCache full:https://registry.npmjs.org/react-remove-scroll set size:undefined disposed:false
819 silly fetch manifest @radix-ui/react-roving-focus@1.1.19
820 silly packumentCache full:https://registry.npmjs.org/@radix-ui%2freact-roving-focus cache-miss
821 http fetch GET 200 https://registry.npmjs.org/@radix-ui%2freact-direction 737ms (cache miss)
822 silly packumentCache full:https://registry.npmjs.org/@radix-ui%2freact-direction set size:undefined disposed:false
823 silly packumentCache full:https://registry.npmjs.org/@radix-ui%2freact-direction dispose
824 silly fetch manifest @radix-ui/react-popper@1.3.7
825 silly packumentCache full:https://registry.npmjs.org/@radix-ui%2freact-popper cache-miss
826 http fetch GET 200 https://registry.npmjs.org/@radix-ui%2freact-presence 1180ms (cache miss)
827 silly packumentCache full:https://registry.npmjs.org/@radix-ui%2freact-presence set size:undefined disposed:false
828 silly fetch manifest @radix-ui/react-portal@1.1.17
829 silly packumentCache full:https://registry.npmjs.org/@radix-ui%2freact-portal cache-miss
830 http fetch GET 200 https://registry.npmjs.org/@radix-ui%2freact-collection 1831ms (cache miss)
831 silly packumentCache full:https://registry.npmjs.org/@radix-ui%2freact-collection set size:undefined disposed:false
832 silly fetch manifest @radix-ui/react-visually-hidden@1.2.11
833 silly packumentCache full:https://registry.npmjs.org/@radix-ui%2freact-visually-hidden cache-miss
834 http fetch GET 200 https://registry.npmjs.org/@radix-ui%2freact-presence 946ms (cache miss)
835 silly packumentCache full:https://registry.npmjs.org/@radix-ui%2freact-presence set size:undefined disposed:false
836 silly fetch manifest @radix-ui/react-dismissable-layer@1.1.19
837 silly packumentCache full:https://registry.npmjs.org/@radix-ui%2freact-dismissable-layer cache-miss
838 http fetch GET 200 https://registry.npmjs.org/@radix-ui%2freact-use-previous 775ms (cache miss)
839 silly packumentCache full:https://registry.npmjs.org/@radix-ui%2freact-use-previous set size:undefined disposed:false
840 silly fetch manifest cannon-es@^0.20.0
841 silly packumentCache full:https://registry.npmjs.org/cannon-es cache-miss
842 http fetch GET 200 https://registry.npmjs.org/@radix-ui%2freact-presence 979ms (cache miss)
843 silly packumentCache full:https://registry.npmjs.org/@radix-ui%2freact-presence set size:undefined disposed:false
844 silly fetch manifest cannon-es-debugger@^1.0.0
845 silly packumentCache full:https://registry.npmjs.org/cannon-es-debugger cache-miss
846 http fetch GET 200 https://registry.npmjs.org/@radix-ui%2freact-primitive 1393ms (cache miss)
847 silly packumentCache full:https://registry.npmjs.org/@radix-ui%2freact-primitive set size:undefined disposed:true
848 silly fetch manifest @pmndrs/cannon-worker-api@^2.4.0
849 silly packumentCache full:https://registry.npmjs.org/@pmndrs%2fcannon-worker-api cache-miss
850 http fetch GET 200 https://registry.npmjs.org/@radix-ui%2freact-primitive 1395ms (cache miss)
851 silly packumentCache full:https://registry.npmjs.org/@radix-ui%2freact-primitive set size:undefined disposed:false
852 silly fetch manifest buffer@^6.0.3
853 silly packumentCache full:https://registry.npmjs.org/buffer cache-miss
854 http fetch GET 200 https://registry.npmjs.org/@radix-ui%2freact-focus-guards 829ms (cache miss)
855 silly packumentCache full:https://registry.npmjs.org/@radix-ui%2freact-focus-guards set size:undefined disposed:false
856 silly fetch manifest zustand@^5.0.3
857 silly packumentCache full:https://registry.npmjs.org/zustand cache-miss
858 http fetch GET 200 https://registry.npmjs.org/@radix-ui%2fnumber 807ms (cache miss)
859 silly packumentCache full:https://registry.npmjs.org/@radix-ui%2fnumber set size:undefined disposed:false
860 silly fetch manifest its-fine@^2.0.0
861 silly packumentCache full:https://registry.npmjs.org/its-fine cache-miss
862 http fetch GET 200 https://registry.npmjs.org/@radix-ui%2freact-primitive 1261ms (cache miss)
863 silly packumentCache full:https://registry.npmjs.org/@radix-ui%2freact-primitive set size:undefined disposed:false
864 silly fetch manifest base64-js@^1.5.1
865 silly packumentCache full:https://registry.npmjs.org/base64-js cache-miss
866 http fetch GET 200 https://registry.npmjs.org/@radix-ui%2freact-primitive 1315ms (cache miss)
867 silly packumentCache full:https://registry.npmjs.org/@radix-ui%2freact-primitive set size:undefined disposed:false
868 silly fetch manifest scheduler@^0.25.0
869 silly packumentCache full:https://registry.npmjs.org/scheduler cache-miss
870 http fetch GET 200 https://registry.npmjs.org/@radix-ui%2freact-primitive 1298ms (cache miss)
871 silly packumentCache full:https://registry.npmjs.org/@radix-ui%2freact-primitive set size:undefined disposed:false
872 silly fetch manifest @types/webxr@*
873 silly packumentCache full:https://registry.npmjs.org/@types%2fwebxr cache-miss
874 http fetch GET 200 https://registry.npmjs.org/@radix-ui%2fnumber 832ms (cache miss)
875 silly packumentCache full:https://registry.npmjs.org/@radix-ui%2fnumber set size:undefined disposed:false
876 silly fetch manifest suspend-react@^0.1.3
877 silly packumentCache full:https://registry.npmjs.org/suspend-react cache-miss
878 http fetch GET 200 https://registry.npmjs.org/@radix-ui%2fnumber 538ms (cache miss)
879 silly packumentCache full:https://registry.npmjs.org/@radix-ui%2fnumber set size:undefined disposed:false
880 silly fetch manifest @babel/runtime@^7.17.8
881 silly packumentCache full:https://registry.npmjs.org/@babel%2fruntime cache-miss
882 http fetch GET 200 https://registry.npmjs.org/@radix-ui%2freact-focus-scope 1613ms (cache miss)
883 silly packumentCache full:https://registry.npmjs.org/@radix-ui%2freact-focus-scope set size:undefined disposed:false
884 silly fetch manifest react-reconciler@^0.31.0
885 silly packumentCache full:https://registry.npmjs.org/react-reconciler cache-miss
886 http fetch GET 200 https://registry.npmjs.org/@radix-ui%2freact-portal 1655ms (cache miss)
887 silly packumentCache full:https://registry.npmjs.org/@radix-ui%2freact-portal set size:undefined disposed:false
888 silly fetch manifest react-use-measure@^2.1.7
889 silly packumentCache full:https://registry.npmjs.org/react-use-measure cache-miss
890 http fetch GET 200 https://registry.npmjs.org/@radix-ui%2freact-portal 1509ms (cache miss)
891 silly packumentCache full:https://registry.npmjs.org/@radix-ui%2freact-portal set size:undefined disposed:false
892 silly fetch manifest @types/react-reconciler@^0.28.9
893 silly packumentCache full:https://registry.npmjs.org/@types%2freact-reconciler cache-miss
894 http fetch GET 200 https://registry.npmjs.org/@radix-ui%2freact-primitive 1318ms (cache miss)
895 silly packumentCache full:https://registry.npmjs.org/@radix-ui%2freact-primitive set size:undefined disposed:false
896 silly fetch manifest use-sync-external-store@^1.4.0
897 silly packumentCache full:https://registry.npmjs.org/use-sync-external-store cache-miss
898 http fetch GET 200 https://registry.npmjs.org/@radix-ui%2freact-collection 1420ms (cache miss)
899 silly packumentCache full:https://registry.npmjs.org/@radix-ui%2freact-collection set size:undefined disposed:false
900 silly fetch manifest maath@^0.10.8
901 silly packumentCache full:https://registry.npmjs.org/maath cache-miss
902 http fetch GET 200 https://registry.npmjs.org/@radix-ui%2freact-menu 2426ms (cache miss)
903 silly packumentCache full:https://registry.npmjs.org/@radix-ui%2freact-menu set size:undefined disposed:false
904 silly fetch manifest hls.js@^1.5.17
905 silly packumentCache full:https://registry.npmjs.org/hls.js cache-miss
906 http fetch GET 200 https://registry.npmjs.org/@radix-ui%2freact-popper 1760ms (cache miss)
907 silly packumentCache full:https://registry.npmjs.org/@radix-ui%2freact-popper set size:undefined disposed:false
908 silly fetch manifest zustand@^5.0.1
909 silly packumentCache full:https://registry.npmjs.org/zustand cache-miss
910 http fetch GET 200 https://registry.npmjs.org/@radix-ui%2freact-dismissable-layer 1851ms (cache miss)
911 silly packumentCache full:https://registry.npmjs.org/@radix-ui%2freact-dismissable-layer set size:undefined disposed:false
912 silly fetch manifest meshline@^3.3.1
913 silly packumentCache full:https://registry.npmjs.org/meshline cache-miss
914 http fetch GET 200 https://registry.npmjs.org/@radix-ui%2freact-use-previous 963ms (cache miss)
915 silly packumentCache full:https://registry.npmjs.org/@radix-ui%2freact-use-previous set size:undefined disposed:false
916 silly fetch manifest stats-gl@^2.2.8
917 silly packumentCache full:https://registry.npmjs.org/stats-gl cache-miss
918 http fetch GET 200 https://registry.npmjs.org/@radix-ui%2freact-collection 1469ms (cache miss)
919 silly packumentCache full:https://registry.npmjs.org/@radix-ui%2freact-collection set size:undefined disposed:false
920 silly fetch manifest stats.js@^0.17.0
921 silly packumentCache full:https://registry.npmjs.org/stats.js cache-miss
922 http cache https://registry.npmjs.org/zustand 431ms (cache hit)
923 silly packumentCache full:https://registry.npmjs.org/zustand set size:486775 disposed:false
924 silly fetch manifest cross-env@^7.0.3
925 silly packumentCache full:https://registry.npmjs.org/cross-env cache-miss
926 http fetch GET 200 https://registry.npmjs.org/@radix-ui%2freact-visually-hidden 1546ms (cache miss)
927 silly packumentCache full:https://registry.npmjs.org/@radix-ui%2freact-visually-hidden set size:undefined disposed:false
928 silly fetch manifest detect-gpu@^5.0.56
929 silly packumentCache full:https://registry.npmjs.org/detect-gpu cache-miss
930 http fetch GET 200 https://registry.npmjs.org/@radix-ui%2freact-use-previous 951ms (cache miss)
931 silly packumentCache full:https://registry.npmjs.org/@radix-ui%2freact-use-previous set size:undefined disposed:false
932 silly fetch manifest glsl-noise@^0.0.0
933 silly packumentCache full:https://registry.npmjs.org/glsl-noise cache-miss
934 http fetch GET 200 https://registry.npmjs.org/@radix-ui%2freact-dismissable-layer 1783ms (cache miss)
935 silly packumentCache full:https://registry.npmjs.org/@radix-ui%2freact-dismissable-layer set size:undefined disposed:false
936 silly fetch manifest tunnel-rat@^0.1.2
937 silly packumentCache full:https://registry.npmjs.org/tunnel-rat cache-miss
938 http fetch GET 200 https://registry.npmjs.org/base64-js 507ms (cache miss)
939 silly packumentCache full:https://registry.npmjs.org/base64-js set size:undefined disposed:false
940 silly fetch manifest three-stdlib@^2.35.6
941 silly packumentCache full:https://registry.npmjs.org/three-stdlib cache-miss
942 http fetch GET 200 https://registry.npmjs.org/cannon-es-debugger 748ms (cache miss)
943 silly packumentCache full:https://registry.npmjs.org/cannon-es-debugger set size:undefined disposed:false
944 silly fetch manifest suspend-react@^0.1.3
945 silly packumentCache full:https://registry.npmjs.org/suspend-react cache-miss
946 http fetch GET 200 https://registry.npmjs.org/@radix-ui%2freact-portal 1556ms (cache miss)
947 silly packumentCache full:https://registry.npmjs.org/@radix-ui%2freact-portal set size:undefined disposed:false
948 silly fetch manifest utility-types@^3.11.0
949 silly packumentCache full:https://registry.npmjs.org/utility-types cache-miss
950 http fetch GET 200 https://registry.npmjs.org/cannon-es 912ms (cache miss)
951 silly packumentCache full:https://registry.npmjs.org/cannon-es set size:undefined disposed:false
952 silly fetch manifest @babel/runtime@^7.26.0
953 silly packumentCache full:https://registry.npmjs.org/@babel%2fruntime cache-miss
954 http cache https://registry.npmjs.org/use-sync-external-store 490ms (cache hit)
955 silly packumentCache full:https://registry.npmjs.org/use-sync-external-store set size:4861581 disposed:false
956 silly fetch manifest three-mesh-bvh@^0.8.3
957 silly packumentCache full:https://registry.npmjs.org/three-mesh-bvh cache-miss
958 http fetch GET 200 https://registry.npmjs.org/@types%2fwebxr 693ms (cache miss)
959 silly packumentCache full:https://registry.npmjs.org/@types%2fwebxr set size:undefined disposed:false
960 silly fetch manifest camera-controls@^2.9.0
961 silly packumentCache full:https://registry.npmjs.org/camera-controls cache-miss
962 http fetch GET 200 https://registry.npmjs.org/react-use-measure 664ms (cache miss)
963 silly packumentCache full:https://registry.npmjs.org/react-use-measure set size:undefined disposed:false
964 silly fetch manifest troika-three-text@^0.52.4
965 silly packumentCache full:https://registry.npmjs.org/troika-three-text cache-miss
966 http fetch GET 200 https://registry.npmjs.org/@radix-ui%2freact-focus-scope 1692ms (cache miss)
967 silly packumentCache full:https://registry.npmjs.org/@radix-ui%2freact-focus-scope set size:undefined disposed:false
968 silly fetch manifest @use-gesture/react@^10.3.1
969 silly packumentCache full:https://registry.npmjs.org/@use-gesture%2freact cache-miss
970 http cache https://registry.npmjs.org/zustand 462ms (cache hit)
971 silly packumentCache full:https://registry.npmjs.org/zustand set size:486775 disposed:false
972 silly packumentCache full:https://registry.npmjs.org/zustand dispose
973 silly fetch manifest @monogrid/gainmap-js@^3.0.6
974 silly packumentCache full:https://registry.npmjs.org/@monogrid%2fgainmap-js cache-miss
975 http fetch GET 200 https://registry.npmjs.org/@radix-ui%2freact-roving-focus 2001ms (cache miss)
976 silly packumentCache full:https://registry.npmjs.org/@radix-ui%2freact-roving-focus set size:undefined disposed:false
977 silly fetch manifest @mediapipe/tasks-vision@0.10.17
978 silly packumentCache full:https://registry.npmjs.org/@mediapipe%2ftasks-vision cache-miss
979 http fetch GET 200 https://registry.npmjs.org/@pmndrs%2fcannon-worker-api 912ms (cache miss)
980 silly packumentCache full:https://registry.npmjs.org/@pmndrs%2fcannon-worker-api set size:undefined disposed:false
981 silly fetch manifest arg@^5.0.2
982 silly packumentCache full:https://registry.npmjs.org/arg cache-miss
983 http fetch GET 200 https://registry.npmjs.org/stats.js 482ms (cache miss)
984 silly packumentCache full:https://registry.npmjs.org/stats.js set size:undefined disposed:false
985 silly fetch manifest dlv@^1.1.3
986 silly packumentCache full:https://registry.npmjs.org/dlv cache-miss
987 http fetch GET 200 https://registry.npmjs.org/@types%2freact-reconciler 681ms (cache miss)
988 silly packumentCache full:https://registry.npmjs.org/@types%2freact-reconciler set size:undefined disposed:false
989 silly fetch manifest jiti@^1.21.7
990 silly packumentCache full:https://registry.npmjs.org/jiti cache-miss
991 http fetch GET 200 https://registry.npmjs.org/its-fine 821ms (cache miss)
992 silly packumentCache full:https://registry.npmjs.org/its-fine set size:undefined disposed:false
993 silly fetch manifest is-glob@^4.0.3
994 silly packumentCache full:https://registry.npmjs.org/is-glob cache-miss
995 http fetch GET 200 https://registry.npmjs.org/suspend-react 787ms (cache miss)
996 silly packumentCache full:https://registry.npmjs.org/suspend-react set size:undefined disposed:false
997 silly fetch manifest postcss@^8.4.47
998 silly packumentCache full:https://registry.npmjs.org/postcss cache-miss
999 http fetch GET 200 https://registry.npmjs.org/buffer 920ms (cache miss)
1000 silly packumentCache full:https://registry.npmjs.org/buffer set size:undefined disposed:false
1001 silly fetch manifest resolve@^1.22.8
1002 silly packumentCache full:https://registry.npmjs.org/resolve cache-miss
1003 http fetch GET 200 https://registry.npmjs.org/@radix-ui%2freact-dismissable-layer 1843ms (cache miss)
1004 silly packumentCache full:https://registry.npmjs.org/@radix-ui%2freact-dismissable-layer set size:undefined disposed:false
1005 silly fetch manifest sucrase@^3.35.0
1006 silly packumentCache full:https://registry.npmjs.org/sucrase cache-miss
1007 http fetch GET 200 https://registry.npmjs.org/maath 657ms (cache miss)
1008 silly packumentCache full:https://registry.npmjs.org/maath set size:undefined disposed:false
1009 silly fetch manifest chokidar@^3.6.0
1010 silly packumentCache full:https://registry.npmjs.org/chokidar cache-miss
1011 http fetch GET 200 https://registry.npmjs.org/@radix-ui%2freact-popper 1838ms (cache miss)
1012 silly packumentCache full:https://registry.npmjs.org/@radix-ui%2freact-popper set size:undefined disposed:false
1013 silly fetch manifest fast-glob@^3.3.2
1014 silly packumentCache full:https://registry.npmjs.org/fast-glob cache-miss
1015 http fetch GET 200 https://registry.npmjs.org/@radix-ui%2freact-portal 1678ms (cache miss)
1016 silly packumentCache full:https://registry.npmjs.org/@radix-ui%2freact-portal set size:undefined disposed:false
1017 silly fetch manifest lilconfig@^3.1.3
1018 silly packumentCache full:https://registry.npmjs.org/lilconfig cache-miss
1019 http fetch GET 200 https://registry.npmjs.org/stats-gl 638ms (cache miss)
1020 silly packumentCache full:https://registry.npmjs.org/stats-gl set size:undefined disposed:false
1021 silly fetch manifest didyoumean@^1.2.2
1022 silly packumentCache full:https://registry.npmjs.org/didyoumean cache-miss
1023 http fetch GET 200 https://registry.npmjs.org/@radix-ui%2freact-collection 1694ms (cache miss)
1024 silly packumentCache full:https://registry.npmjs.org/@radix-ui%2freact-collection set size:undefined disposed:false
1025 silly fetch manifest micromatch@^4.0.8
1026 silly packumentCache full:https://registry.npmjs.org/micromatch cache-miss
1027 http fetch GET 200 https://registry.npmjs.org/@radix-ui%2freact-visually-hidden 1671ms (cache miss)
1028 silly packumentCache full:https://registry.npmjs.org/@radix-ui%2freact-visually-hidden set size:undefined disposed:false
1029 silly fetch manifest picocolors@^1.1.1
1030 silly packumentCache full:https://registry.npmjs.org/picocolors cache-miss
1031 http fetch GET 200 https://registry.npmjs.org/@radix-ui%2freact-focus-scope 1803ms (cache miss)
1032 silly packumentCache full:https://registry.npmjs.org/@radix-ui%2freact-focus-scope set size:undefined disposed:false
1033 silly fetch manifest postcss-js@^4.0.1
1034 silly packumentCache full:https://registry.npmjs.org/postcss-js cache-miss
1035 http fetch GET 200 https://registry.npmjs.org/suspend-react 579ms (cache miss)
1036 silly packumentCache full:https://registry.npmjs.org/suspend-react set size:undefined disposed:false
1037 silly fetch manifest glob-parent@^6.0.2
1038 silly packumentCache full:https://registry.npmjs.org/glob-parent cache-miss
1039 http fetch GET 200 https://registry.npmjs.org/@radix-ui%2freact-menu 2636ms (cache miss)
1040 silly packumentCache full:https://registry.npmjs.org/@radix-ui%2freact-menu set size:undefined disposed:false
1041 silly fetch manifest object-hash@^3.0.0
1042 silly packumentCache full:https://registry.npmjs.org/object-hash cache-miss
1043 http fetch GET 200 https://registry.npmjs.org/cross-env 830ms (cache miss)
1044 silly packumentCache full:https://registry.npmjs.org/cross-env set size:undefined disposed:false
1045 silly fetch manifest normalize-path@^3.0.0
1046 silly packumentCache full:https://registry.npmjs.org/normalize-path cache-miss
1047 http fetch GET 200 https://registry.npmjs.org/@radix-ui%2freact-dismissable-layer 2075ms (cache miss)
1048 silly packumentCache full:https://registry.npmjs.org/@radix-ui%2freact-dismissable-layer set size:undefined disposed:false
1049 silly fetch manifest postcss-import@^15.1.0
1050 silly packumentCache full:https://registry.npmjs.org/postcss-import cache-miss
1051 http fetch GET 200 https://registry.npmjs.org/meshline 905ms (cache miss)
1052 silly packumentCache full:https://registry.npmjs.org/meshline set size:undefined disposed:false
1053 silly fetch manifest postcss-nested@^6.2.0
1054 silly packumentCache full:https://registry.npmjs.org/postcss-nested cache-miss
1055 http fetch GET 200 https://registry.npmjs.org/glsl-noise 720ms (cache miss)
1056 silly packumentCache full:https://registry.npmjs.org/glsl-noise set size:undefined disposed:false
1057 silly fetch manifest @alloc/quick-lru@^5.2.0
1058 silly packumentCache full:https://registry.npmjs.org/@alloc%2fquick-lru cache-miss
1059 http fetch GET 200 https://registry.npmjs.org/tunnel-rat 717ms (cache miss)
1060 silly packumentCache full:https://registry.npmjs.org/tunnel-rat set size:undefined disposed:false
1061 silly fetch manifest postcss-load-config@^4.0.2 || ^5.0 || ^6.0
1062 silly packumentCache full:https://registry.npmjs.org/postcss-load-config cache-miss
1063 http fetch GET 200 https://registry.npmjs.org/@radix-ui%2freact-popper 2022ms (cache miss)
1064 silly packumentCache full:https://registry.npmjs.org/@radix-ui%2freact-popper set size:undefined disposed:false
1065 silly fetch manifest postcss-selector-parser@^6.1.2
1066 silly packumentCache full:https://registry.npmjs.org/postcss-selector-parser cache-miss
1067 http fetch GET 200 https://registry.npmjs.org/@radix-ui%2freact-roving-focus 2103ms (cache miss)
1068 silly packumentCache full:https://registry.npmjs.org/@radix-ui%2freact-roving-focus set size:undefined disposed:false
1069 silly fetch manifest lodash.merge@^4.6.2
1070 silly packumentCache full:https://registry.npmjs.org/lodash.merge cache-miss
1071 http fetch GET 200 https://registry.npmjs.org/@radix-ui%2freact-menu 2583ms (cache miss)
1072 silly packumentCache full:https://registry.npmjs.org/@radix-ui%2freact-menu set size:undefined disposed:false
1073 silly fetch manifest lodash.castarray@^4.4.0
1074 silly packumentCache full:https://registry.npmjs.org/lodash.castarray cache-miss
1075 http fetch GET 200 https://registry.npmjs.org/utility-types 729ms (cache miss)
1076 silly packumentCache full:https://registry.npmjs.org/utility-types set size:undefined disposed:false
1077 silly fetch manifest lodash.isplainobject@^4.0.6
1078 silly packumentCache full:https://registry.npmjs.org/lodash.isplainobject cache-miss
1079 http fetch GET 200 https://registry.npmjs.org/@radix-ui%2freact-collection 1825ms (cache miss)
1080 silly packumentCache full:https://registry.npmjs.org/@radix-ui%2freact-collection set size:undefined disposed:false
1081 silly fetch manifest postcss-selector-parser@6.0.10
1082 silly packumentCache full:https://registry.npmjs.org/postcss-selector-parser cache-miss
1083 http cache https://registry.npmjs.org/postcss 567ms (cache hit)
1084 silly packumentCache full:https://registry.npmjs.org/postcss set size:749954 disposed:false
1085 silly fetch manifest @tanstack/query-core@5.101.4
1086 silly packumentCache full:https://registry.npmjs.org/@tanstack%2fquery-core cache-miss
1087 http fetch GET 200 https://registry.npmjs.org/@radix-ui%2freact-visually-hidden 1794ms (cache miss)
1088 silly packumentCache full:https://registry.npmjs.org/@radix-ui%2freact-visually-hidden set size:undefined disposed:false
1089 silly fetch manifest isbot@^5.1.22
1090 silly packumentCache full:https://registry.npmjs.org/isbot cache-miss
1091 http fetch GET 200 https://registry.npmjs.org/dlv 626ms (cache miss)
1092 silly packumentCache full:https://registry.npmjs.org/dlv set size:undefined disposed:false
1093 silly fetch manifest tiny-warning@^1.0.3
1094 silly packumentCache full:https://registry.npmjs.org/tiny-warning cache-miss
1095 http fetch GET 200 https://registry.npmjs.org/is-glob 624ms (cache miss)
1096 silly packumentCache full:https://registry.npmjs.org/is-glob set size:undefined disposed:false
1097 silly fetch manifest tiny-invariant@^1.3.3
1098 silly packumentCache full:https://registry.npmjs.org/tiny-invariant cache-miss
1099 http fetch GET 200 https://registry.npmjs.org/@radix-ui%2freact-portal 1887ms (cache miss)
1100 silly packumentCache full:https://registry.npmjs.org/@radix-ui%2freact-portal set size:undefined disposed:false
1101 silly fetch manifest @tanstack/history@1.131.2
1102 silly packumentCache full:https://registry.npmjs.org/@tanstack%2fhistory cache-miss
1103 http fetch GET 200 https://registry.npmjs.org/arg 707ms (cache miss)
1104 silly packumentCache full:https://registry.npmjs.org/arg set size:undefined disposed:false
1105 silly fetch manifest @tanstack/react-store@^0.7.0
1106 silly packumentCache full:https://registry.npmjs.org/@tanstack%2freact-store cache-miss
1107 http fetch GET 200 https://registry.npmjs.org/@radix-ui%2freact-dismissable-layer 2089ms (cache miss)
1108 silly packumentCache full:https://registry.npmjs.org/@radix-ui%2freact-dismissable-layer set size:undefined disposed:false
1109 silly fetch manifest @tanstack/router-core@1.131.50
1110 silly packumentCache full:https://registry.npmjs.org/@tanstack%2frouter-core cache-miss
1111 http fetch GET 200 https://registry.npmjs.org/didyoumean 553ms (cache miss)
1112 silly packumentCache full:https://registry.npmjs.org/didyoumean set size:undefined disposed:false
1113 silly fetch manifest undici-types@~6.21.0
1114 silly packumentCache full:https://registry.npmjs.org/undici-types cache-miss
1115 http fetch GET 200 https://registry.npmjs.org/lilconfig 633ms (cache miss)
1116 silly packumentCache full:https://registry.npmjs.org/lilconfig set size:undefined disposed:false
1117 silly fetch manifest csstype@^3.0.2
1118 silly packumentCache full:https://registry.npmjs.org/csstype cache-miss
1119 http fetch GET 200 https://registry.npmjs.org/picocolors 448ms (cache miss)
1120 silly packumentCache full:https://registry.npmjs.org/picocolors set size:undefined disposed:false
1121 silly fetch manifest fflate@~0.8.2
1122 silly packumentCache full:https://registry.npmjs.org/fflate cache-miss
1123 http fetch GET 200 https://registry.npmjs.org/@monogrid%2fgainmap-js 799ms (cache miss)
1124 silly packumentCache full:https://registry.npmjs.org/@monogrid%2fgainmap-js set size:undefined disposed:false
1125 silly fetch manifest @webgpu/types@*
1126 silly packumentCache full:https://registry.npmjs.org/@webgpu%2ftypes cache-miss
1127 http fetch GET 200 https://registry.npmjs.org/@use-gesture%2freact 840ms (cache miss)
1128 silly packumentCache full:https://registry.npmjs.org/@use-gesture%2freact set size:undefined disposed:false
1129 silly fetch manifest meshoptimizer@~0.18.1
1130 silly packumentCache full:https://registry.npmjs.org/meshoptimizer cache-miss
1131 http fetch GET 200 https://registry.npmjs.org/postcss-js 483ms (cache miss)
1132 silly packumentCache full:https://registry.npmjs.org/postcss-js set size:undefined disposed:false
1133 silly fetch manifest @types/stats.js@*
1134 silly packumentCache full:https://registry.npmjs.org/@types%2fstats.js cache-miss
1135 http fetch GET 200 https://registry.npmjs.org/glob-parent 485ms (cache miss)
1136 silly packumentCache full:https://registry.npmjs.org/glob-parent set size:undefined disposed:false
1137 silly fetch manifest @tweenjs/tween.js@~23.1.3
1138 silly packumentCache full:https://registry.npmjs.org/@tweenjs%2ftween.js cache-miss
1139 http fetch GET 200 https://registry.npmjs.org/@alloc%2fquick-lru 419ms (cache miss)
1140 silly packumentCache full:https://registry.npmjs.org/@alloc%2fquick-lru set size:undefined disposed:false
1141 silly fetch manifest @dimforge/rapier3d-compat@^0.12.0
1142 silly packumentCache full:https://registry.npmjs.org/@dimforge%2frapier3d-compat cache-miss
1143 http fetch GET 200 https://registry.npmjs.org/troika-three-text 902ms (cache miss)
1144 silly packumentCache full:https://registry.npmjs.org/troika-three-text set size:undefined disposed:false
1145 silly fetch manifest @babel/core@^7.28.0
1146 silly packumentCache full:https://registry.npmjs.org/@babel%2fcore cache-miss
1147 http fetch GET 200 https://registry.npmjs.org/@radix-ui%2freact-popper 2085ms (cache miss)
1148 silly packumentCache full:https://registry.npmjs.org/@radix-ui%2freact-popper set size:undefined disposed:false
1149 silly fetch manifest react-refresh@^0.17.0
1150 silly packumentCache full:https://registry.npmjs.org/react-refresh cache-miss
1151 http fetch GET 200 https://registry.npmjs.org/fast-glob 756ms (cache miss)
1152 silly packumentCache full:https://registry.npmjs.org/fast-glob set size:undefined disposed:false
1153 silly fetch manifest @types/babel__core@^7.20.5
1154 silly packumentCache full:https://registry.npmjs.org/@types%2fbabel__core cache-miss
1155 http fetch GET 200 https://registry.npmjs.org/@radix-ui%2freact-roving-focus 2151ms (cache miss)
1156 silly packumentCache full:https://registry.npmjs.org/@radix-ui%2freact-roving-focus set size:undefined disposed:false
1157 silly fetch manifest @rolldown/pluginutils@1.0.0-beta.27
1158 silly packumentCache full:https://registry.npmjs.org/@rolldown%2fpluginutils cache-miss
1159 http fetch GET 200 https://registry.npmjs.org/@radix-ui%2freact-dismissable-layer 2063ms (cache miss)
1160 silly packumentCache full:https://registry.npmjs.org/@radix-ui%2freact-dismissable-layer set size:undefined disposed:false
1161 silly fetch manifest @babel/plugin-transform-react-jsx-self@^7.27.1
1162 silly packumentCache full:https://registry.npmjs.org/@babel%2fplugin-transform-react-jsx-self cache-miss
1163 http fetch GET 200 https://registry.npmjs.org/normalize-path 524ms (cache miss)
1164 silly packumentCache full:https://registry.npmjs.org/normalize-path set size:undefined disposed:false
1165 silly fetch manifest @babel/plugin-transform-react-jsx-source@^7.27.1
1166 silly packumentCache full:https://registry.npmjs.org/@babel%2fplugin-transform-react-jsx-source cache-miss
1167 http fetch GET 200 https://registry.npmjs.org/three-mesh-bvh 1034ms (cache miss)
1168 silly packumentCache full:https://registry.npmjs.org/three-mesh-bvh set size:undefined disposed:false
1169 silly fetch manifest rollup@^4.20.0
1170 silly packumentCache full:https://registry.npmjs.org/rollup cache-miss
1171 http fetch GET 200 https://registry.npmjs.org/postcss-nested 537ms (cache miss)
1172 silly packumentCache full:https://registry.npmjs.org/postcss-nested set size:undefined disposed:false
1173 silly fetch manifest esbuild@^0.21.3
1174 silly packumentCache full:https://registry.npmjs.org/esbuild cache-miss
1175 http fetch GET 200 https://registry.npmjs.org/@radix-ui%2freact-roving-focus 2201ms (cache miss)
1176 silly packumentCache full:https://registry.npmjs.org/@radix-ui%2freact-roving-focus set size:undefined disposed:false
1177 silly fetch manifest postcss@^8.4.43
1178 silly packumentCache full:https://registry.npmjs.org/postcss cache-hit
1179 silly fetch manifest fsevents@~2.3.3
1180 silly packumentCache full:https://registry.npmjs.org/fsevents cache-miss
1181 http fetch GET 200 https://registry.npmjs.org/resolve 956ms (cache miss)
1182 silly packumentCache full:https://registry.npmjs.org/resolve set size:undefined disposed:false
1183 silly fetch manifest fraction.js@^5.3.4
1184 silly packumentCache full:https://registry.npmjs.org/fraction.js cache-miss
1185 http fetch GET 200 https://registry.npmjs.org/chokidar 944ms (cache miss)
1186 silly packumentCache full:https://registry.npmjs.org/chokidar set size:undefined disposed:false
1187 silly fetch manifest browserslist@^4.28.6
1188 silly packumentCache full:https://registry.npmjs.org/browserslist cache-miss
1189 http fetch GET 200 https://registry.npmjs.org/lodash.merge 514ms (cache miss)
1190 silly packumentCache full:https://registry.npmjs.org/lodash.merge set size:undefined disposed:false
1191 silly fetch manifest caniuse-lite@^1.0.30001806
1192 silly packumentCache full:https://registry.npmjs.org/caniuse-lite cache-miss
1193 http fetch GET 200 https://registry.npmjs.org/postcss-load-config 588ms (cache miss)
1194 silly packumentCache full:https://registry.npmjs.org/postcss-load-config set size:undefined disposed:false
1195 silly fetch manifest postcss-value-parser@^4.2.0
1196 silly packumentCache full:https://registry.npmjs.org/postcss-value-parser cache-miss
1197 http fetch GET 200 https://registry.npmjs.org/lodash.isplainobject 490ms (cache miss)
1198 silly packumentCache full:https://registry.npmjs.org/lodash.isplainobject set size:undefined disposed:false
1199 silly fetch manifest nanoid@^3.3.16
1200 silly packumentCache full:https://registry.npmjs.org/nanoid cache-miss
1201 http fetch GET 200 https://registry.npmjs.org/object-hash 647ms (cache miss)
1202 silly packumentCache full:https://registry.npmjs.org/object-hash set size:undefined disposed:false
1203 silly fetch manifest source-map-js@^1.2.1
1204 silly packumentCache full:https://registry.npmjs.org/source-map-js cache-miss
1205 http fetch GET 200 https://registry.npmjs.org/tiny-warning 395ms (cache miss)
1206 silly packumentCache full:https://registry.npmjs.org/tiny-warning set size:undefined disposed:false
1207 silly fetch manifest @radix-ui/react-id@^1.1.0
1208 silly packumentCache full:https://registry.npmjs.org/@radix-ui%2freact-id cache-miss
1209 http fetch GET 200 https://registry.npmjs.org/micromatch 839ms (cache miss)
1210 silly packumentCache full:https://registry.npmjs.org/micromatch set size:undefined disposed:false
1211 silly fetch manifest @radix-ui/react-primitive@^2.0.2
1212 silly packumentCache full:https://registry.npmjs.org/@radix-ui%2freact-primitive cache-miss
1213 http fetch GET 200 https://registry.npmjs.org/lodash.castarray 515ms (cache miss)
1214 silly packumentCache full:https://registry.npmjs.org/lodash.castarray set size:undefined disposed:false
1215 silly fetch manifest @radix-ui/react-compose-refs@^1.1.1
1216 silly packumentCache full:https://registry.npmjs.org/@radix-ui%2freact-compose-refs cache-miss
1217 http fetch GET 200 https://registry.npmjs.org/postcss-import 702ms (cache miss)
1218 silly packumentCache full:https://registry.npmjs.org/postcss-import set size:undefined disposed:false
1219 silly fetch manifest minimist@^1.2.6
1220 silly packumentCache full:https://registry.npmjs.org/minimist cache-miss
1221 http fetch GET 200 https://registry.npmjs.org/jiti 1099ms (cache miss)
1222 silly packumentCache full:https://registry.npmjs.org/jiti set size:undefined disposed:false
1223 silly fetch manifest cross-spawn@^7.0.6
1224 silly packumentCache full:https://registry.npmjs.org/cross-spawn cache-miss
1225 http fetch GET 200 https://registry.npmjs.org/camera-controls 1207ms (cache miss)
1226 silly packumentCache full:https://registry.npmjs.org/camera-controls set size:undefined disposed:false
1227 silly fetch manifest dotenv-expand@^10.0.0
1228 silly packumentCache full:https://registry.npmjs.org/dotenv-expand cache-miss
1229 http fetch GET 200 https://registry.npmjs.org/postcss-selector-parser 699ms (cache miss)
1230 silly packumentCache full:https://registry.npmjs.org/postcss-selector-parser set size:undefined disposed:false
1231 silly fetch manifest embla-carousel@8.6.0
1232 silly packumentCache full:https://registry.npmjs.org/embla-carousel cache-miss
1233 http fetch GET 200 https://registry.npmjs.org/tiny-invariant 512ms (cache miss)
1234 silly packumentCache full:https://registry.npmjs.org/tiny-invariant set size:undefined disposed:false
1235 silly fetch manifest embla-carousel-reactive-utils@8.6.0
1236 silly packumentCache full:https://registry.npmjs.org/embla-carousel-reactive-utils cache-miss
1237 http fetch GET 200 https://registry.npmjs.org/three-stdlib 1467ms (cache miss)
1238 silly packumentCache full:https://registry.npmjs.org/three-stdlib set size:undefined disposed:false
1239 silly fetch manifest css-line-break@^2.1.0
1240 silly packumentCache full:https://registry.npmjs.org/css-line-break cache-miss
1241 http fetch GET 200 https://registry.npmjs.org/postcss-selector-parser 615ms (cache miss)
1242 silly packumentCache full:https://registry.npmjs.org/postcss-selector-parser set size:undefined disposed:false
1243 silly fetch manifest text-segmentation@^1.0.3
1244 silly packumentCache full:https://registry.npmjs.org/text-segmentation cache-miss
1245 http fetch GET 200 https://registry.npmjs.org/@types%2fstats.js 399ms (cache miss)
1246 silly packumentCache full:https://registry.npmjs.org/@types%2fstats.js set size:undefined disposed:false
1247 silly fetch manifest framer-motion@^12.42.2
1248 silly packumentCache full:https://registry.npmjs.org/framer-motion cache-miss
1249 http cache https://registry.npmjs.org/@babel%2fcore 391ms (cache hit)
1250 silly packumentCache full:https://registry.npmjs.org/@babel%2fcore set size:788273 disposed:false
1251 silly fetch manifest tslib@^2.4.0
1252 silly packumentCache full:https://registry.npmjs.org/tslib cache-miss
1253 http fetch GET 200 https://registry.npmjs.org/sucrase 1196ms (cache miss)
1254 silly packumentCache full:https://registry.npmjs.org/sucrase set size:undefined disposed:false
1255 silly fetch manifest date-fns@^4.1.0
1256 silly packumentCache full:https://registry.npmjs.org/date-fns cache-miss
1257 http fetch GET 200 https://registry.npmjs.org/meshoptimizer 498ms (cache miss)
1258 silly packumentCache full:https://registry.npmjs.org/meshoptimizer set size:undefined disposed:false
1259 silly fetch manifest @date-fns/tz@^1.4.1
1260 silly packumentCache full:https://registry.npmjs.org/@date-fns%2ftz cache-miss
1261 http fetch GET 200 https://registry.npmjs.org/fflate 574ms (cache miss)
1262 silly packumentCache full:https://registry.npmjs.org/fflate set size:undefined disposed:false
1263 silly fetch manifest date-fns-jalali@4.1.0-0
1264 silly packumentCache full:https://registry.npmjs.org/date-fns-jalali cache-miss
1265 http cache https://registry.npmjs.org/@radix-ui%2freact-id 293ms (cache hit)
1266 silly packumentCache full:https://registry.npmjs.org/@radix-ui%2freact-id set size:358699 disposed:false
1267 silly fetch manifest @tabby_ai/hijri-converter@1.0.5
1268 silly packumentCache full:https://registry.npmjs.org/@tabby_ai%2fhijri-converter cache-miss
1269 http cache https://registry.npmjs.org/@radix-ui%2freact-primitive 296ms (cache hit)
1270 silly packumentCache full:https://registry.npmjs.org/@radix-ui%2freact-primitive set size:712422 disposed:false
1271 silly fetch manifest quill@~2.0.2
1272 silly packumentCache full:https://registry.npmjs.org/quill cache-miss
1273 http cache https://registry.npmjs.org/@radix-ui%2freact-compose-refs 302ms (cache hit)
1274 silly packumentCache full:https://registry.npmjs.org/@radix-ui%2freact-compose-refs set size:252692 disposed:false
1275 silly fetch manifest lodash-es@^4.17.21
1276 silly packumentCache full:https://registry.npmjs.org/lodash-es cache-miss
1277 http fetch GET 200 https://registry.npmjs.org/detect-gpu 1708ms (cache miss)
1278 silly packumentCache full:https://registry.npmjs.org/detect-gpu set size:undefined disposed:false
1279 silly fetch manifest fast-diff@^1.3.0
1280 silly packumentCache full:https://registry.npmjs.org/fast-diff cache-miss
1281 http fetch GET 200 https://registry.npmjs.org/@types%2fbabel__core 513ms (cache miss)
1282 silly packumentCache full:https://registry.npmjs.org/@types%2fbabel__core set size:undefined disposed:false
1283 silly fetch manifest lodash.clonedeep@^4.5.0
1284 silly packumentCache full:https://registry.npmjs.org/lodash.clonedeep cache-miss
1285 http fetch GET 200 https://registry.npmjs.org/source-map-js 373ms (cache miss)
1286 silly packumentCache full:https://registry.npmjs.org/source-map-js set size:undefined disposed:false
1287 silly fetch manifest lodash.isequal@^4.5.0
1288 silly packumentCache full:https://registry.npmjs.org/lodash.isequal cache-miss
1289 http fetch GET 200 https://registry.npmjs.org/csstype 675ms (cache miss)
1290 silly packumentCache full:https://registry.npmjs.org/csstype set size:undefined disposed:false
1291 silly fetch manifest @types/js-cookie@^3.0.0
1292 silly packumentCache full:https://registry.npmjs.org/@types%2fjs-cookie cache-miss
1293 http fetch GET 200 https://registry.npmjs.org/@tweenjs%2ftween.js 613ms (cache miss)
1294 silly packumentCache full:https://registry.npmjs.org/@tweenjs%2ftween.js set size:undefined disposed:false
1295 silly fetch manifest @xobotyi/scrollbar-width@^1.9.5
1296 silly packumentCache full:https://registry.npmjs.org/@xobotyi%2fscrollbar-width cache-miss
1297 http fetch GET 200 https://registry.npmjs.org/undici-types 704ms (cache miss)
1298 silly packumentCache full:https://registry.npmjs.org/undici-types set size:undefined disposed:false
1299 silly fetch manifest copy-to-clipboard@^3.3.1
1300 silly packumentCache full:https://registry.npmjs.org/copy-to-clipboard cache-miss
1301 http fetch GET 200 https://registry.npmjs.org/@babel%2fplugin-transform-react-jsx-source 546ms (cache miss)
1302 silly packumentCache full:https://registry.npmjs.org/@babel%2fplugin-transform-react-jsx-source set size:undefined disposed:false
1303 silly fetch manifest fast-deep-equal@^3.1.3
1304 silly packumentCache full:https://registry.npmjs.org/fast-deep-equal cache-miss
1305 http fetch GET 200 https://registry.npmjs.org/fraction.js 474ms (cache miss)
1306 silly packumentCache full:https://registry.npmjs.org/fraction.js set size:undefined disposed:false
1307 silly fetch manifest fast-shallow-equal@^1.0.0
1308 silly packumentCache full:https://registry.npmjs.org/fast-shallow-equal cache-miss
1309 http fetch GET 200 https://registry.npmjs.org/postcss-value-parser 458ms (cache miss)
1310 silly packumentCache full:https://registry.npmjs.org/postcss-value-parser set size:undefined disposed:false
1311 silly fetch manifest js-cookie@^3.0.0
1312 silly packumentCache full:https://registry.npmjs.org/js-cookie cache-miss
1313 http fetch GET 200 https://registry.npmjs.org/@babel%2fplugin-transform-react-jsx-self 565ms (cache miss)
1314 silly packumentCache full:https://registry.npmjs.org/@babel%2fplugin-transform-react-jsx-self set size:undefined disposed:false
1315 silly fetch manifest nano-css@^5.6.2
1316 silly packumentCache full:https://registry.npmjs.org/nano-css cache-miss
1317 http fetch GET 200 https://registry.npmjs.org/@dimforge%2frapier3d-compat 672ms (cache miss)
1318 silly packumentCache full:https://registry.npmjs.org/@dimforge%2frapier3d-compat set size:undefined disposed:false
1319 silly fetch manifest react-universal-interface@^0.6.2
1320 silly packumentCache full:https://registry.npmjs.org/react-universal-interface cache-miss
1321 http fetch GET 200 https://registry.npmjs.org/@tanstack%2freact-store 790ms (cache miss)
1322 silly packumentCache full:https://registry.npmjs.org/@tanstack%2freact-store set size:undefined disposed:false
1323 silly fetch manifest resize-observer-polyfill@^1.5.1
1324 silly packumentCache full:https://registry.npmjs.org/resize-observer-polyfill cache-miss
1325 http fetch GET 200 https://registry.npmjs.org/text-segmentation 384ms (cache miss)
1326 silly packumentCache full:https://registry.npmjs.org/text-segmentation set size:undefined disposed:false
1327 silly fetch manifest screenfull@^5.1.0
1328 silly packumentCache full:https://registry.npmjs.org/screenfull cache-miss
1329 http fetch GET 200 https://registry.npmjs.org/@webgpu%2ftypes 804ms (cache miss)
1330 silly packumentCache full:https://registry.npmjs.org/@webgpu%2ftypes set size:undefined disposed:false
1331 silly fetch manifest set-harmonic-interval@^1.0.1
1332 silly packumentCache full:https://registry.npmjs.org/set-harmonic-interval cache-miss
1333 http fetch GET 200 https://registry.npmjs.org/fsevents 609ms (cache miss)
1334 silly packumentCache full:https://registry.npmjs.org/fsevents set size:undefined disposed:false
1335 silly fetch manifest throttle-debounce@^3.0.1
1336 silly packumentCache full:https://registry.npmjs.org/throttle-debounce cache-miss
1337 http fetch GET 200 https://registry.npmjs.org/minimist 500ms (cache miss)
1338 silly packumentCache full:https://registry.npmjs.org/minimist set size:undefined disposed:false
1339 silly fetch manifest ts-easing@^0.2.0
1340 silly packumentCache full:https://registry.npmjs.org/ts-easing cache-miss
1341 http fetch GET 200 https://registry.npmjs.org/css-line-break 504ms (cache miss)
1342 silly packumentCache full:https://registry.npmjs.org/css-line-break set size:undefined disposed:false
1343 silly fetch manifest tslib@^2.1.0
1344 silly packumentCache full:https://registry.npmjs.org/tslib cache-miss
1345 http cache https://registry.npmjs.org/date-fns 462ms (cache hit)
1346 silly packumentCache full:https://registry.npmjs.org/date-fns set size:4144741 disposed:false
1347 silly fetch manifest lodash@^4.17.21
1348 silly packumentCache full:https://registry.npmjs.org/lodash cache-miss
1349 http fetch GET 200 https://registry.npmjs.org/dotenv-expand 660ms (cache miss)
1350 silly packumentCache full:https://registry.npmjs.org/dotenv-expand set size:undefined disposed:false
1351 silly fetch manifest react-is@^18.3.1
1352 silly packumentCache full:https://registry.npmjs.org/react-is cache-miss
1353 http fetch GET 200 https://registry.npmjs.org/cross-spawn 679ms (cache miss)
1354 silly packumentCache full:https://registry.npmjs.org/cross-spawn set size:undefined disposed:false
1355 silly fetch manifest react-smooth@^4.0.4
1356 silly packumentCache full:https://registry.npmjs.org/react-smooth cache-miss
1357 http fetch GET 200 https://registry.npmjs.org/@rolldown%2fpluginutils 915ms (cache miss)
1358 silly packumentCache full:https://registry.npmjs.org/@rolldown%2fpluginutils set size:undefined disposed:false
1359 silly fetch manifest eventemitter3@^4.0.1
1360 silly packumentCache full:https://registry.npmjs.org/eventemitter3 cache-miss
1361 http fetch GET 200 https://registry.npmjs.org/embla-carousel-reactive-utils 677ms (cache miss)
1362 silly packumentCache full:https://registry.npmjs.org/embla-carousel-reactive-utils set size:undefined disposed:false
1363 silly fetch manifest recharts-scale@^0.4.4
1364 silly packumentCache full:https://registry.npmjs.org/recharts-scale cache-miss
1365 http fetch GET 200 https://registry.npmjs.org/fast-diff 500ms (cache miss)
1366 silly packumentCache full:https://registry.npmjs.org/fast-diff set size:undefined disposed:false
1367 silly fetch manifest tiny-invariant@^1.3.1
1368 silly packumentCache full:https://registry.npmjs.org/tiny-invariant cache-miss
1369 http fetch GET 200 https://registry.npmjs.org/@tabby_ai%2fhijri-converter 570ms (cache miss)
1370 silly packumentCache full:https://registry.npmjs.org/@tabby_ai%2fhijri-converter set size:undefined disposed:false
1371 silly fetch manifest victory-vendor@^36.6.8
1372 silly packumentCache full:https://registry.npmjs.org/victory-vendor cache-miss
1373 http fetch GET 200 https://registry.npmjs.org/@date-fns%2ftz 622ms (cache miss)
1374 silly packumentCache full:https://registry.npmjs.org/@date-fns%2ftz set size:undefined disposed:false
1375 http fetch GET 200 https://registry.npmjs.org/tslib 680ms (cache miss)
1376 silly packumentCache full:https://registry.npmjs.org/tslib set size:undefined disposed:false
1377 http fetch GET 200 https://registry.npmjs.org/nanoid 891ms (cache miss)
1378 silly packumentCache full:https://registry.npmjs.org/nanoid set size:undefined disposed:false
1379 http fetch GET 200 https://registry.npmjs.org/@tanstack%2fhistory 1223ms (cache miss)
1380 silly packumentCache full:https://registry.npmjs.org/@tanstack%2fhistory set size:undefined disposed:false
1381 http fetch GET 200 https://registry.npmjs.org/lodash.clonedeep 542ms (cache miss)
1382 silly packumentCache full:https://registry.npmjs.org/lodash.clonedeep set size:undefined disposed:false
1383 http fetch GET 200 https://registry.npmjs.org/@mediapipe%2ftasks-vision 1983ms (cache miss)
1384 silly packumentCache full:https://registry.npmjs.org/@mediapipe%2ftasks-vision set size:undefined disposed:false
1385 http fetch GET 200 https://registry.npmjs.org/lodash.isequal 592ms (cache miss)
1386 silly packumentCache full:https://registry.npmjs.org/lodash.isequal set size:undefined disposed:false
1387 http fetch GET 200 https://registry.npmjs.org/copy-to-clipboard 558ms (cache miss)
1388 silly packumentCache full:https://registry.npmjs.org/copy-to-clipboard set size:undefined disposed:false
1389 http fetch GET 200 https://registry.npmjs.org/isbot 1371ms (cache miss)
1390 silly packumentCache full:https://registry.npmjs.org/isbot set size:undefined disposed:false
1391 http fetch GET 200 https://registry.npmjs.org/lodash-es 666ms (cache miss)
1392 silly packumentCache full:https://registry.npmjs.org/lodash-es set size:undefined disposed:false
1393 http fetch GET 200 https://registry.npmjs.org/fast-deep-equal 553ms (cache miss)
1394 silly packumentCache full:https://registry.npmjs.org/fast-deep-equal set size:undefined disposed:false
1395 http fetch GET 200 https://registry.npmjs.org/ts-easing 413ms (cache miss)
1396 silly packumentCache full:https://registry.npmjs.org/ts-easing set size:undefined disposed:false
1397 http fetch GET 200 https://registry.npmjs.org/fast-shallow-equal 552ms (cache miss)
1398 silly packumentCache full:https://registry.npmjs.org/fast-shallow-equal set size:undefined disposed:false
1399 http fetch GET 200 https://registry.npmjs.org/@xobotyi%2fscrollbar-width 599ms (cache miss)
1400 silly packumentCache full:https://registry.npmjs.org/@xobotyi%2fscrollbar-width set size:undefined disposed:false
1401 http fetch GET 200 https://registry.npmjs.org/@types%2fjs-cookie 605ms (cache miss)
1402 silly packumentCache full:https://registry.npmjs.org/@types%2fjs-cookie set size:undefined disposed:false
1403 http fetch GET 200 https://registry.npmjs.org/resize-observer-polyfill 523ms (cache miss)
1404 silly packumentCache full:https://registry.npmjs.org/resize-observer-polyfill set size:undefined disposed:false
1405 http fetch GET 200 https://registry.npmjs.org/react-universal-interface 528ms (cache miss)
1406 silly packumentCache full:https://registry.npmjs.org/react-universal-interface set size:undefined disposed:false
1407 http fetch GET 200 https://registry.npmjs.org/js-cookie 563ms (cache miss)
1408 silly packumentCache full:https://registry.npmjs.org/js-cookie set size:undefined disposed:false
1409 http fetch GET 200 https://registry.npmjs.org/screenfull 455ms (cache miss)
1410 silly packumentCache full:https://registry.npmjs.org/screenfull set size:undefined disposed:false
1411 http fetch GET 200 https://registry.npmjs.org/set-harmonic-interval 447ms (cache miss)
1412 silly packumentCache full:https://registry.npmjs.org/set-harmonic-interval set size:undefined disposed:false
1413 http fetch GET 200 https://registry.npmjs.org/throttle-debounce 476ms (cache miss)
1414 silly packumentCache full:https://registry.npmjs.org/throttle-debounce set size:undefined disposed:false
1415 http fetch GET 200 https://registry.npmjs.org/tslib 403ms (cache miss)
1416 silly packumentCache full:https://registry.npmjs.org/tslib set size:undefined disposed:false
1417 http fetch GET 200 https://registry.npmjs.org/browserslist 1112ms (cache miss)
1418 silly packumentCache full:https://registry.npmjs.org/browserslist set size:undefined disposed:false
1419 http cache https://registry.npmjs.org/tiny-invariant 223ms (cache hit)
1420 silly packumentCache full:https://registry.npmjs.org/tiny-invariant set size:98310 disposed:false
1421 http fetch GET 200 https://registry.npmjs.org/nano-css 666ms (cache miss)
1422 silly packumentCache full:https://registry.npmjs.org/nano-css set size:undefined disposed:false
1423 http fetch GET 200 https://registry.npmjs.org/eventemitter3 344ms (cache miss)
1424 silly packumentCache full:https://registry.npmjs.org/eventemitter3 set size:undefined disposed:false
1425 http fetch GET 200 https://registry.npmjs.org/recharts-scale 330ms (cache miss)
1426 silly packumentCache full:https://registry.npmjs.org/recharts-scale set size:undefined disposed:false
1427 http fetch GET 200 https://registry.npmjs.org/quill 828ms (cache miss)
1428 silly packumentCache full:https://registry.npmjs.org/quill set size:undefined disposed:false
1429 http fetch GET 200 https://registry.npmjs.org/react-smooth 461ms (cache miss)
1430 silly packumentCache full:https://registry.npmjs.org/react-smooth set size:undefined disposed:false
1431 http fetch GET 200 https://registry.npmjs.org/lodash 480ms (cache miss)
1432 silly packumentCache full:https://registry.npmjs.org/lodash set size:undefined disposed:false
1433 http fetch GET 200 https://registry.npmjs.org/@tanstack%2fquery-core 1744ms (cache miss)
1434 silly packumentCache full:https://registry.npmjs.org/@tanstack%2fquery-core set size:undefined disposed:false
1435 http fetch GET 200 https://registry.npmjs.org/victory-vendor 482ms (cache miss)
1436 silly packumentCache full:https://registry.npmjs.org/victory-vendor set size:undefined disposed:false
1437 http fetch GET 200 https://registry.npmjs.org/embla-carousel 1259ms (cache miss)
1438 silly packumentCache full:https://registry.npmjs.org/embla-carousel set size:undefined disposed:false
1439 http fetch GET 200 https://registry.npmjs.org/esbuild 1764ms (cache miss)
1440 silly packumentCache full:https://registry.npmjs.org/esbuild set size:undefined disposed:false
1441 http fetch GET 200 https://registry.npmjs.org/@tanstack%2frouter-core 2059ms (cache miss)
1442 silly packumentCache full:https://registry.npmjs.org/@tanstack%2frouter-core set size:undefined disposed:false
1443 http fetch GET 200 https://registry.npmjs.org/@babel%2fruntime 4224ms (cache miss)
1444 silly packumentCache full:https://registry.npmjs.org/@babel%2fruntime set size:undefined disposed:false
1445 http fetch GET 200 https://registry.npmjs.org/caniuse-lite 2570ms (cache miss)
1446 silly packumentCache full:https://registry.npmjs.org/caniuse-lite set size:undefined disposed:false
1447 http fetch GET 200 https://registry.npmjs.org/@babel%2fruntime 3846ms (cache miss)
1448 silly packumentCache full:https://registry.npmjs.org/@babel%2fruntime set size:undefined disposed:false
1449 http fetch GET 200 https://registry.npmjs.org/date-fns-jalali 2385ms (cache miss)
1450 silly packumentCache full:https://registry.npmjs.org/date-fns-jalali set size:undefined disposed:false
1451 http fetch GET 200 https://registry.npmjs.org/scheduler 7011ms (cache miss)
1452 silly packumentCache full:https://registry.npmjs.org/scheduler set size:undefined disposed:false
1453 http fetch GET 200 https://registry.npmjs.org/scheduler 5413ms (cache miss)
1454 silly packumentCache full:https://registry.npmjs.org/scheduler set size:undefined disposed:false
1455 http fetch GET 200 https://registry.npmjs.org/react-reconciler 5535ms (cache miss)
1456 silly packumentCache full:https://registry.npmjs.org/react-reconciler set size:undefined disposed:false
1457 http fetch GET 200 https://registry.npmjs.org/rollup 4094ms (cache miss)
1458 silly packumentCache full:https://registry.npmjs.org/rollup set size:undefined disposed:false
1459 http fetch GET 200 https://registry.npmjs.org/react-refresh 4292ms (cache miss)
1460 silly packumentCache full:https://registry.npmjs.org/react-refresh set size:undefined disposed:false
1461 http fetch GET 200 https://registry.npmjs.org/react-is 3500ms (cache miss)
1462 silly packumentCache full:https://registry.npmjs.org/react-is set size:undefined disposed:false
1463 http fetch GET 200 https://registry.npmjs.org/framer-motion 4411ms (cache miss)
1464 silly packumentCache full:https://registry.npmjs.org/framer-motion set size:undefined disposed:false
1465 http fetch GET 200 https://registry.npmjs.org/hls.js 6810ms (cache miss)
1466 silly packumentCache full:https://registry.npmjs.org/hls.js set size:undefined disposed:false
1467 silly placeDep ROOT @biomejs/cli-darwin-arm64@1.9.4 OK for: @biomejs/biome@1.9.4 want: 1.9.4
1468 silly placeDep ROOT @biomejs/cli-darwin-x64@1.9.4 OK for: @biomejs/biome@1.9.4 want: 1.9.4
1469 silly placeDep ROOT @biomejs/cli-linux-arm64@1.9.4 OK for: @biomejs/biome@1.9.4 want: 1.9.4
1470 silly placeDep ROOT @biomejs/cli-linux-arm64-musl@1.9.4 OK for: @biomejs/biome@1.9.4 want: 1.9.4
1471 silly placeDep ROOT @biomejs/cli-linux-x64@1.9.4 OK for: @biomejs/biome@1.9.4 want: 1.9.4
1472 silly placeDep ROOT @biomejs/cli-linux-x64-musl@1.9.4 OK for: @biomejs/biome@1.9.4 want: 1.9.4
1473 silly placeDep ROOT @biomejs/cli-win32-arm64@1.9.4 OK for: @biomejs/biome@1.9.4 want: 1.9.4
1474 silly placeDep ROOT @biomejs/cli-win32-x64@1.9.4 OK for: @biomejs/biome@1.9.4 want: 1.9.4
1475 silly fetch manifest @types/react@*
1476 silly packumentCache full:https://registry.npmjs.org/@types%2freact cache-miss
1477 http cache https://registry.npmjs.org/@types%2freact 154ms (cache hit)
1478 silly packumentCache full:https://registry.npmjs.org/@types%2freact set size:2632776 disposed:false
1479 silly fetch manifest react@^16.8 || ^17.0 || ^18.0 || ^19.0 || ^19.0.0-rc
1480 silly packumentCache full:https://registry.npmjs.org/react cache-miss
1481 http cache https://registry.npmjs.org/react 22ms (cache hit)
1482 silly packumentCache full:https://registry.npmjs.org/react set size:6830011 disposed:false
1483 silly fetch manifest @types/react-dom@*
1484 silly packumentCache full:https://registry.npmjs.org/@types%2freact-dom cache-miss
1485 http cache https://registry.npmjs.org/@types%2freact-dom 9ms (cache hit)
1486 silly packumentCache full:https://registry.npmjs.org/@types%2freact-dom set size:429026 disposed:false
1487 silly fetch manifest react-dom@^16.8 || ^17.0 || ^18.0 || ^19.0 || ^19.0.0-rc
1488 silly packumentCache full:https://registry.npmjs.org/react-dom cache-miss
1489 http cache https://registry.npmjs.org/react-dom 24ms (cache hit)
1490 silly packumentCache full:https://registry.npmjs.org/react-dom set size:9160340 disposed:false
1491 silly placeDep ROOT @radix-ui/primitive@1.1.7 OK for: @radix-ui/react-accordion@1.2.20 want: 1.1.7
1492 silly placeDep ROOT @radix-ui/react-collection@1.1.15 OK for: @radix-ui/react-accordion@1.2.20 want: 1.1.15
1493 silly placeDep ROOT @radix-ui/react-compose-refs@1.1.5 OK for: @radix-ui/react-accordion@1.2.20 want: 1.1.5
1494 silly placeDep ROOT @radix-ui/react-context@1.2.2 OK for: @radix-ui/react-accordion@1.2.20 want: 1.2.2
1495 silly placeDep ROOT @radix-ui/react-direction@1.1.4 OK for: @radix-ui/react-accordion@1.2.20 want: 1.1.4
1496 silly placeDep ROOT @radix-ui/react-id@1.1.4 OK for: @radix-ui/react-accordion@1.2.20 want: 1.1.4
1497 silly placeDep ROOT @radix-ui/react-primitive@2.1.10 OK for: @radix-ui/react-accordion@1.2.20 want: 2.1.10
1498 silly placeDep ROOT @radix-ui/react-use-controllable-state@1.2.6 OK for: @radix-ui/react-accordion@1.2.20 want: 1.2.6
1499 silly fetch manifest @radix-ui/react-use-effect-event@0.0.5
1500 silly packumentCache full:https://registry.npmjs.org/@radix-ui%2freact-use-effect-event cache-miss
1501 http fetch GET 200 https://registry.npmjs.org/@radix-ui%2freact-use-effect-event 58ms (cache miss)
1502 silly packumentCache full:https://registry.npmjs.org/@radix-ui%2freact-use-effect-event set size:undefined disposed:false
1503 silly placeDep ROOT @radix-ui/react-use-callback-ref@1.1.4 OK for: @radix-ui/react-avatar@1.2.6 want: 1.1.4
1504 silly placeDep ROOT @radix-ui/react-use-is-hydrated@0.1.3 OK for: @radix-ui/react-avatar@1.2.6 want: 0.1.3
1505 silly placeDep ROOT @radix-ui/react-use-layout-effect@1.1.4 OK for: @radix-ui/react-avatar@1.2.6 want: 1.1.4
1506 silly placeDep ROOT @radix-ui/react-presence@1.1.10 OK for: @radix-ui/react-checkbox@1.3.11 want: 1.1.10
1507 silly placeDep ROOT @radix-ui/react-use-size@1.1.4 OK for: @radix-ui/react-checkbox@1.3.11 want: 1.1.4
1508 silly placeDep ROOT @radix-ui/react-menu@2.1.24 OK for: @radix-ui/react-context-menu@2.3.7 want: 2.1.24
1509 silly placeDep ROOT @radix-ui/react-dismissable-layer@1.1.19 OK for: @radix-ui/react-dialog@1.1.23 want: 1.1.19
1510 silly placeDep ROOT @radix-ui/react-focus-guards@1.1.6 OK for: @radix-ui/react-dialog@1.1.23 want: 1.1.6
1511 silly placeDep ROOT @radix-ui/react-focus-scope@1.1.16 OK for: @radix-ui/react-dialog@1.1.23 want: 1.1.16
1512 silly placeDep ROOT @radix-ui/react-portal@1.1.17 OK for: @radix-ui/react-dialog@1.1.23 want: 1.1.17
1513 silly placeDep ROOT aria-hidden@1.2.6 OK for: @radix-ui/react-dialog@1.1.23 want: ^1.2.4
1514 silly placeDep ROOT react-remove-scroll@2.7.2 OK for: @radix-ui/react-dialog@1.1.23 want: ^2.7.2
1515 silly fetch manifest tslib@^2.0.0
1516 silly packumentCache full:https://registry.npmjs.org/tslib cache-miss
1517 silly fetch manifest react-remove-scroll-bar@^2.3.7
1518 silly packumentCache full:https://registry.npmjs.org/react-remove-scroll-bar cache-miss
1519 silly fetch manifest react-style-singleton@^2.2.3
1520 silly packumentCache full:https://registry.npmjs.org/react-style-singleton cache-miss
1521 silly fetch manifest use-callback-ref@^1.3.3
1522 silly packumentCache full:https://registry.npmjs.org/use-callback-ref cache-miss
1523 silly fetch manifest use-sidecar@^1.1.3
1524 silly packumentCache full:https://registry.npmjs.org/use-sidecar cache-miss
1525 http cache https://registry.npmjs.org/tslib 11ms (cache hit)
1526 silly packumentCache full:https://registry.npmjs.org/tslib set size:108843 disposed:false
1527 http fetch GET 200 https://registry.npmjs.org/use-sidecar 32ms (cache miss)
1528 silly packumentCache full:https://registry.npmjs.org/use-sidecar set size:undefined disposed:false
1529 http fetch GET 200 https://registry.npmjs.org/react-style-singleton 34ms (cache miss)
1530 silly packumentCache full:https://registry.npmjs.org/react-style-singleton set size:undefined disposed:false
1531 http fetch GET 200 https://registry.npmjs.org/react-remove-scroll-bar 36ms (cache miss)
1532 silly packumentCache full:https://registry.npmjs.org/react-remove-scroll-bar set size:undefined disposed:false
1533 http fetch GET 200 https://registry.npmjs.org/use-callback-ref 37ms (cache miss)
1534 silly packumentCache full:https://registry.npmjs.org/use-callback-ref set size:undefined disposed:false
1535 silly placeDep ROOT @radix-ui/react-use-effect-event@0.0.5 OK for: @radix-ui/react-dismissable-layer@1.1.19 want: 0.0.5
1536 silly placeDep ROOT @radix-ui/react-popper@1.3.7 OK for: @radix-ui/react-hover-card@1.1.23 want: 1.3.7
1537 silly fetch manifest @radix-ui/rect@1.1.3
1538 silly packumentCache full:https://registry.npmjs.org/@radix-ui%2frect cache-miss
1539 silly fetch manifest @radix-ui/react-arrow@1.1.15
1540 silly packumentCache full:https://registry.npmjs.org/@radix-ui%2freact-arrow cache-miss
1541 silly fetch manifest @floating-ui/react-dom@^2.0.0
1542 silly packumentCache full:https://registry.npmjs.org/@floating-ui%2freact-dom cache-miss
1543 silly fetch manifest @radix-ui/react-use-rect@1.1.4
1544 silly packumentCache full:https://registry.npmjs.org/@radix-ui%2freact-use-rect cache-miss
1545 http fetch GET 200 https://registry.npmjs.org/@radix-ui%2freact-use-rect 39ms (cache miss)
1546 silly packumentCache full:https://registry.npmjs.org/@radix-ui%2freact-use-rect set size:undefined disposed:false
1547 http fetch GET 200 https://registry.npmjs.org/@radix-ui%2frect 44ms (cache miss)
1548 silly packumentCache full:https://registry.npmjs.org/@radix-ui%2frect set size:undefined disposed:false
1549 http fetch GET 200 https://registry.npmjs.org/@floating-ui%2freact-dom 52ms (cache miss)
1550 silly packumentCache full:https://registry.npmjs.org/@floating-ui%2freact-dom set size:undefined disposed:false
1551 http fetch GET 200 https://registry.npmjs.org/@radix-ui%2freact-arrow 208ms (cache miss)
1552 silly packumentCache full:https://registry.npmjs.org/@radix-ui%2freact-arrow set size:undefined disposed:false
1553 silly placeDep ROOT @radix-ui/react-roving-focus@1.1.19 OK for: @radix-ui/react-menu@2.1.24 want: 1.1.19
1554 silly placeDep ROOT @radix-ui/react-use-previous@1.1.4 OK for: @radix-ui/react-navigation-menu@1.2.22 want: 1.1.4
1555 silly placeDep ROOT @radix-ui/react-visually-hidden@1.2.11 OK for: @radix-ui/react-navigation-menu@1.2.22 want: 1.2.11
1556 silly placeDep ROOT @floating-ui/react-dom@2.1.9 OK for: @radix-ui/react-popper@1.3.7 want: ^2.0.0
1557 silly placeDep ROOT @radix-ui/react-arrow@1.1.15 OK for: @radix-ui/react-popper@1.3.7 want: 1.1.15
1558 silly placeDep ROOT @radix-ui/react-use-rect@1.1.4 OK for: @radix-ui/react-popper@1.3.7 want: 1.1.4
1559 silly placeDep ROOT @radix-ui/rect@1.1.3 OK for: @radix-ui/react-popper@1.3.7 want: 1.1.3
1560 silly fetch manifest @floating-ui/dom@^1.8.0
1561 silly packumentCache full:https://registry.npmjs.org/@floating-ui%2fdom cache-miss
1562 http fetch GET 200 https://registry.npmjs.org/@floating-ui%2fdom 58ms (cache miss)
1563 silly packumentCache full:https://registry.npmjs.org/@floating-ui%2fdom set size:undefined disposed:false
1564 silly placeDep ROOT @floating-ui/dom@1.8.0 OK for: @floating-ui/react-dom@2.1.9 want: ^1.8.0
1565 silly fetch manifest @floating-ui/core@^1.8.0
1566 silly packumentCache full:https://registry.npmjs.org/@floating-ui%2fcore cache-miss
1567 silly fetch manifest @floating-ui/utils@^0.2.12
1568 silly packumentCache full:https://registry.npmjs.org/@floating-ui%2futils cache-miss
1569 http fetch GET 200 https://registry.npmjs.org/@floating-ui%2futils 38ms (cache miss)
1570 silly packumentCache full:https://registry.npmjs.org/@floating-ui%2futils set size:undefined disposed:false
1571 http fetch GET 200 https://registry.npmjs.org/@floating-ui%2fcore 50ms (cache miss)
1572 silly packumentCache full:https://registry.npmjs.org/@floating-ui%2fcore set size:undefined disposed:false
1573 silly placeDep ROOT @floating-ui/core@1.8.0 OK for: @floating-ui/dom@1.8.0 want: ^1.8.0
1574 silly placeDep ROOT @floating-ui/utils@0.2.12 OK for: @floating-ui/dom@1.8.0 want: ^0.2.12
1575 silly placeDep ROOT @radix-ui/number@1.1.3 OK for: @radix-ui/react-scroll-area@1.2.18 want: 1.1.3
1576 silly fetch manifest three@>=0.139
1577 silly packumentCache full:https://registry.npmjs.org/three cache-miss
1578 http cache https://registry.npmjs.org/three 8ms (cache hit)
1579 silly packumentCache full:https://registry.npmjs.org/three set size:933563 disposed:false
1580 silly fetch manifest typescript@>=3.8
1581 silly packumentCache full:https://registry.npmjs.org/typescript cache-miss
1582 http cache https://registry.npmjs.org/typescript 68ms (cache hit)
1583 silly packumentCache full:https://registry.npmjs.org/typescript set size:15480461 disposed:false
1584 silly placeDep ROOT @pmndrs/cannon-worker-api@2.4.0 OK for: @react-three/cannon@6.6.0 want: ^2.4.0
1585 silly placeDep ROOT cannon-es@0.20.0 OK for: @react-three/cannon@6.6.0 want: ^0.20.0
1586 silly placeDep ROOT cannon-es-debugger@1.0.0 OK for: @react-three/cannon@6.6.0 want: ^1.0.0
1587 silly fetch manifest @types/three@>=0.134.0
1588 silly packumentCache full:https://registry.npmjs.org/@types%2fthree cache-miss
1589 http cache https://registry.npmjs.org/@types%2fthree 5ms (cache hit)
1590 silly packumentCache full:https://registry.npmjs.org/@types%2fthree set size:645825 disposed:false
1591 silly fetch manifest three@>=0.159
1592 silly packumentCache full:https://registry.npmjs.org/three cache-hit
1593 silly fetch manifest react@^19
1594 silly packumentCache full:https://registry.npmjs.org/react cache-miss
1595 http cache https://registry.npmjs.org/react 19ms (cache hit)
1596 silly packumentCache full:https://registry.npmjs.org/react set size:6830011 disposed:false
1597 silly placeDep ROOT @babel/runtime@7.29.7 OK for: @react-three/drei@10.0.8 want: ^7.26.0
1598 silly placeDep ROOT @mediapipe/tasks-vision@0.10.17 OK for: @react-three/drei@10.0.8 want: 0.10.17
1599 silly placeDep ROOT @monogrid/gainmap-js@3.4.0 OK for: @react-three/drei@10.0.8 want: ^3.0.6
1600 silly placeDep ROOT @use-gesture/react@10.3.1 OK for: @react-three/drei@10.0.8 want: ^10.3.1
1601 silly placeDep ROOT camera-controls@2.10.1 OK for: @react-three/drei@10.0.8 want: ^2.9.0
1602 silly placeDep ROOT cross-env@7.0.3 OK for: @react-three/drei@10.0.8 want: ^7.0.3
1603 silly placeDep ROOT detect-gpu@5.0.70 OK for: @react-three/drei@10.0.8 want: ^5.0.56
1604 silly placeDep ROOT glsl-noise@0.0.0 OK for: @react-three/drei@10.0.8 want: ^0.0.0
1605 silly placeDep ROOT hls.js@1.6.16 OK for: @react-three/drei@10.0.8 want: ^1.5.17
1606 silly placeDep ROOT maath@0.10.8 OK for: @react-three/drei@10.0.8 want: ^0.10.8
1607 silly placeDep ROOT meshline@3.3.1 OK for: @react-three/drei@10.0.8 want: ^3.3.1
1608 silly placeDep ROOT stats-gl@2.4.2 OK for: @react-three/drei@10.0.8 want: ^2.2.8
1609 silly placeDep ROOT stats.js@0.17.0 OK for: @react-three/drei@10.0.8 want: ^0.17.0
1610 silly placeDep ROOT suspend-react@0.1.3 OK for: @react-three/drei@10.0.8 want: ^0.1.3
1611 silly placeDep ROOT three-mesh-bvh@0.8.3 OK for: @react-three/drei@10.0.8 want: ^0.8.3
1612 silly placeDep ROOT three-stdlib@2.36.1 OK for: @react-three/drei@10.0.8 want: ^2.35.6
1613 silly placeDep ROOT troika-three-text@0.52.5 OK for: @react-three/drei@10.0.8 want: ^0.52.4
1614 silly placeDep ROOT tunnel-rat@0.1.2 OK for: @react-three/drei@10.0.8 want: ^0.1.2
1615 silly placeDep ROOT use-sync-external-store@1.6.0 OK for: @react-three/drei@10.0.8 want: ^1.4.0
1616 silly placeDep ROOT utility-types@3.11.0 OK for: @react-three/drei@10.0.8 want: ^3.11.0
1617 silly fetch manifest promise-worker-transferable@^1.0.4
1618 silly packumentCache full:https://registry.npmjs.org/promise-worker-transferable cache-miss
1619 silly fetch manifest @use-gesture/core@10.3.1
1620 silly packumentCache full:https://registry.npmjs.org/@use-gesture%2fcore cache-miss
1621 silly fetch manifest cross-spawn@^7.0.1
1622 silly packumentCache full:https://registry.npmjs.org/cross-spawn cache-miss
1623 silly fetch manifest webgl-constants@^1.1.1
1624 silly packumentCache full:https://registry.npmjs.org/webgl-constants cache-miss
1625 silly fetch manifest three@^0.170.0
1626 silly packumentCache full:https://registry.npmjs.org/three cache-hit
1627 silly fetch manifest @types/draco3d@^1.4.0
1628 silly packumentCache full:https://registry.npmjs.org/@types%2fdraco3d cache-miss
1629 silly fetch manifest @types/offscreencanvas@^2019.6.4
1630 silly packumentCache full:https://registry.npmjs.org/@types%2foffscreencanvas cache-miss
1631 silly fetch manifest @types/webxr@^0.5.2
1632 silly packumentCache full:https://registry.npmjs.org/@types%2fwebxr cache-miss
1633 silly fetch manifest draco3d@^1.4.1
1634 silly packumentCache full:https://registry.npmjs.org/draco3d cache-miss
1635 silly fetch manifest fflate@^0.6.9
1636 silly packumentCache full:https://registry.npmjs.org/fflate cache-miss
1637 silly fetch manifest potpack@^1.0.1
1638 silly packumentCache full:https://registry.npmjs.org/potpack cache-miss
1639 silly fetch manifest bidi-js@^1.0.2
1640 silly packumentCache full:https://registry.npmjs.org/bidi-js cache-miss
1641 silly fetch manifest troika-three-utils@^0.52.5
1642 silly packumentCache full:https://registry.npmjs.org/troika-three-utils cache-miss
1643 silly fetch manifest troika-worker-utils@^0.52.0
1644 silly packumentCache full:https://registry.npmjs.org/troika-worker-utils cache-miss
1645 silly fetch manifest webgl-sdf-generator@1.1.1
1646 silly packumentCache full:https://registry.npmjs.org/webgl-sdf-generator cache-miss
1647 silly fetch manifest zustand@^4.3.2
1648 silly packumentCache full:https://registry.npmjs.org/zustand cache-hit
1649 http cache https://registry.npmjs.org/@types%2fwebxr 23ms (cache hit)
1650 silly packumentCache full:https://registry.npmjs.org/@types%2fwebxr set size:64472 disposed:false
1651 http cache https://registry.npmjs.org/cross-spawn 25ms (cache hit)
1652 silly packumentCache full:https://registry.npmjs.org/cross-spawn set size:109066 disposed:false
1653 http cache https://registry.npmjs.org/fflate 26ms (cache hit)
1654 silly packumentCache full:https://registry.npmjs.org/fflate set size:220550 disposed:false
1655 http fetch GET 200 https://registry.npmjs.org/@types%2foffscreencanvas 64ms (cache miss)
1656 silly packumentCache full:https://registry.npmjs.org/@types%2foffscreencanvas set size:undefined disposed:false
1657 http fetch GET 200 https://registry.npmjs.org/potpack 63ms (cache miss)
1658 silly packumentCache full:https://registry.npmjs.org/potpack set size:undefined disposed:false
1659 http fetch GET 200 https://registry.npmjs.org/bidi-js 65ms (cache miss)
1660 silly packumentCache full:https://registry.npmjs.org/bidi-js set size:undefined disposed:false
1661 http fetch GET 200 https://registry.npmjs.org/@types%2fdraco3d 68ms (cache miss)
1662 silly packumentCache full:https://registry.npmjs.org/@types%2fdraco3d set size:undefined disposed:false
1663 http fetch GET 200 https://registry.npmjs.org/troika-worker-utils 66ms (cache miss)
1664 silly packumentCache full:https://registry.npmjs.org/troika-worker-utils set size:undefined disposed:false
1665 http fetch GET 200 https://registry.npmjs.org/promise-worker-transferable 185ms (cache miss)
1666 silly packumentCache full:https://registry.npmjs.org/promise-worker-transferable set size:undefined disposed:false
1667 http fetch GET 200 https://registry.npmjs.org/webgl-sdf-generator 192ms (cache miss)
1668 silly packumentCache full:https://registry.npmjs.org/webgl-sdf-generator set size:undefined disposed:false
1669 http fetch GET 200 https://registry.npmjs.org/troika-three-utils 194ms (cache miss)
1670 silly packumentCache full:https://registry.npmjs.org/troika-three-utils set size:undefined disposed:false
1671 http fetch GET 200 https://registry.npmjs.org/draco3d 197ms (cache miss)
1672 silly packumentCache full:https://registry.npmjs.org/draco3d set size:undefined disposed:false
1673 http fetch GET 200 https://registry.npmjs.org/@use-gesture%2fcore 202ms (cache miss)
1674 silly packumentCache full:https://registry.npmjs.org/@use-gesture%2fcore set size:undefined disposed:false
1675 http fetch GET 200 https://registry.npmjs.org/webgl-constants 481ms (cache miss)
1676 silly packumentCache full:https://registry.npmjs.org/webgl-constants set size:undefined disposed:false
1677 silly placeDep ROOT promise-worker-transferable@1.0.4 OK for: @monogrid/gainmap-js@3.4.0 want: ^1.0.4
1678 silly fetch manifest is-promise@^2.1.0
1679 silly packumentCache full:https://registry.npmjs.org/is-promise cache-miss
1680 silly fetch manifest lie@^3.0.2
1681 silly packumentCache full:https://registry.npmjs.org/lie cache-miss
1682 http fetch GET 200 https://registry.npmjs.org/is-promise 24ms (cache miss)
1683 silly packumentCache full:https://registry.npmjs.org/is-promise set size:undefined disposed:false
1684 http fetch GET 200 https://registry.npmjs.org/lie 28ms (cache miss)
1685 silly packumentCache full:https://registry.npmjs.org/lie set size:undefined disposed:false
1686 silly fetch manifest react@^19.0.0
1687 silly packumentCache full:https://registry.npmjs.org/react cache-miss
1688 http cache https://registry.npmjs.org/react 18ms (cache hit)
1689 silly packumentCache full:https://registry.npmjs.org/react set size:6830011 disposed:false
1690 silly fetch manifest react-dom@^19.0.0
1691 silly packumentCache full:https://registry.npmjs.org/react-dom cache-miss
1692 http cache https://registry.npmjs.org/react-dom 61ms (cache hit)
1693 silly packumentCache full:https://registry.npmjs.org/react-dom set size:9160340 disposed:false
1694 silly placeDep ROOT @types/react-reconciler@0.28.9 OK for: @react-three/fiber@9.1.4 want: ^0.28.9
1695 silly placeDep ROOT @types/webxr@0.5.24 OK for: @react-three/fiber@9.1.4 want: *
1696 silly placeDep ROOT base64-js@1.5.1 OK for: @react-three/fiber@9.1.4 want: ^1.5.1
1697 silly placeDep ROOT buffer@6.0.3 OK for: @react-three/fiber@9.1.4 want: ^6.0.3
1698 silly placeDep ROOT its-fine@2.0.0 OK for: @react-three/fiber@9.1.4 want: ^2.0.0
1699 silly placeDep ROOT react-reconciler@0.31.0 OK for: @react-three/fiber@9.1.4 want: ^0.31.0
1700 silly placeDep ROOT react-use-measure@2.1.7 OK for: @react-three/fiber@9.1.4 want: ^2.1.7
1701 silly placeDep ROOT scheduler@0.25.0 OK for: @react-three/fiber@9.1.4 want: ^0.25.0
1702 silly fetch manifest ieee754@^1.2.1
1703 silly packumentCache full:https://registry.npmjs.org/ieee754 cache-miss
1704 http fetch GET 200 https://registry.npmjs.org/ieee754 20ms (cache miss)
1705 silly packumentCache full:https://registry.npmjs.org/ieee754 set size:undefined disposed:false
1706 silly placeDep ROOT lodash.castarray@4.4.0 OK for: @tailwindcss/typography@0.5.10 want: ^4.4.0
1707 silly placeDep ROOT lodash.isplainobject@4.0.6 OK for: @tailwindcss/typography@0.5.10 want: ^4.0.6
1708 silly placeDep ROOT lodash.merge@4.6.2 OK for: @tailwindcss/typography@0.5.10 want: ^4.6.2
1709 silly placeDep ROOT postcss-selector-parser@6.0.10 OK for: @tailwindcss/typography@0.5.10 want: 6.0.10
1710 silly fetch manifest cssesc@^3.0.0
1711 silly packumentCache full:https://registry.npmjs.org/cssesc cache-miss
1712 silly fetch manifest util-deprecate@^1.0.2
1713 silly packumentCache full:https://registry.npmjs.org/util-deprecate cache-miss
1714 http fetch GET 200 https://registry.npmjs.org/util-deprecate 25ms (cache miss)
1715 silly packumentCache full:https://registry.npmjs.org/util-deprecate set size:undefined disposed:false
1716 http fetch GET 200 https://registry.npmjs.org/cssesc 27ms (cache miss)
1717 silly packumentCache full:https://registry.npmjs.org/cssesc set size:undefined disposed:false
1718 silly placeDep ROOT @tanstack/query-core@5.101.4 OK for: @tanstack/react-query@5.101.4 want: 5.101.4
1719 silly fetch manifest react@>=18.0.0 || >=19.0.0
1720 silly packumentCache full:https://registry.npmjs.org/react cache-miss
1721 http cache https://registry.npmjs.org/react 19ms (cache hit)
1722 silly packumentCache full:https://registry.npmjs.org/react set size:6830011 disposed:false
1723 silly fetch manifest react-dom@>=18.0.0 || >=19.0.0
1724 silly packumentCache full:https://registry.npmjs.org/react-dom cache-miss
1725 http cache https://registry.npmjs.org/react-dom 37ms (cache hit)
1726 silly packumentCache full:https://registry.npmjs.org/react-dom set size:9160340 disposed:false
1727 silly placeDep ROOT @tanstack/history@1.131.2 OK for: @tanstack/react-router@1.131.50 want: 1.131.2
1728 silly placeDep ROOT @tanstack/react-store@0.7.7 OK for: @tanstack/react-router@1.131.50 want: ^0.7.0
1729 silly placeDep ROOT @tanstack/router-core@1.131.50 OK for: @tanstack/react-router@1.131.50 want: 1.131.50
1730 silly placeDep ROOT isbot@5.2.1 OK for: @tanstack/react-router@1.131.50 want: ^5.1.22
1731 silly placeDep ROOT tiny-invariant@1.3.3 OK for: @tanstack/react-router@1.131.50 want: ^1.3.3
1732 silly placeDep ROOT tiny-warning@1.0.3 OK for: @tanstack/react-router@1.131.50 want: ^1.0.3
1733 silly fetch manifest @tanstack/store@0.7.7
1734 silly packumentCache full:https://registry.npmjs.org/@tanstack%2fstore cache-miss
1735 silly fetch manifest seroval@^1.3.2
1736 silly packumentCache full:https://registry.npmjs.org/seroval cache-miss
1737 silly fetch manifest cookie-es@^1.2.2
1738 silly packumentCache full:https://registry.npmjs.org/cookie-es cache-miss
1739 silly fetch manifest @tanstack/store@^0.7.0
1740 silly packumentCache full:https://registry.npmjs.org/@tanstack%2fstore cache-miss
1741 silly fetch manifest seroval-plugins@^1.3.2
1742 silly packumentCache full:https://registry.npmjs.org/seroval-plugins cache-miss
1743 http fetch GET 200 https://registry.npmjs.org/cookie-es 28ms (cache miss)
1744 silly packumentCache full:https://registry.npmjs.org/cookie-es set size:undefined disposed:false
1745 http fetch GET 200 https://registry.npmjs.org/seroval 37ms (cache miss)
1746 silly packumentCache full:https://registry.npmjs.org/seroval set size:undefined disposed:false
1747 http fetch GET 200 https://registry.npmjs.org/seroval-plugins 176ms (cache miss)
1748 silly packumentCache full:https://registry.npmjs.org/seroval-plugins set size:undefined disposed:false
1749 http fetch GET 200 https://registry.npmjs.org/@tanstack%2fstore 190ms (cache miss)
1750 silly packumentCache full:https://registry.npmjs.org/@tanstack%2fstore set size:undefined disposed:false
1751 http fetch GET 200 https://registry.npmjs.org/@tanstack%2fstore 193ms (cache miss)
1752 silly packumentCache full:https://registry.npmjs.org/@tanstack%2fstore set size:undefined disposed:false
1753 silly placeDep ROOT @tanstack/store@0.7.7 OK for: @tanstack/react-store@0.7.7 want: 0.7.7
1754 silly placeDep ROOT cookie-es@1.2.3 OK for: @tanstack/router-core@1.131.50 want: ^1.2.2
1755 silly placeDep ROOT seroval@1.5.6 OK for: @tanstack/router-core@1.131.50 want: ^1.3.2
1756 silly placeDep ROOT seroval-plugins@1.5.6 OK for: @tanstack/router-core@1.131.50 want: ^1.3.2
1757 silly placeDep ROOT undici-types@6.21.0 OK for: @types/node@20.19.43 want: ~6.21.0
1758 silly placeDep ROOT csstype@3.2.3 OK for: @types/react@19.1.17 want: ^3.0.2
1759 silly placeDep ROOT @dimforge/rapier3d-compat@0.12.0 OK for: @types/three@0.176.0 want: ^0.12.0
1760 silly placeDep ROOT @tweenjs/tween.js@23.1.3 OK for: @types/three@0.176.0 want: ~23.1.3
1761 silly placeDep ROOT @types/stats.js@0.17.4 OK for: @types/three@0.176.0 want: *
1762 silly placeDep ROOT @webgpu/types@0.1.71 OK for: @types/three@0.176.0 want: *
1763 silly placeDep ROOT fflate@0.8.3 OK for: @types/three@0.176.0 want: ~0.8.2
1764 silly placeDep ROOT meshoptimizer@0.18.1 OK for: @types/three@0.176.0 want: ~0.18.1
1765 silly placeDep ROOT @use-gesture/core@10.3.1 OK for: @use-gesture/react@10.3.1 want: 10.3.1
1766 silly placeDep ROOT @babel/core@7.29.7 OK for: @vitejs/plugin-react@4.7.0 want: ^7.28.0
1767 silly placeDep ROOT @babel/plugin-transform-react-jsx-self@7.29.7 OK for: @vitejs/plugin-react@4.7.0 want: ^7.27.1
1768 silly placeDep ROOT @babel/plugin-transform-react-jsx-source@7.29.7 OK for: @vitejs/plugin-react@4.7.0 want: ^7.27.1
1769 silly placeDep ROOT @rolldown/pluginutils@1.0.0-beta.27 OK for: @vitejs/plugin-react@4.7.0 want: 1.0.0-beta.27
1770 silly placeDep ROOT @types/babel__core@7.20.5 OK for: @vitejs/plugin-react@4.7.0 want: ^7.20.5
1771 silly placeDep ROOT react-refresh@0.17.0 OK for: @vitejs/plugin-react@4.7.0 want: ^0.17.0
1772 silly fetch manifest debug@^4.1.0
1773 silly packumentCache full:https://registry.npmjs.org/debug cache-miss
1774 silly fetch manifest json5@^2.2.3
1775 silly packumentCache full:https://registry.npmjs.org/json5 cache-miss
1776 silly fetch manifest semver@^6.3.1
1777 silly packumentCache full:https://registry.npmjs.org/semver cache-miss
1778 silly fetch manifest gensync@^1.0.0-beta.2
1779 silly packumentCache full:https://registry.npmjs.org/gensync cache-miss
1780 silly fetch manifest @babel/types@^7.29.7
1781 silly packumentCache full:https://registry.npmjs.org/@babel%2ftypes cache-miss
1782 silly fetch manifest @babel/parser@^7.29.7
1783 silly packumentCache full:https://registry.npmjs.org/@babel%2fparser cache-miss
1784 silly fetch manifest @babel/helpers@^7.29.7
1785 silly packumentCache full:https://registry.npmjs.org/@babel%2fhelpers cache-miss
1786 silly fetch manifest @babel/template@^7.29.7
1787 silly packumentCache full:https://registry.npmjs.org/@babel%2ftemplate cache-miss
1788 silly fetch manifest @babel/traverse@^7.29.7
1789 silly packumentCache full:https://registry.npmjs.org/@babel%2ftraverse cache-miss
1790 silly fetch manifest @babel/generator@^7.29.7
1791 silly packumentCache full:https://registry.npmjs.org/@babel%2fgenerator cache-miss
1792 silly fetch manifest @babel/code-frame@^7.29.7
1793 silly packumentCache full:https://registry.npmjs.org/@babel%2fcode-frame cache-miss
1794 silly fetch manifest convert-source-map@^2.0.0
1795 silly packumentCache full:https://registry.npmjs.org/convert-source-map cache-miss
1796 silly fetch manifest @jridgewell/remapping@^2.3.5
1797 silly packumentCache full:https://registry.npmjs.org/@jridgewell%2fremapping cache-miss
1798 silly fetch manifest @babel/helper-module-transforms@^7.29.7
1799 silly packumentCache full:https://registry.npmjs.org/@babel%2fhelper-module-transforms cache-miss
1800 silly fetch manifest @babel/helper-compilation-targets@^7.29.7
1801 silly packumentCache full:https://registry.npmjs.org/@babel%2fhelper-compilation-targets cache-miss
1802 silly fetch manifest @babel/helper-plugin-utils@^7.29.7
1803 silly packumentCache full:https://registry.npmjs.org/@babel%2fhelper-plugin-utils cache-miss
1804 silly fetch manifest @babel/helper-plugin-utils@^7.29.7
1805 silly packumentCache full:https://registry.npmjs.org/@babel%2fhelper-plugin-utils cache-miss
1806 silly fetch manifest @babel/types@^7.20.7
1807 silly packumentCache full:https://registry.npmjs.org/@babel%2ftypes cache-miss
1808 silly fetch manifest @babel/parser@^7.20.7
1809 silly packumentCache full:https://registry.npmjs.org/@babel%2fparser cache-miss
1810 silly fetch manifest @types/babel__template@*
1811 silly packumentCache full:https://registry.npmjs.org/@types%2fbabel__template cache-miss
1812 silly fetch manifest @types/babel__traverse@*
1813 silly packumentCache full:https://registry.npmjs.org/@types%2fbabel__traverse cache-miss
1814 silly fetch manifest @types/babel__generator@*
1815 silly packumentCache full:https://registry.npmjs.org/@types%2fbabel__generator cache-miss
1816 http fetch GET 200 https://registry.npmjs.org/gensync 35ms (cache miss)
1817 silly packumentCache full:https://registry.npmjs.org/gensync set size:undefined disposed:false
1818 http fetch GET 200 https://registry.npmjs.org/debug 46ms (cache miss)
1819 silly packumentCache full:https://registry.npmjs.org/debug set size:undefined disposed:false
1820 http fetch GET 200 https://registry.npmjs.org/json5 49ms (cache miss)
1821 silly packumentCache full:https://registry.npmjs.org/json5 set size:undefined disposed:false
1822 http fetch GET 200 https://registry.npmjs.org/@jridgewell%2fremapping 119ms (cache miss)
1823 silly packumentCache full:https://registry.npmjs.org/@jridgewell%2fremapping set size:undefined disposed:false
1824 http fetch GET 200 https://registry.npmjs.org/convert-source-map 130ms (cache miss)
1825 silly packumentCache full:https://registry.npmjs.org/convert-source-map set size:undefined disposed:false
1826 http fetch GET 200 https://registry.npmjs.org/@types%2fbabel__generator 129ms (cache miss)
1827 silly packumentCache full:https://registry.npmjs.org/@types%2fbabel__generator set size:undefined disposed:false
1828 http fetch GET 200 https://registry.npmjs.org/@types%2fbabel__template 130ms (cache miss)
1829 silly packumentCache full:https://registry.npmjs.org/@types%2fbabel__template set size:undefined disposed:false
1830 http fetch GET 200 https://registry.npmjs.org/@babel%2ftemplate 138ms (cache miss)
1831 silly packumentCache full:https://registry.npmjs.org/@babel%2ftemplate set size:undefined disposed:false
1832 http fetch GET 200 https://registry.npmjs.org/semver 147ms (cache miss)
1833 silly packumentCache full:https://registry.npmjs.org/semver set size:undefined disposed:false
1834 http fetch GET 200 https://registry.npmjs.org/@types%2fbabel__traverse 146ms (cache miss)
1835 silly packumentCache full:https://registry.npmjs.org/@types%2fbabel__traverse set size:undefined disposed:false
1836 http fetch GET 200 https://registry.npmjs.org/@babel%2fhelper-plugin-utils 153ms (cache miss)
1837 silly packumentCache full:https://registry.npmjs.org/@babel%2fhelper-plugin-utils set size:undefined disposed:false
1838 http fetch GET 200 https://registry.npmjs.org/@babel%2fhelper-compilation-targets 156ms (cache miss)
1839 silly packumentCache full:https://registry.npmjs.org/@babel%2fhelper-compilation-targets set size:undefined disposed:false
1840 http fetch GET 200 https://registry.npmjs.org/@babel%2fcode-frame 161ms (cache miss)
1841 silly packumentCache full:https://registry.npmjs.org/@babel%2fcode-frame set size:undefined disposed:false
1842 http fetch GET 200 https://registry.npmjs.org/@babel%2fhelper-plugin-utils 163ms (cache miss)
1843 silly packumentCache full:https://registry.npmjs.org/@babel%2fhelper-plugin-utils set size:undefined disposed:false
1844 http fetch GET 200 https://registry.npmjs.org/@babel%2fhelper-module-transforms 170ms (cache miss)
1845 silly packumentCache full:https://registry.npmjs.org/@babel%2fhelper-module-transforms set size:undefined disposed:false
1846 http fetch GET 200 https://registry.npmjs.org/@babel%2fhelpers 179ms (cache miss)
1847 silly packumentCache full:https://registry.npmjs.org/@babel%2fhelpers set size:undefined disposed:false
1848 http fetch GET 200 https://registry.npmjs.org/@babel%2ftypes 188ms (cache miss)
1849 silly packumentCache full:https://registry.npmjs.org/@babel%2ftypes set size:undefined disposed:false
1850 http fetch GET 200 https://registry.npmjs.org/@babel%2fgenerator 218ms (cache miss)
1851 silly packumentCache full:https://registry.npmjs.org/@babel%2fgenerator set size:undefined disposed:false
1852 http fetch GET 200 https://registry.npmjs.org/@babel%2ftypes 224ms (cache miss)
1853 silly packumentCache full:https://registry.npmjs.org/@babel%2ftypes set size:undefined disposed:false
1854 http fetch GET 200 https://registry.npmjs.org/@babel%2ftraverse 237ms (cache miss)
1855 silly packumentCache full:https://registry.npmjs.org/@babel%2ftraverse set size:undefined disposed:false
1856 http fetch GET 200 https://registry.npmjs.org/@babel%2fparser 248ms (cache miss)
1857 silly packumentCache full:https://registry.npmjs.org/@babel%2fparser set size:undefined disposed:false
1858 http fetch GET 200 https://registry.npmjs.org/@babel%2fparser 255ms (cache miss)
1859 silly packumentCache full:https://registry.npmjs.org/@babel%2fparser set size:undefined disposed:false
1860 silly fetch manifest @babel/core@^7.0.0
1861 silly packumentCache full:https://registry.npmjs.org/@babel%2fcore cache-hit
1862 silly placeDep ROOT @babel/code-frame@7.29.7 OK for: @babel/core@7.29.7 want: ^7.29.7
1863 silly placeDep ROOT @babel/generator@7.29.7 OK for: @babel/core@7.29.7 want: ^7.29.7
1864 silly placeDep ROOT @babel/helper-compilation-targets@7.29.7 OK for: @babel/core@7.29.7 want: ^7.29.7
1865 silly placeDep ROOT @babel/helper-module-transforms@7.29.7 OK for: @babel/core@7.29.7 want: ^7.29.7
1866 silly placeDep ROOT @babel/helpers@7.29.7 OK for: @babel/core@7.29.7 want: ^7.29.7
1867 silly placeDep ROOT @babel/parser@7.29.7 OK for: @babel/core@7.29.7 want: ^7.29.7
1868 silly placeDep ROOT @babel/template@7.29.7 OK for: @babel/core@7.29.7 want: ^7.29.7
1869 silly placeDep ROOT @babel/traverse@7.29.7 OK for: @babel/core@7.29.7 want: ^7.29.7
1870 silly placeDep ROOT @babel/types@7.29.7 OK for: @babel/core@7.29.7 want: ^7.29.7
1871 silly placeDep ROOT @jridgewell/remapping@2.3.5 OK for: @babel/core@7.29.7 want: ^2.3.5
1872 silly placeDep ROOT convert-source-map@2.0.0 OK for: @babel/core@7.29.7 want: ^2.0.0
1873 silly placeDep ROOT debug@4.4.3 OK for: @babel/core@7.29.7 want: ^4.1.0
1874 silly placeDep ROOT gensync@1.0.0-beta.2 OK for: @babel/core@7.29.7 want: ^1.0.0-beta.2
1875 silly placeDep ROOT json5@2.2.3 OK for: @babel/core@7.29.7 want: ^2.2.3
1876 silly placeDep ROOT semver@6.3.1 OK for: @babel/core@7.29.7 want: ^6.3.1
1877 silly fetch manifest js-tokens@^4.0.0
1878 silly packumentCache full:https://registry.npmjs.org/js-tokens cache-miss
1879 silly fetch manifest @babel/helper-validator-identifier@^7.29.7
1880 silly packumentCache full:https://registry.npmjs.org/@babel%2fhelper-validator-identifier cache-miss
1881 silly fetch manifest jsesc@^3.0.2
1882 silly packumentCache full:https://registry.npmjs.org/jsesc cache-miss
1883 silly fetch manifest @jridgewell/gen-mapping@^0.3.12
1884 silly packumentCache full:https://registry.npmjs.org/@jridgewell%2fgen-mapping cache-miss
1885 silly fetch manifest @jridgewell/trace-mapping@^0.3.28
1886 silly packumentCache full:https://registry.npmjs.org/@jridgewell%2ftrace-mapping cache-miss
1887 silly fetch manifest lru-cache@^5.1.1
1888 silly packumentCache full:https://registry.npmjs.org/lru-cache cache-miss
1889 silly fetch manifest browserslist@^4.24.0
1890 silly packumentCache full:https://registry.npmjs.org/browserslist cache-miss
1891 silly fetch manifest @babel/compat-data@^7.29.7
1892 silly packumentCache full:https://registry.npmjs.org/@babel%2fcompat-data cache-miss
1893 silly fetch manifest @babel/helper-validator-option@^7.29.7
1894 silly packumentCache full:https://registry.npmjs.org/@babel%2fhelper-validator-option cache-miss
1895 silly fetch manifest @babel/helper-module-imports@^7.29.7
1896 silly packumentCache full:https://registry.npmjs.org/@babel%2fhelper-module-imports cache-miss
1897 silly fetch manifest @babel/helper-validator-identifier@^7.29.7
1898 silly packumentCache full:https://registry.npmjs.org/@babel%2fhelper-validator-identifier cache-miss
1899 silly fetch manifest debug@^4.3.1
1900 silly packumentCache full:https://registry.npmjs.org/debug cache-miss
1901 silly fetch manifest @babel/helper-globals@^7.29.7
1902 silly packumentCache full:https://registry.npmjs.org/@babel%2fhelper-globals cache-miss
1903 silly fetch manifest @babel/helper-string-parser@^7.29.7
1904 silly packumentCache full:https://registry.npmjs.org/@babel%2fhelper-string-parser cache-miss
1905 silly fetch manifest @babel/helper-validator-identifier@^7.29.7
1906 silly packumentCache full:https://registry.npmjs.org/@babel%2fhelper-validator-identifier cache-miss
1907 silly fetch manifest @jridgewell/gen-mapping@^0.3.5
1908 silly packumentCache full:https://registry.npmjs.org/@jridgewell%2fgen-mapping cache-miss
1909 silly fetch manifest @jridgewell/trace-mapping@^0.3.24
1910 silly packumentCache full:https://registry.npmjs.org/@jridgewell%2ftrace-mapping cache-miss
1911 silly fetch manifest ms@^2.1.3
1912 silly packumentCache full:https://registry.npmjs.org/ms cache-miss
1913 http cache https://registry.npmjs.org/browserslist 20ms (cache hit)
1914 silly packumentCache full:https://registry.npmjs.org/browserslist set size:516369 disposed:false
1915 http cache https://registry.npmjs.org/debug 26ms (cache hit)
1916 silly packumentCache full:https://registry.npmjs.org/debug set size:195840 disposed:false
1917 http fetch GET 200 https://registry.npmjs.org/js-tokens 112ms (cache miss)
1918 silly packumentCache full:https://registry.npmjs.org/js-tokens set size:undefined disposed:false
1919 http fetch GET 200 https://registry.npmjs.org/@babel%2fhelper-globals 116ms (cache miss)
1920 silly packumentCache full:https://registry.npmjs.org/@babel%2fhelper-globals set size:undefined disposed:false
1921 http fetch GET 200 https://registry.npmjs.org/jsesc 122ms (cache miss)
1922 silly packumentCache full:https://registry.npmjs.org/jsesc set size:undefined disposed:false
1923 http fetch GET 200 https://registry.npmjs.org/@jridgewell%2fgen-mapping 123ms (cache miss)
1924 silly packumentCache full:https://registry.npmjs.org/@jridgewell%2fgen-mapping set size:undefined disposed:false
1925 http fetch GET 200 https://registry.npmjs.org/ms 120ms (cache miss)
1926 silly packumentCache full:https://registry.npmjs.org/ms set size:undefined disposed:false
1927 http fetch GET 200 https://registry.npmjs.org/@babel%2fhelper-string-parser 168ms (cache miss)
1928 silly packumentCache full:https://registry.npmjs.org/@babel%2fhelper-string-parser set size:undefined disposed:false
1929 http fetch GET 200 https://registry.npmjs.org/@babel%2fhelper-validator-identifier 176ms (cache miss)
1930 silly packumentCache full:https://registry.npmjs.org/@babel%2fhelper-validator-identifier set size:undefined disposed:false
1931 http fetch GET 200 https://registry.npmjs.org/@jridgewell%2fgen-mapping 174ms (cache miss)
1932 silly packumentCache full:https://registry.npmjs.org/@jridgewell%2fgen-mapping set size:undefined disposed:false
1933 http fetch GET 200 https://registry.npmjs.org/@babel%2fhelper-validator-option 178ms (cache miss)
1934 silly packumentCache full:https://registry.npmjs.org/@babel%2fhelper-validator-option set size:undefined disposed:false
1935 http fetch GET 200 https://registry.npmjs.org/@babel%2fhelper-validator-identifier 182ms (cache miss)
1936 silly packumentCache full:https://registry.npmjs.org/@babel%2fhelper-validator-identifier set size:undefined disposed:false
1937 http fetch GET 200 https://registry.npmjs.org/@jridgewell%2ftrace-mapping 186ms (cache miss)
1938 silly packumentCache full:https://registry.npmjs.org/@jridgewell%2ftrace-mapping set size:undefined disposed:false
1939 http fetch GET 200 https://registry.npmjs.org/@babel%2fhelper-validator-identifier 185ms (cache miss)
1940 silly packumentCache full:https://registry.npmjs.org/@babel%2fhelper-validator-identifier set size:undefined disposed:false
1941 http fetch GET 200 https://registry.npmjs.org/@babel%2fhelper-module-imports 190ms (cache miss)
1942 silly packumentCache full:https://registry.npmjs.org/@babel%2fhelper-module-imports set size:undefined disposed:false
1943 http fetch GET 200 https://registry.npmjs.org/@jridgewell%2ftrace-mapping 190ms (cache miss)
1944 silly packumentCache full:https://registry.npmjs.org/@jridgewell%2ftrace-mapping set size:undefined disposed:false
1945 http fetch GET 200 https://registry.npmjs.org/@babel%2fcompat-data 197ms (cache miss)
1946 silly packumentCache full:https://registry.npmjs.org/@babel%2fcompat-data set size:undefined disposed:false
1947 http fetch GET 200 https://registry.npmjs.org/lru-cache 204ms (cache miss)
1948 silly packumentCache full:https://registry.npmjs.org/lru-cache set size:undefined disposed:false
1949 silly placeDep ROOT @babel/helper-validator-identifier@7.29.7 OK for: @babel/code-frame@7.29.7 want: ^7.29.7
1950 silly placeDep ROOT js-tokens@4.0.0 OK for: @babel/code-frame@7.29.7 want: ^4.0.0
1951 silly placeDep ROOT picocolors@1.1.1 OK for: @babel/code-frame@7.29.7 want: ^1.1.1
1952 silly placeDep ROOT @jridgewell/gen-mapping@0.3.13 OK for: @babel/generator@7.29.7 want: ^0.3.12
1953 silly placeDep ROOT @jridgewell/trace-mapping@0.3.31 OK for: @babel/generator@7.29.7 want: ^0.3.28
1954 silly placeDep ROOT jsesc@3.1.0 OK for: @babel/generator@7.29.7 want: ^3.0.2
1955 silly fetch manifest @jridgewell/sourcemap-codec@^1.5.0
1956 silly packumentCache full:https://registry.npmjs.org/@jridgewell%2fsourcemap-codec cache-miss
1957 silly fetch manifest @jridgewell/resolve-uri@^3.1.0
1958 silly packumentCache full:https://registry.npmjs.org/@jridgewell%2fresolve-uri cache-miss
1959 silly fetch manifest @jridgewell/sourcemap-codec@^1.4.14
1960 silly packumentCache full:https://registry.npmjs.org/@jridgewell%2fsourcemap-codec cache-miss
1961 http fetch GET 200 https://registry.npmjs.org/@jridgewell%2fresolve-uri 43ms (cache miss)
1962 silly packumentCache full:https://registry.npmjs.org/@jridgewell%2fresolve-uri set size:undefined disposed:false
1963 http fetch GET 200 https://registry.npmjs.org/@jridgewell%2fsourcemap-codec 51ms (cache miss)
1964 silly packumentCache full:https://registry.npmjs.org/@jridgewell%2fsourcemap-codec set size:undefined disposed:false
1965 http fetch GET 200 https://registry.npmjs.org/@jridgewell%2fsourcemap-codec 55ms (cache miss)
1966 silly packumentCache full:https://registry.npmjs.org/@jridgewell%2fsourcemap-codec set size:undefined disposed:false
1967 silly placeDep ROOT @babel/compat-data@7.29.7 OK for: @babel/helper-compilation-targets@7.29.7 want: ^7.29.7
1968 silly placeDep ROOT @babel/helper-validator-option@7.29.7 OK for: @babel/helper-compilation-targets@7.29.7 want: ^7.29.7
1969 silly placeDep ROOT browserslist@4.28.7 OK for: @babel/helper-compilation-targets@7.29.7 want: ^4.24.0
1970 silly placeDep ROOT lru-cache@5.1.1 OK for: @babel/helper-compilation-targets@7.29.7 want: ^5.1.1
1971 silly fetch manifest node-releases@^2.0.51
1972 silly packumentCache full:https://registry.npmjs.org/node-releases cache-miss
1973 silly fetch manifest electron-to-chromium@^1.5.393
1974 silly packumentCache full:https://registry.npmjs.org/electron-to-chromium cache-miss
1975 silly fetch manifest update-browserslist-db@^1.2.3
1976 silly packumentCache full:https://registry.npmjs.org/update-browserslist-db cache-miss
1977 silly fetch manifest baseline-browser-mapping@^2.10.44
1978 silly packumentCache full:https://registry.npmjs.org/baseline-browser-mapping cache-miss
1979 silly fetch manifest yallist@^3.0.2
1980 silly packumentCache full:https://registry.npmjs.org/yallist cache-miss
1981 http fetch GET 200 https://registry.npmjs.org/update-browserslist-db 30ms (cache miss)
1982 silly packumentCache full:https://registry.npmjs.org/update-browserslist-db set size:undefined disposed:false
1983 http fetch GET 200 https://registry.npmjs.org/yallist 34ms (cache miss)
1984 silly packumentCache full:https://registry.npmjs.org/yallist set size:undefined disposed:false
1985 http fetch GET 200 https://registry.npmjs.org/node-releases 40ms (cache miss)
1986 silly packumentCache full:https://registry.npmjs.org/node-releases set size:undefined disposed:false
1987 http fetch GET 200 https://registry.npmjs.org/baseline-browser-mapping 46ms (cache miss)
1988 silly packumentCache full:https://registry.npmjs.org/baseline-browser-mapping set size:undefined disposed:false
1989 http fetch GET 200 https://registry.npmjs.org/electron-to-chromium 141ms (cache miss)
1990 silly packumentCache full:https://registry.npmjs.org/electron-to-chromium set size:undefined disposed:false
1991 silly placeDep ROOT @babel/helper-module-imports@7.29.7 OK for: @babel/helper-module-transforms@7.29.7 want: ^7.29.7
1992 silly placeDep ROOT @babel/helper-plugin-utils@7.29.7 OK for: @babel/plugin-transform-react-jsx-self@7.29.7 want: ^7.29.7
1993 silly placeDep ROOT @babel/helper-globals@7.29.7 OK for: @babel/traverse@7.29.7 want: ^7.29.7
1994 silly placeDep ROOT @babel/helper-string-parser@7.29.7 OK for: @babel/types@7.29.7 want: ^7.29.7
1995 silly placeDep ROOT @jridgewell/sourcemap-codec@1.5.5 OK for: @jridgewell/gen-mapping@0.3.13 want: ^1.5.0
1996 silly placeDep ROOT @jridgewell/resolve-uri@3.1.2 OK for: @jridgewell/trace-mapping@0.3.31 want: ^3.1.0
1997 silly placeDep ROOT @types/babel__generator@7.27.0 OK for: @types/babel__core@7.20.5 want: *
1998 silly placeDep ROOT @types/babel__template@7.4.4 OK for: @types/babel__core@7.20.5 want: *
1999 silly placeDep ROOT @types/babel__traverse@7.28.0 OK for: @types/babel__core@7.20.5 want: *
2000 silly placeDep ROOT tslib@2.8.1 OK for: aria-hidden@1.2.6 want: ^2.0.0
2001 silly placeDep ROOT caniuse-lite@1.0.30001806 OK for: autoprefixer@10.5.4 want: ^1.0.30001806
2002 silly placeDep ROOT fraction.js@5.3.4 OK for: autoprefixer@10.5.4 want: ^5.3.4
2003 silly placeDep ROOT postcss-value-parser@4.2.0 OK for: autoprefixer@10.5.4 want: ^4.2.0
2004 silly fetch manifest browserslist@>= 4.21.0
2005 silly packumentCache full:https://registry.npmjs.org/browserslist cache-hit
2006 silly placeDep ROOT baseline-browser-mapping@2.11.4 OK for: browserslist@4.28.7 want: ^2.10.44
2007 silly placeDep ROOT electron-to-chromium@1.5.396 OK for: browserslist@4.28.7 want: ^1.5.393
2008 silly placeDep ROOT node-releases@2.0.51 OK for: browserslist@4.28.7 want: ^2.0.51
2009 silly placeDep ROOT update-browserslist-db@1.2.3 OK for: browserslist@4.28.7 want: ^1.2.3
2010 silly fetch manifest escalade@^3.2.0
2011 silly packumentCache full:https://registry.npmjs.org/escalade cache-miss
2012 http fetch GET 200 https://registry.npmjs.org/escalade 29ms (cache miss)
2013 silly packumentCache full:https://registry.npmjs.org/escalade set size:undefined disposed:false
2014 silly placeDep ROOT ieee754@1.2.1 OK for: buffer@6.0.3 want: ^1.2.1
2015 silly placeDep ROOT cross-spawn@7.0.6 OK for: cross-env@7.0.3 want: ^7.0.1
2016 silly fetch manifest which@^2.0.1
2017 silly packumentCache full:https://registry.npmjs.org/which cache-miss
2018 silly fetch manifest path-key@^3.1.0
2019 silly packumentCache full:https://registry.npmjs.org/path-key cache-miss
2020 silly fetch manifest shebang-command@^2.0.0
2021 silly packumentCache full:https://registry.npmjs.org/shebang-command cache-miss
2022 http fetch GET 200 https://registry.npmjs.org/shebang-command 28ms (cache miss)
2023 silly packumentCache full:https://registry.npmjs.org/shebang-command set size:undefined disposed:false
2024 http fetch GET 200 https://registry.npmjs.org/which 31ms (cache miss)
2025 silly packumentCache full:https://registry.npmjs.org/which set size:undefined disposed:false
2026 http fetch GET 200 https://registry.npmjs.org/path-key 33ms (cache miss)
2027 silly packumentCache full:https://registry.npmjs.org/path-key set size:undefined disposed:false
2028 silly placeDep ROOT path-key@3.1.1 OK for: cross-spawn@7.0.6 want: ^3.1.0
2029 silly placeDep ROOT shebang-command@2.0.0 OK for: cross-spawn@7.0.6 want: ^2.0.0
2030 silly placeDep ROOT which@2.0.2 OK for: cross-spawn@7.0.6 want: ^2.0.1
2031 silly fetch manifest shebang-regex@^3.0.0
2032 silly packumentCache full:https://registry.npmjs.org/shebang-regex cache-miss
2033 silly fetch manifest isexe@^2.0.0
2034 silly packumentCache full:https://registry.npmjs.org/isexe cache-miss
2035 http fetch GET 200 https://registry.npmjs.org/shebang-regex 27ms (cache miss)
2036 silly packumentCache full:https://registry.npmjs.org/shebang-regex set size:undefined disposed:false
2037 http fetch GET 200 https://registry.npmjs.org/isexe 27ms (cache miss)
2038 silly packumentCache full:https://registry.npmjs.org/isexe set size:undefined disposed:false
2039 silly placeDep ROOT ms@2.1.3 OK for: debug@4.4.3 want: ^2.1.3
2040 silly placeDep ROOT webgl-constants@1.1.1 OK for: detect-gpu@5.0.70 want: ^1.1.1
2041 silly placeDep ROOT dotenv-expand@10.0.0 OK for: dotenv-cli@8.0.0 want: ^10.0.0
2042 silly placeDep ROOT minimist@1.2.8 OK for: dotenv-cli@8.0.0 want: ^1.2.6
2043 silly placeDep ROOT embla-carousel@8.6.0 OK for: embla-carousel-react@8.6.0 want: 8.6.0
2044 silly placeDep ROOT embla-carousel-reactive-utils@8.6.0 OK for: embla-carousel-react@8.6.0 want: 8.6.0
2045 silly placeDep ROOT css-line-break@2.1.0 OK for: html2canvas@1.4.1 want: ^2.1.0
2046 silly placeDep ROOT text-segmentation@1.0.3 OK for: html2canvas@1.4.1 want: ^1.0.3
2047 silly fetch manifest utrie@^1.0.2
2048 silly packumentCache full:https://registry.npmjs.org/utrie cache-miss
2049 silly fetch manifest utrie@^1.0.2
2050 silly packumentCache full:https://registry.npmjs.org/utrie cache-miss
2051 http fetch GET 200 https://registry.npmjs.org/utrie 28ms (cache miss)
2052 silly packumentCache full:https://registry.npmjs.org/utrie set size:undefined disposed:false
2053 http fetch GET 200 https://registry.npmjs.org/utrie 30ms (cache miss)
2054 silly packumentCache full:https://registry.npmjs.org/utrie set size:undefined disposed:false
2055 silly placeDep ROOT utrie@1.0.2 OK for: css-line-break@2.1.0 want: ^1.0.2
2056 silly fetch manifest base64-arraybuffer@^1.0.2
2057 silly packumentCache full:https://registry.npmjs.org/base64-arraybuffer cache-miss
2058 http fetch GET 200 https://registry.npmjs.org/base64-arraybuffer 21ms (cache miss)
2059 silly packumentCache full:https://registry.npmjs.org/base64-arraybuffer set size:undefined disposed:false
2060 silly placeDep ROOT yallist@3.1.1 OK for: lru-cache@5.1.1 want: ^3.0.2
2061 silly fetch manifest react@^18.0.0 || ^19.0.0
2062 silly packumentCache full:https://registry.npmjs.org/react cache-miss
2063 http cache https://registry.npmjs.org/react 19ms (cache hit)
2064 silly packumentCache full:https://registry.npmjs.org/react set size:6830011 disposed:false
2065 silly fetch manifest react-dom@^18.0.0 || ^19.0.0
2066 silly packumentCache full:https://registry.npmjs.org/react-dom cache-miss
2067 http cache https://registry.npmjs.org/react-dom 24ms (cache hit)
2068 silly packumentCache full:https://registry.npmjs.org/react-dom set size:9160340 disposed:false
2069 silly placeDep ROOT framer-motion@12.42.2 OK for: motion@12.42.2 want: ^12.42.2
2070 silly fetch manifest motion-dom@^12.42.2
2071 silly packumentCache full:https://registry.npmjs.org/motion-dom cache-miss
2072 silly fetch manifest motion-utils@^12.39.0
2073 silly packumentCache full:https://registry.npmjs.org/motion-utils cache-miss
2074 http fetch GET 200 https://registry.npmjs.org/motion-utils 33ms (cache miss)
2075 silly packumentCache full:https://registry.npmjs.org/motion-utils set size:undefined disposed:false
2076 http fetch GET 200 https://registry.npmjs.org/motion-dom 42ms (cache miss)
2077 silly packumentCache full:https://registry.npmjs.org/motion-dom set size:undefined disposed:false
2078 silly placeDep ROOT motion-dom@12.42.2 OK for: framer-motion@12.42.2 want: ^12.42.2
2079 silly placeDep ROOT motion-utils@12.39.0 OK for: framer-motion@12.42.2 want: ^12.39.0
2080 silly placeDep ROOT nanoid@3.3.16 OK for: postcss@8.5.23 want: ^3.3.16
2081 silly placeDep ROOT source-map-js@1.2.1 OK for: postcss@8.5.23 want: ^1.2.1
2082 silly placeDep ROOT cssesc@3.0.0 OK for: postcss-selector-parser@6.0.10 want: ^3.0.0
2083 silly placeDep ROOT util-deprecate@1.0.2 OK for: postcss-selector-parser@6.0.10 want: ^1.0.2
2084 silly placeDep ROOT is-promise@2.2.2 OK for: promise-worker-transferable@1.0.4 want: ^2.1.0
2085 silly placeDep ROOT lie@3.3.0 OK for: promise-worker-transferable@1.0.4 want: ^3.0.2
2086 silly fetch manifest immediate@~3.0.5
2087 silly packumentCache full:https://registry.npmjs.org/immediate cache-miss
2088 http fetch GET 200 https://registry.npmjs.org/immediate 27ms (cache miss)
2089 silly packumentCache full:https://registry.npmjs.org/immediate set size:undefined disposed:false
2090 silly placeDep ROOT immediate@3.0.6 OK for: lie@3.3.0 want: ~3.0.5
2091 silly placeDep ROOT fast-diff@1.3.0 OK for: quill-delta@5.1.0 want: ^1.3.0
2092 silly placeDep ROOT lodash.clonedeep@4.5.0 OK for: quill-delta@5.1.0 want: ^4.5.0
2093 silly placeDep ROOT lodash.isequal@4.5.0 OK for: quill-delta@5.1.0 want: ^4.5.0
2094 silly placeDep ROOT @date-fns/tz@1.5.0 OK for: react-day-picker@9.14.0 want: ^1.4.1
2095 silly placeDep ROOT @tabby_ai/hijri-converter@1.0.5 OK for: react-day-picker@9.14.0 want: 1.0.5
2096 silly placeDep node_modules/react-day-picker date-fns@4.4.0 OK for: react-day-picker@9.14.0 want: ^4.1.0
2097 silly placeDep ROOT date-fns-jalali@4.1.0-0 OK for: react-day-picker@9.14.0 want: 4.1.0-0
2098 silly placeDep node_modules/react-dom scheduler@0.26.0 OK for: react-dom@19.1.9 want: ^0.26.0
2099 silly placeDep ROOT lodash-es@4.18.1 OK for: react-quill-new@3.4.6 want: ^4.17.21
2100 silly placeDep ROOT quill@2.0.3 OK for: react-quill-new@3.4.6 want: ~2.0.2
2101 silly fetch manifest parchment@^3.0.0
2102 silly packumentCache full:https://registry.npmjs.org/parchment cache-miss
2103 silly fetch manifest eventemitter3@^5.0.1
2104 silly packumentCache full:https://registry.npmjs.org/eventemitter3 cache-miss
2105 http cache https://registry.npmjs.org/eventemitter3 17ms (cache hit)
2106 silly packumentCache full:https://registry.npmjs.org/eventemitter3 set size:92292 disposed:false
2107 http fetch GET 200 https://registry.npmjs.org/parchment 26ms (cache miss)
2108 silly packumentCache full:https://registry.npmjs.org/parchment set size:undefined disposed:false
2109 silly placeDep ROOT eventemitter3@5.0.4 OK for: quill@2.0.3 want: ^5.0.1
2110 silly placeDep ROOT parchment@3.0.0 OK for: quill@2.0.3 want: ^3.0.0
2111 silly fetch manifest react@^16.8.0 || ^17.0.0 || ^18.0.0 || ^19.0.0 || ^19.0.0-rc
2112 silly packumentCache full:https://registry.npmjs.org/react cache-miss
2113 http cache https://registry.npmjs.org/react 29ms (cache hit)
2114 silly packumentCache full:https://registry.npmjs.org/react set size:6830011 disposed:false
2115 silly placeDep ROOT react-remove-scroll-bar@2.3.8 OK for: react-remove-scroll@2.7.2 want: ^2.3.7
2116 silly placeDep ROOT react-style-singleton@2.2.3 OK for: react-remove-scroll@2.7.2 want: ^2.2.3
2117 silly placeDep ROOT use-callback-ref@1.3.3 OK for: react-remove-scroll@2.7.2 want: ^1.3.3
2118 silly placeDep ROOT use-sidecar@1.1.3 OK for: react-remove-scroll@2.7.2 want: ^1.1.3
2119 silly fetch manifest react-style-singleton@^2.2.2
2120 silly packumentCache full:https://registry.npmjs.org/react-style-singleton cache-miss
2121 silly fetch manifest get-nonce@^1.0.0
2122 silly packumentCache full:https://registry.npmjs.org/get-nonce cache-miss
2123 silly fetch manifest detect-node-es@^1.1.0
2124 silly packumentCache full:https://registry.npmjs.org/detect-node-es cache-miss
2125 http cache https://registry.npmjs.org/react-style-singleton 7ms (cache hit)
2126 silly packumentCache full:https://registry.npmjs.org/react-style-singleton set size:33682 disposed:false
2127 http fetch GET 200 https://registry.npmjs.org/get-nonce 171ms (cache miss)
2128 silly packumentCache full:https://registry.npmjs.org/get-nonce set size:undefined disposed:false
2129 http fetch GET 200 https://registry.npmjs.org/detect-node-es 172ms (cache miss)
2130 silly packumentCache full:https://registry.npmjs.org/detect-node-es set size:undefined disposed:false
2131 silly placeDep ROOT get-nonce@1.0.1 OK for: react-style-singleton@2.2.3 want: ^1.0.0
2132 silly fetch manifest react@*
2133 silly packumentCache full:https://registry.npmjs.org/react cache-miss
2134 http cache https://registry.npmjs.org/react 28ms (cache hit)
2135 silly packumentCache full:https://registry.npmjs.org/react set size:6830011 disposed:false
2136 silly fetch manifest react-dom@*
2137 silly packumentCache full:https://registry.npmjs.org/react-dom cache-miss
2138 http cache https://registry.npmjs.org/react-dom 33ms (cache hit)
2139 silly packumentCache full:https://registry.npmjs.org/react-dom set size:9160340 disposed:false
2140 silly placeDep ROOT @types/js-cookie@3.0.6 OK for: react-use@17.6.1 want: ^3.0.0
2141 silly placeDep ROOT @xobotyi/scrollbar-width@1.9.5 OK for: react-use@17.6.1 want: ^1.9.5
2142 silly placeDep ROOT copy-to-clipboard@3.3.3 OK for: react-use@17.6.1 want: ^3.3.1
2143 silly placeDep ROOT fast-deep-equal@3.1.3 OK for: react-use@17.6.1 want: ^3.1.3
2144 silly placeDep ROOT fast-shallow-equal@1.0.0 OK for: react-use@17.6.1 want: ^1.0.0
2145 silly placeDep ROOT js-cookie@3.0.8 OK for: react-use@17.6.1 want: ^3.0.0
2146 silly placeDep ROOT nano-css@5.6.2 OK for: react-use@17.6.1 want: ^5.6.2
2147 silly placeDep ROOT react-universal-interface@0.6.2 OK for: react-use@17.6.1 want: ^0.6.2
2148 silly placeDep ROOT resize-observer-polyfill@1.5.1 OK for: react-use@17.6.1 want: ^1.5.1
2149 silly placeDep ROOT screenfull@5.2.0 OK for: react-use@17.6.1 want: ^5.1.0
2150 silly placeDep ROOT set-harmonic-interval@1.0.1 OK for: react-use@17.6.1 want: ^1.0.1
2151 silly placeDep ROOT throttle-debounce@3.0.1 OK for: react-use@17.6.1 want: ^3.0.1
2152 silly placeDep ROOT ts-easing@0.2.0 OK for: react-use@17.6.1 want: ^0.2.0
2153 silly fetch manifest toggle-selection@^1.0.6
2154 silly packumentCache full:https://registry.npmjs.org/toggle-selection cache-miss
2155 silly fetch manifest css-tree@^1.1.2
2156 silly packumentCache full:https://registry.npmjs.org/css-tree cache-miss
2157 silly fetch manifest fastest-stable-stringify@^2.0.2
2158 silly packumentCache full:https://registry.npmjs.org/fastest-stable-stringify cache-miss
2159 silly fetch manifest inline-style-prefixer@^7.0.1
2160 silly packumentCache full:https://registry.npmjs.org/inline-style-prefixer cache-miss
2161 silly fetch manifest rtl-css-js@^1.16.1
2162 silly packumentCache full:https://registry.npmjs.org/rtl-css-js cache-miss
2163 silly fetch manifest stacktrace-js@^2.0.2
2164 silly packumentCache full:https://registry.npmjs.org/stacktrace-js cache-miss
2165 silly fetch manifest stylis@^4.3.0
2166 silly packumentCache full:https://registry.npmjs.org/stylis cache-miss
2167 http fetch GET 200 https://registry.npmjs.org/fastest-stable-stringify 43ms (cache miss)
2168 silly packumentCache full:https://registry.npmjs.org/fastest-stable-stringify set size:undefined disposed:false
2169 http fetch GET 200 https://registry.npmjs.org/toggle-selection 46ms (cache miss)
2170 silly packumentCache full:https://registry.npmjs.org/toggle-selection set size:undefined disposed:false
2171 http fetch GET 200 https://registry.npmjs.org/stacktrace-js 47ms (cache miss)
2172 silly packumentCache full:https://registry.npmjs.org/stacktrace-js set size:undefined disposed:false
2173 http fetch GET 200 https://registry.npmjs.org/css-tree 54ms (cache miss)
2174 silly packumentCache full:https://registry.npmjs.org/css-tree set size:undefined disposed:false
2175 http fetch GET 200 https://registry.npmjs.org/rtl-css-js 59ms (cache miss)
2176 silly packumentCache full:https://registry.npmjs.org/rtl-css-js set size:undefined disposed:false
2177 http fetch GET 200 https://registry.npmjs.org/stylis 66ms (cache miss)
2178 silly packumentCache full:https://registry.npmjs.org/stylis set size:undefined disposed:false
2179 http fetch GET 200 https://registry.npmjs.org/inline-style-prefixer 192ms (cache miss)
2180 silly packumentCache full:https://registry.npmjs.org/inline-style-prefixer set size:undefined disposed:false
2181 silly placeDep ROOT toggle-selection@1.0.6 OK for: copy-to-clipboard@3.3.3 want: ^1.0.6
2182 silly placeDep ROOT css-tree@1.1.3 OK for: nano-css@5.6.2 want: ^1.1.2
2183 silly placeDep ROOT fastest-stable-stringify@2.0.2 OK for: nano-css@5.6.2 want: ^2.0.2
2184 silly placeDep ROOT inline-style-prefixer@7.0.1 OK for: nano-css@5.6.2 want: ^7.0.1
2185 silly placeDep ROOT rtl-css-js@1.16.1 OK for: nano-css@5.6.2 want: ^1.16.1
2186 silly placeDep ROOT stacktrace-js@2.0.2 OK for: nano-css@5.6.2 want: ^2.0.2
2187 silly placeDep ROOT stylis@4.4.0 OK for: nano-css@5.6.2 want: ^4.3.0
2188 silly fetch manifest mdn-data@2.0.14
2189 silly packumentCache full:https://registry.npmjs.org/mdn-data cache-miss
2190 silly fetch manifest source-map@^0.6.1
2191 silly packumentCache full:https://registry.npmjs.org/source-map cache-miss
2192 silly fetch manifest css-in-js-utils@^3.1.0
2193 silly packumentCache full:https://registry.npmjs.org/css-in-js-utils cache-miss
2194 silly fetch manifest error-stack-parser@^2.0.6
2195 silly packumentCache full:https://registry.npmjs.org/error-stack-parser cache-miss
2196 silly fetch manifest stack-generator@^2.0.5
2197 silly packumentCache full:https://registry.npmjs.org/stack-generator cache-miss
2198 silly fetch manifest stacktrace-gps@^3.0.4
2199 silly packumentCache full:https://registry.npmjs.org/stacktrace-gps cache-miss
2200 http fetch GET 200 https://registry.npmjs.org/stacktrace-gps 38ms (cache miss)
2201 silly packumentCache full:https://registry.npmjs.org/stacktrace-gps set size:undefined disposed:false
2202 http fetch GET 200 https://registry.npmjs.org/stack-generator 40ms (cache miss)
2203 silly packumentCache full:https://registry.npmjs.org/stack-generator set size:undefined disposed:false
2204 http fetch GET 200 https://registry.npmjs.org/error-stack-parser 43ms (cache miss)
2205 silly packumentCache full:https://registry.npmjs.org/error-stack-parser set size:undefined disposed:false
2206 http fetch GET 200 https://registry.npmjs.org/source-map 47ms (cache miss)
2207 silly packumentCache full:https://registry.npmjs.org/source-map set size:undefined disposed:false
2208 http fetch GET 200 https://registry.npmjs.org/mdn-data 53ms (cache miss)
2209 silly packumentCache full:https://registry.npmjs.org/mdn-data set size:undefined disposed:false
2210 http fetch GET 200 https://registry.npmjs.org/css-in-js-utils 173ms (cache miss)
2211 silly packumentCache full:https://registry.npmjs.org/css-in-js-utils set size:undefined disposed:false
2212 silly placeDep ROOT mdn-data@2.0.14 OK for: css-tree@1.1.3 want: 2.0.14
2213 silly placeDep ROOT source-map@0.6.1 OK for: css-tree@1.1.3 want: ^0.6.1
2214 silly placeDep ROOT css-in-js-utils@3.1.0 OK for: inline-style-prefixer@7.0.1 want: ^3.1.0
2215 silly fetch manifest hyphenate-style-name@^1.0.3
2216 silly packumentCache full:https://registry.npmjs.org/hyphenate-style-name cache-miss
2217 http fetch GET 200 https://registry.npmjs.org/hyphenate-style-name 21ms (cache miss)
2218 silly packumentCache full:https://registry.npmjs.org/hyphenate-style-name set size:undefined disposed:false
2219 silly placeDep ROOT hyphenate-style-name@1.1.0 OK for: css-in-js-utils@3.1.0 want: ^1.0.3
2220 silly fetch manifest react@^16.0.0 || ^17.0.0 || ^18.0.0 || ^19.0.0
2221 silly packumentCache full:https://registry.npmjs.org/react cache-miss
2222 http cache https://registry.npmjs.org/react 23ms (cache hit)
2223 silly packumentCache full:https://registry.npmjs.org/react set size:6830011 disposed:false
2224 silly fetch manifest react-dom@^16.0.0 || ^17.0.0 || ^18.0.0 || ^19.0.0
2225 silly packumentCache full:https://registry.npmjs.org/react-dom cache-miss
2226 http cache https://registry.npmjs.org/react-dom 31ms (cache hit)
2227 silly packumentCache full:https://registry.npmjs.org/react-dom set size:9160340 disposed:false
2228 silly placeDep node_modules/recharts eventemitter3@4.0.7 OK for: recharts@2.15.4 want: ^4.0.1
2229 silly placeDep ROOT lodash@4.18.1 OK for: recharts@2.15.4 want: ^4.17.21
2230 silly placeDep ROOT react-is@18.3.1 OK for: recharts@2.15.4 want: ^18.3.1
2231 silly placeDep ROOT react-smooth@4.0.4 OK for: recharts@2.15.4 want: ^4.0.4
2232 silly placeDep ROOT recharts-scale@0.4.5 OK for: recharts@2.15.4 want: ^0.4.4
2233 silly placeDep ROOT victory-vendor@36.9.2 OK for: recharts@2.15.4 want: ^36.6.8
2234 silly fetch manifest fast-equals@^5.0.1
2235 silly packumentCache full:https://registry.npmjs.org/fast-equals cache-miss
2236 silly fetch manifest prop-types@^15.8.1
2237 silly packumentCache full:https://registry.npmjs.org/prop-types cache-miss
2238 silly fetch manifest react-transition-group@^4.4.5
2239 silly packumentCache full:https://registry.npmjs.org/react-transition-group cache-miss
2240 silly fetch manifest decimal.js-light@^2.4.1
2241 silly packumentCache full:https://registry.npmjs.org/decimal.js-light cache-miss
2242 silly fetch manifest d3-ease@^3.0.1
2243 silly packumentCache full:https://registry.npmjs.org/d3-ease cache-miss
2244 silly fetch manifest d3-time@^3.0.0
2245 silly packumentCache full:https://registry.npmjs.org/d3-time cache-miss
2246 silly fetch manifest d3-array@^3.1.6
2247 silly packumentCache full:https://registry.npmjs.org/d3-array cache-miss
2248 silly fetch manifest d3-scale@^4.0.2
2249 silly packumentCache full:https://registry.npmjs.org/d3-scale cache-miss
2250 silly fetch manifest d3-shape@^3.1.0
2251 silly packumentCache full:https://registry.npmjs.org/d3-shape cache-miss
2252 silly fetch manifest d3-timer@^3.0.1
2253 silly packumentCache full:https://registry.npmjs.org/d3-timer cache-miss
2254 silly fetch manifest @types/d3-ease@^3.0.0
2255 silly packumentCache full:https://registry.npmjs.org/@types%2fd3-ease cache-miss
2256 silly fetch manifest @types/d3-time@^3.0.0
2257 silly packumentCache full:https://registry.npmjs.org/@types%2fd3-time cache-miss
2258 silly fetch manifest d3-interpolate@^3.0.1
2259 silly packumentCache full:https://registry.npmjs.org/d3-interpolate cache-miss
2260 silly fetch manifest @types/d3-array@^3.0.3
2261 silly packumentCache full:https://registry.npmjs.org/@types%2fd3-array cache-miss
2262 silly fetch manifest @types/d3-scale@^4.0.2
2263 silly packumentCache full:https://registry.npmjs.org/@types%2fd3-scale cache-miss
2264 silly fetch manifest @types/d3-shape@^3.1.0
2265 silly packumentCache full:https://registry.npmjs.org/@types%2fd3-shape cache-miss
2266 silly fetch manifest @types/d3-timer@^3.0.0
2267 silly packumentCache full:https://registry.npmjs.org/@types%2fd3-timer cache-miss
2268 silly fetch manifest @types/d3-interpolate@^3.0.1
2269 silly packumentCache full:https://registry.npmjs.org/@types%2fd3-interpolate cache-miss
2270 http fetch GET 200 https://registry.npmjs.org/prop-types 75ms (cache miss)
2271 silly packumentCache full:https://registry.npmjs.org/prop-types set size:undefined disposed:false
2272 http fetch GET 200 https://registry.npmjs.org/decimal.js-light 116ms (cache miss)
2273 silly packumentCache full:https://registry.npmjs.org/decimal.js-light set size:undefined disposed:false
2274 http fetch GET 200 https://registry.npmjs.org/@types%2fd3-ease 116ms (cache miss)
2275 silly packumentCache full:https://registry.npmjs.org/@types%2fd3-ease set size:undefined disposed:false
2276 http fetch GET 200 https://registry.npmjs.org/d3-timer 119ms (cache miss)
2277 silly packumentCache full:https://registry.npmjs.org/d3-timer set size:undefined disposed:false
2278 http fetch GET 200 https://registry.npmjs.org/d3-ease 123ms (cache miss)
2279 silly packumentCache full:https://registry.npmjs.org/d3-ease set size:undefined disposed:false
2280 http fetch GET 200 https://registry.npmjs.org/@types%2fd3-scale 123ms (cache miss)
2281 silly packumentCache full:https://registry.npmjs.org/@types%2fd3-scale set size:undefined disposed:false
2282 http fetch GET 200 https://registry.npmjs.org/@types%2fd3-time 126ms (cache miss)
2283 silly packumentCache full:https://registry.npmjs.org/@types%2fd3-time set size:undefined disposed:false
2284 http fetch GET 200 https://registry.npmjs.org/d3-time 129ms (cache miss)
2285 silly packumentCache full:https://registry.npmjs.org/d3-time set size:undefined disposed:false
2286 http fetch GET 200 https://registry.npmjs.org/@types%2fd3-timer 127ms (cache miss)
2287 silly packumentCache full:https://registry.npmjs.org/@types%2fd3-timer set size:undefined disposed:false
2288 http fetch GET 200 https://registry.npmjs.org/react-transition-group 152ms (cache miss)
2289 silly packumentCache full:https://registry.npmjs.org/react-transition-group set size:undefined disposed:false
2290 http fetch GET 200 https://registry.npmjs.org/@types%2fd3-interpolate 150ms (cache miss)
2291 silly packumentCache full:https://registry.npmjs.org/@types%2fd3-interpolate set size:undefined disposed:false
2292 http fetch GET 200 https://registry.npmjs.org/@types%2fd3-array 153ms (cache miss)
2293 silly packumentCache full:https://registry.npmjs.org/@types%2fd3-array set size:undefined disposed:false
2294 http fetch GET 200 https://registry.npmjs.org/d3-interpolate 156ms (cache miss)
2295 silly packumentCache full:https://registry.npmjs.org/d3-interpolate set size:undefined disposed:false
2296 http fetch GET 200 https://registry.npmjs.org/@types%2fd3-shape 157ms (cache miss)
2297 silly packumentCache full:https://registry.npmjs.org/@types%2fd3-shape set size:undefined disposed:false
2298 http fetch GET 200 https://registry.npmjs.org/d3-array 164ms (cache miss)
2299 silly packumentCache full:https://registry.npmjs.org/d3-array set size:undefined disposed:false
2300 http fetch GET 200 https://registry.npmjs.org/fast-equals 170ms (cache miss)
2301 silly packumentCache full:https://registry.npmjs.org/fast-equals set size:undefined disposed:false
2302 http fetch GET 200 https://registry.npmjs.org/d3-shape 175ms (cache miss)
2303 silly packumentCache full:https://registry.npmjs.org/d3-shape set size:undefined disposed:false
2304 http fetch GET 200 https://registry.npmjs.org/d3-scale 180ms (cache miss)
2305 silly packumentCache full:https://registry.npmjs.org/d3-scale set size:undefined disposed:false
2306 silly fetch manifest react@^16.8.0 || ^17.0.0 || ^18.0.0 || ^19.0.0
2307 silly packumentCache full:https://registry.npmjs.org/react cache-miss
2308 http cache https://registry.npmjs.org/react 29ms (cache hit)
2309 silly packumentCache full:https://registry.npmjs.org/react set size:6830011 disposed:false
2310 silly fetch manifest react-dom@^16.8.0 || ^17.0.0 || ^18.0.0 || ^19.0.0
2311 silly packumentCache full:https://registry.npmjs.org/react-dom cache-miss
2312 http cache https://registry.npmjs.org/react-dom 36ms (cache hit)
2313 silly packumentCache full:https://registry.npmjs.org/react-dom set size:9160340 disposed:false
2314 silly placeDep ROOT fast-equals@5.4.1 OK for: react-smooth@4.0.4 want: ^5.0.1
2315 silly placeDep ROOT prop-types@15.8.1 OK for: react-smooth@4.0.4 want: ^15.8.1
2316 silly placeDep ROOT react-transition-group@4.4.5 OK for: react-smooth@4.0.4 want: ^4.4.5
2317 silly fetch manifest loose-envify@^1.4.0
2318 silly packumentCache full:https://registry.npmjs.org/loose-envify cache-miss
2319 silly fetch manifest object-assign@^4.1.1
2320 silly packumentCache full:https://registry.npmjs.org/object-assign cache-miss
2321 silly fetch manifest react-is@^16.13.1
2322 silly packumentCache full:https://registry.npmjs.org/react-is cache-miss
2323 silly fetch manifest dom-helpers@^5.0.1
2324 silly packumentCache full:https://registry.npmjs.org/dom-helpers cache-miss
2325 silly fetch manifest loose-envify@^1.4.0
2326 silly packumentCache full:https://registry.npmjs.org/loose-envify cache-miss
2327 http cache https://registry.npmjs.org/react-is 26ms (cache hit)
2328 silly packumentCache full:https://registry.npmjs.org/react-is set size:5525939 disposed:false
2329 http fetch GET 200 https://registry.npmjs.org/object-assign 108ms (cache miss)
2330 silly packumentCache full:https://registry.npmjs.org/object-assign set size:undefined disposed:false
2331 http fetch GET 200 https://registry.npmjs.org/loose-envify 108ms (cache miss)
2332 silly packumentCache full:https://registry.npmjs.org/loose-envify set size:undefined disposed:false
2333 http fetch GET 200 https://registry.npmjs.org/loose-envify 111ms (cache miss)
2334 silly packumentCache full:https://registry.npmjs.org/loose-envify set size:undefined disposed:false
2335 http fetch GET 200 https://registry.npmjs.org/dom-helpers 111ms (cache miss)
2336 silly packumentCache full:https://registry.npmjs.org/dom-helpers set size:undefined disposed:false
2337 silly placeDep ROOT loose-envify@1.4.0 OK for: prop-types@15.8.1 want: ^1.4.0
2338 silly placeDep ROOT object-assign@4.1.1 OK for: prop-types@15.8.1 want: ^4.1.1
2339 silly placeDep node_modules/prop-types react-is@16.13.1 OK for: prop-types@15.8.1 want: ^16.13.1
2340 silly placeDep ROOT dom-helpers@5.2.1 OK for: react-transition-group@4.4.5 want: ^5.0.1
2341 silly placeDep ROOT decimal.js-light@2.5.1 OK for: recharts-scale@0.4.5 want: ^2.4.1
2342 silly placeDep ROOT shebang-regex@3.0.0 OK for: shebang-command@2.0.0 want: ^3.0.0
2343 silly placeDep ROOT error-stack-parser@2.1.4 OK for: stacktrace-js@2.0.2 want: ^2.0.6
2344 silly placeDep ROOT stack-generator@2.0.10 OK for: stacktrace-js@2.0.2 want: ^2.0.5
2345 silly placeDep ROOT stacktrace-gps@3.1.2 OK for: stacktrace-js@2.0.2 want: ^3.0.4
2346 silly fetch manifest stackframe@^1.3.4
2347 silly packumentCache full:https://registry.npmjs.org/stackframe cache-miss
2348 silly fetch manifest stackframe@^1.3.4
2349 silly packumentCache full:https://registry.npmjs.org/stackframe cache-miss
2350 silly fetch manifest source-map@0.5.6
2351 silly packumentCache full:https://registry.npmjs.org/source-map cache-miss
2352 silly fetch manifest stackframe@^1.3.4
2353 silly packumentCache full:https://registry.npmjs.org/stackframe cache-miss
2354 http cache https://registry.npmjs.org/source-map 6ms (cache hit)
2355 silly packumentCache full:https://registry.npmjs.org/source-map set size:231637 disposed:false
2356 http fetch GET 200 https://registry.npmjs.org/stackframe 74ms (cache miss)
2357 silly packumentCache full:https://registry.npmjs.org/stackframe set size:undefined disposed:false
2358 http fetch GET 200 https://registry.npmjs.org/stackframe 77ms (cache miss)
2359 silly packumentCache full:https://registry.npmjs.org/stackframe set size:undefined disposed:false
2360 http fetch GET 200 https://registry.npmjs.org/stackframe 78ms (cache miss)
2361 silly packumentCache full:https://registry.npmjs.org/stackframe set size:undefined disposed:false
2362 silly placeDep ROOT stackframe@1.3.4 OK for: error-stack-parser@2.1.4 want: ^1.3.4
2363 silly placeDep node_modules/stacktrace-gps source-map@0.5.6 OK for: stacktrace-gps@3.1.2 want: 0.5.6
2364 silly placeDep node_modules/stats-gl three@0.170.0 OK for: stats-gl@2.4.2 want: ^0.170.0
2365 silly fetch manifest tsx@^4.8.1
2366 silly packumentCache full:https://registry.npmjs.org/tsx cache-miss
2367 http fetch GET 200 https://registry.npmjs.org/tsx 28ms (cache miss)
2368 silly packumentCache full:https://registry.npmjs.org/tsx set size:undefined disposed:false
2369 silly fetch manifest yaml@^2.4.2
2370 silly packumentCache full:https://registry.npmjs.org/yaml cache-miss
2371 http fetch GET 200 https://registry.npmjs.org/yaml 46ms (cache miss)
2372 silly packumentCache full:https://registry.npmjs.org/yaml set size:undefined disposed:false
2373 silly placeDep ROOT @alloc/quick-lru@5.2.0 OK for: tailwindcss@3.4.19 want: ^5.2.0
2374 silly placeDep ROOT arg@5.0.2 OK for: tailwindcss@3.4.19 want: ^5.0.2
2375 silly placeDep ROOT chokidar@3.6.0 OK for: tailwindcss@3.4.19 want: ^3.6.0
2376 silly placeDep ROOT didyoumean@1.2.2 OK for: tailwindcss@3.4.19 want: ^1.2.2
2377 silly placeDep ROOT dlv@1.1.3 OK for: tailwindcss@3.4.19 want: ^1.1.3
2378 silly placeDep ROOT fast-glob@3.3.3 OK for: tailwindcss@3.4.19 want: ^3.3.2
2379 silly placeDep ROOT glob-parent@6.0.2 OK for: tailwindcss@3.4.19 want: ^6.0.2
2380 silly placeDep ROOT is-glob@4.0.3 OK for: tailwindcss@3.4.19 want: ^4.0.3
2381 silly placeDep ROOT jiti@1.21.7 OK for: tailwindcss@3.4.19 want: ^1.21.7
2382 silly placeDep ROOT lilconfig@3.1.3 OK for: tailwindcss@3.4.19 want: ^3.1.3
2383 silly placeDep ROOT micromatch@4.0.8 OK for: tailwindcss@3.4.19 want: ^4.0.8
2384 silly placeDep ROOT normalize-path@3.0.0 OK for: tailwindcss@3.4.19 want: ^3.0.0
2385 silly placeDep ROOT object-hash@3.0.0 OK for: tailwindcss@3.4.19 want: ^3.0.0
2386 silly placeDep ROOT postcss-import@15.1.0 OK for: tailwindcss@3.4.19 want: ^15.1.0
2387 silly placeDep ROOT postcss-js@4.1.0 OK for: tailwindcss@3.4.19 want: ^4.0.1
2388 silly placeDep ROOT postcss-load-config@6.0.1 OK for: tailwindcss@3.4.19 want: ^4.0.2 || ^5.0 || ^6.0
2389 silly placeDep ROOT postcss-nested@6.2.0 OK for: tailwindcss@3.4.19 want: ^6.2.0
2390 silly placeDep node_modules/tailwindcss postcss-selector-parser@6.1.4 OK for: tailwindcss@3.4.19 want: ^6.1.2
2391 silly placeDep ROOT resolve@1.22.12 OK for: tailwindcss@3.4.19 want: ^1.22.8
2392 silly placeDep ROOT sucrase@3.35.1 OK for: tailwindcss@3.4.19 want: ^3.35.0
2393 silly fetch manifest braces@~3.0.2
2394 silly packumentCache full:https://registry.npmjs.org/braces cache-miss
2395 silly fetch manifest is-glob@~4.0.1
2396 silly packumentCache full:https://registry.npmjs.org/is-glob cache-miss
2397 silly fetch manifest anymatch@~3.1.2
2398 silly packumentCache full:https://registry.npmjs.org/anymatch cache-miss
2399 silly fetch manifest readdirp@~3.6.0
2400 silly packumentCache full:https://registry.npmjs.org/readdirp cache-miss
2401 silly fetch manifest glob-parent@~5.1.2
2402 silly packumentCache full:https://registry.npmjs.org/glob-parent cache-miss
2403 silly fetch manifest is-binary-path@~2.1.0
2404 silly packumentCache full:https://registry.npmjs.org/is-binary-path cache-miss
2405 silly fetch manifest normalize-path@~3.0.0
2406 silly packumentCache full:https://registry.npmjs.org/normalize-path cache-miss
2407 silly fetch manifest fsevents@~2.3.2
2408 silly packumentCache full:https://registry.npmjs.org/fsevents cache-miss
2409 silly fetch manifest @nodelib/fs.stat@^2.0.2
2410 silly packumentCache full:https://registry.npmjs.org/@nodelib%2ffs.stat cache-miss
2411 silly fetch manifest @nodelib/fs.walk@^1.2.3
2412 silly packumentCache full:https://registry.npmjs.org/@nodelib%2ffs.walk cache-miss
2413 silly fetch manifest glob-parent@^5.1.2
2414 silly packumentCache full:https://registry.npmjs.org/glob-parent cache-miss
2415 silly fetch manifest merge2@^1.3.0
2416 silly packumentCache full:https://registry.npmjs.org/merge2 cache-miss
2417 silly fetch manifest is-extglob@^2.1.1
2418 silly packumentCache full:https://registry.npmjs.org/is-extglob cache-miss
2419 silly fetch manifest braces@^3.0.3
2420 silly packumentCache full:https://registry.npmjs.org/braces cache-miss
2421 silly fetch manifest picomatch@^2.3.1
2422 silly packumentCache full:https://registry.npmjs.org/picomatch cache-miss
2423 silly fetch manifest resolve@^1.1.7
2424 silly packumentCache full:https://registry.npmjs.org/resolve cache-miss
2425 silly fetch manifest read-cache@^1.0.0
2426 silly packumentCache full:https://registry.npmjs.org/read-cache cache-miss
2427 silly fetch manifest camelcase-css@^2.0.1
2428 silly packumentCache full:https://registry.npmjs.org/camelcase-css cache-miss
2429 silly fetch manifest postcss-selector-parser@^6.1.1
2430 silly packumentCache full:https://registry.npmjs.org/postcss-selector-parser cache-miss
2431 silly fetch manifest es-errors@^1.3.0
2432 silly packumentCache full:https://registry.npmjs.org/es-errors cache-miss
2433 silly fetch manifest path-parse@^1.0.7
2434 silly packumentCache full:https://registry.npmjs.org/path-parse cache-miss
2435 silly fetch manifest is-core-module@^2.16.1
2436 silly packumentCache full:https://registry.npmjs.org/is-core-module cache-miss
2437 silly fetch manifest supports-preserve-symlinks-flag@^1.0.0
2438 silly packumentCache full:https://registry.npmjs.org/supports-preserve-symlinks-flag cache-miss
2439 silly fetch manifest commander@^4.0.0
2440 silly packumentCache full:https://registry.npmjs.org/commander cache-miss
2441 silly fetch manifest lines-and-columns@^1.1.6
2442 silly packumentCache full:https://registry.npmjs.org/lines-and-columns cache-miss
2443 silly fetch manifest mz@^2.7.0
2444 silly packumentCache full:https://registry.npmjs.org/mz cache-miss
2445 silly fetch manifest pirates@^4.0.1
2446 silly packumentCache full:https://registry.npmjs.org/pirates cache-miss
2447 silly fetch manifest tinyglobby@^0.2.11
2448 silly packumentCache full:https://registry.npmjs.org/tinyglobby cache-miss
2449 silly fetch manifest ts-interface-checker@^0.1.9
2450 silly packumentCache full:https://registry.npmjs.org/ts-interface-checker cache-miss
2451 http cache https://registry.npmjs.org/glob-parent 42ms (cache hit)
2452 silly packumentCache full:https://registry.npmjs.org/glob-parent set size:42445 disposed:false
2453 http cache https://registry.npmjs.org/normalize-path 45ms (cache hit)
2454 silly packumentCache full:https://registry.npmjs.org/normalize-path set size:28713 disposed:false
2455 http cache https://registry.npmjs.org/is-glob 47ms (cache hit)
2456 silly packumentCache full:https://registry.npmjs.org/is-glob set size:40530 disposed:false
2457 http cache https://registry.npmjs.org/fsevents 51ms (cache hit)
2458 silly packumentCache full:https://registry.npmjs.org/fsevents set size:182472 disposed:false
2459 http cache https://registry.npmjs.org/glob-parent 70ms (cache hit)
2460 silly packumentCache full:https://registry.npmjs.org/glob-parent set size:42445 disposed:false
2461 silly packumentCache full:https://registry.npmjs.org/glob-parent dispose
2462 http cache https://registry.npmjs.org/postcss-selector-parser 70ms (cache hit)
2463 silly packumentCache full:https://registry.npmjs.org/postcss-selector-parser set size:193966 disposed:false
2464 http cache https://registry.npmjs.org/resolve 79ms (cache hit)
2465 silly packumentCache full:https://registry.npmjs.org/resolve set size:244568 disposed:false
2466 http fetch GET 200 https://registry.npmjs.org/is-binary-path 149ms (cache miss)
2467 silly packumentCache full:https://registry.npmjs.org/is-binary-path set size:undefined disposed:false
2468 http fetch GET 200 https://registry.npmjs.org/path-parse 146ms (cache miss)
2469 silly packumentCache full:https://registry.npmjs.org/path-parse set size:undefined disposed:false
2470 http fetch GET 200 https://registry.npmjs.org/camelcase-css 147ms (cache miss)
2471 silly packumentCache full:https://registry.npmjs.org/camelcase-css set size:undefined disposed:false
2472 http fetch GET 200 https://registry.npmjs.org/read-cache 149ms (cache miss)
2473 silly packumentCache full:https://registry.npmjs.org/read-cache set size:undefined disposed:false
2474 http fetch GET 200 https://registry.npmjs.org/supports-preserve-symlinks-flag 148ms (cache miss)
2475 silly packumentCache full:https://registry.npmjs.org/supports-preserve-symlinks-flag set size:undefined disposed:false
2476 http fetch GET 200 https://registry.npmjs.org/es-errors 150ms (cache miss)
2477 silly packumentCache full:https://registry.npmjs.org/es-errors set size:undefined disposed:false
2478 http fetch GET 200 https://registry.npmjs.org/is-extglob 154ms (cache miss)
2479 silly packumentCache full:https://registry.npmjs.org/is-extglob set size:undefined disposed:false
2480 http fetch GET 200 https://registry.npmjs.org/@nodelib%2ffs.stat 161ms (cache miss)
2481 silly packumentCache full:https://registry.npmjs.org/@nodelib%2ffs.stat set size:undefined disposed:false
2482 http fetch GET 200 https://registry.npmjs.org/@nodelib%2ffs.walk 163ms (cache miss)
2483 silly packumentCache full:https://registry.npmjs.org/@nodelib%2ffs.walk set size:undefined disposed:false
2484 http fetch GET 200 https://registry.npmjs.org/merge2 166ms (cache miss)
2485 silly packumentCache full:https://registry.npmjs.org/merge2 set size:undefined disposed:false
2486 http fetch GET 200 https://registry.npmjs.org/pirates 163ms (cache miss)
2487 silly packumentCache full:https://registry.npmjs.org/pirates set size:undefined disposed:false
2488 http fetch GET 200 https://registry.npmjs.org/braces 174ms (cache miss)
2489 silly packumentCache full:https://registry.npmjs.org/braces set size:undefined disposed:false
2490 http fetch GET 200 https://registry.npmjs.org/tinyglobby 167ms (cache miss)
2491 silly packumentCache full:https://registry.npmjs.org/tinyglobby set size:undefined disposed:false
2492 http fetch GET 200 https://registry.npmjs.org/anymatch 177ms (cache miss)
2493 silly packumentCache full:https://registry.npmjs.org/anymatch set size:undefined disposed:false
2494 http fetch GET 200 https://registry.npmjs.org/mz 172ms (cache miss)
2495 silly packumentCache full:https://registry.npmjs.org/mz set size:undefined disposed:false
2496 http fetch GET 200 https://registry.npmjs.org/is-core-module 175ms (cache miss)
2497 silly packumentCache full:https://registry.npmjs.org/is-core-module set size:undefined disposed:false
2498 http fetch GET 200 https://registry.npmjs.org/ts-interface-checker 174ms (cache miss)
2499 silly packumentCache full:https://registry.npmjs.org/ts-interface-checker set size:undefined disposed:false
2500 http fetch GET 200 https://registry.npmjs.org/lines-and-columns 177ms (cache miss)
2501 silly packumentCache full:https://registry.npmjs.org/lines-and-columns set size:undefined disposed:false
2502 http fetch GET 200 https://registry.npmjs.org/braces 183ms (cache miss)
2503 silly packumentCache full:https://registry.npmjs.org/braces set size:undefined disposed:false
2504 http fetch GET 200 https://registry.npmjs.org/readdirp 189ms (cache miss)
2505 silly packumentCache full:https://registry.npmjs.org/readdirp set size:undefined disposed:false
2506 http fetch GET 200 https://registry.npmjs.org/picomatch 187ms (cache miss)
2507 silly packumentCache full:https://registry.npmjs.org/picomatch set size:undefined disposed:false
2508 http fetch GET 200 https://registry.npmjs.org/commander 188ms (cache miss)
2509 silly packumentCache full:https://registry.npmjs.org/commander set size:undefined disposed:false
2510 silly placeDep ROOT anymatch@3.1.3 OK for: chokidar@3.6.0 want: ~3.1.2
2511 silly placeDep ROOT braces@3.0.3 OK for: chokidar@3.6.0 want: ~3.0.2
2512 silly placeDep ROOT fsevents@2.3.3 OK for: chokidar@3.6.0 want: ~2.3.2
2513 silly placeDep node_modules/chokidar glob-parent@5.1.2 OK for: chokidar@3.6.0 want: ~5.1.2
2514 silly placeDep ROOT is-binary-path@2.1.0 OK for: chokidar@3.6.0 want: ~2.1.0
2515 silly placeDep ROOT readdirp@3.6.0 OK for: chokidar@3.6.0 want: ~3.6.0
2516 silly fetch manifest picomatch@^2.0.4
2517 silly packumentCache full:https://registry.npmjs.org/picomatch cache-miss
2518 silly fetch manifest fill-range@^7.1.1
2519 silly packumentCache full:https://registry.npmjs.org/fill-range cache-miss
2520 silly fetch manifest binary-extensions@^2.0.0
2521 silly packumentCache full:https://registry.npmjs.org/binary-extensions cache-miss
2522 silly fetch manifest picomatch@^2.2.1
2523 silly packumentCache full:https://registry.npmjs.org/picomatch cache-miss
2524 http cache https://registry.npmjs.org/picomatch 7ms (cache hit)
2525 silly packumentCache full:https://registry.npmjs.org/picomatch set size:128942 disposed:false
2526 http cache https://registry.npmjs.org/picomatch 12ms (cache hit)
2527 silly packumentCache full:https://registry.npmjs.org/picomatch set size:128942 disposed:false
2528 silly packumentCache full:https://registry.npmjs.org/picomatch dispose
2529 http fetch GET 200 https://registry.npmjs.org/fill-range 30ms (cache miss)
2530 silly packumentCache full:https://registry.npmjs.org/fill-range set size:undefined disposed:false
2531 http fetch GET 200 https://registry.npmjs.org/binary-extensions 33ms (cache miss)
2532 silly packumentCache full:https://registry.npmjs.org/binary-extensions set size:undefined disposed:false
2533 silly placeDep ROOT picomatch@2.3.2 OK for: anymatch@3.1.3 want: ^2.0.4
2534 silly placeDep ROOT fill-range@7.1.1 OK for: braces@3.0.3 want: ^7.1.1
2535 silly fetch manifest to-regex-range@^5.0.1
2536 silly packumentCache full:https://registry.npmjs.org/to-regex-range cache-miss
2537 http fetch GET 200 https://registry.npmjs.org/to-regex-range 29ms (cache miss)
2538 silly packumentCache full:https://registry.npmjs.org/to-regex-range set size:undefined disposed:false
2539 silly placeDep ROOT @nodelib/fs.stat@2.0.5 OK for: fast-glob@3.3.3 want: ^2.0.2
2540 silly placeDep ROOT @nodelib/fs.walk@1.2.8 OK for: fast-glob@3.3.3 want: ^1.2.3
2541 silly placeDep node_modules/fast-glob glob-parent@5.1.2 OK for: fast-glob@3.3.3 want: ^5.1.2
2542 silly placeDep ROOT merge2@1.4.1 OK for: fast-glob@3.3.3 want: ^1.3.0
2543 silly fetch manifest fastq@^1.6.0
2544 silly packumentCache full:https://registry.npmjs.org/fastq cache-miss
2545 silly fetch manifest @nodelib/fs.scandir@2.1.5
2546 silly packumentCache full:https://registry.npmjs.org/@nodelib%2ffs.scandir cache-miss
2547 http fetch GET 200 https://registry.npmjs.org/fastq 29ms (cache miss)
2548 silly packumentCache full:https://registry.npmjs.org/fastq set size:undefined disposed:false
2549 http fetch GET 200 https://registry.npmjs.org/@nodelib%2ffs.scandir 38ms (cache miss)
2550 silly packumentCache full:https://registry.npmjs.org/@nodelib%2ffs.scandir set size:undefined disposed:false
2551 silly placeDep ROOT @nodelib/fs.scandir@2.1.5 OK for: @nodelib/fs.walk@1.2.8 want: 2.1.5
2552 silly placeDep ROOT fastq@1.20.1 OK for: @nodelib/fs.walk@1.2.8 want: ^1.6.0
2553 silly fetch manifest run-parallel@^1.1.9
2554 silly packumentCache full:https://registry.npmjs.org/run-parallel cache-miss
2555 silly fetch manifest reusify@^1.0.4
2556 silly packumentCache full:https://registry.npmjs.org/reusify cache-miss
2557 http fetch GET 200 https://registry.npmjs.org/run-parallel 26ms (cache miss)
2558 silly packumentCache full:https://registry.npmjs.org/run-parallel set size:undefined disposed:false
2559 http fetch GET 200 https://registry.npmjs.org/reusify 31ms (cache miss)
2560 silly packumentCache full:https://registry.npmjs.org/reusify set size:undefined disposed:false
2561 silly placeDep ROOT run-parallel@1.2.0 OK for: @nodelib/fs.scandir@2.1.5 want: ^1.1.9
2562 silly fetch manifest queue-microtask@^1.2.2
2563 silly packumentCache full:https://registry.npmjs.org/queue-microtask cache-miss
2564 http fetch GET 200 https://registry.npmjs.org/queue-microtask 20ms (cache miss)
2565 silly packumentCache full:https://registry.npmjs.org/queue-microtask set size:undefined disposed:false
2566 silly placeDep ROOT reusify@1.1.0 OK for: fastq@1.20.1 want: ^1.0.4
2567 silly placeDep ROOT to-regex-range@5.0.1 OK for: fill-range@7.1.1 want: ^5.0.1
2568 silly fetch manifest is-number@^7.0.0
2569 silly packumentCache full:https://registry.npmjs.org/is-number cache-miss
2570 http fetch GET 200 https://registry.npmjs.org/is-number 21ms (cache miss)
2571 silly packumentCache full:https://registry.npmjs.org/is-number set size:undefined disposed:false
2572 silly placeDep ROOT binary-extensions@2.3.0 OK for: is-binary-path@2.1.0 want: ^2.0.0
2573 silly placeDep ROOT is-extglob@2.1.1 OK for: is-glob@4.0.3 want: ^2.1.1
2574 silly placeDep ROOT read-cache@1.0.0 OK for: postcss-import@15.1.0 want: ^1.0.0
2575 silly fetch manifest pify@^2.3.0
2576 silly packumentCache full:https://registry.npmjs.org/pify cache-miss
2577 http fetch GET 200 https://registry.npmjs.org/pify 21ms (cache miss)
2578 silly packumentCache full:https://registry.npmjs.org/pify set size:undefined disposed:false
2579 silly placeDep ROOT camelcase-css@2.0.1 OK for: postcss-js@4.1.0 want: ^2.0.1
2580 silly placeDep node_modules/postcss-nested postcss-selector-parser@6.1.4 OK for: postcss-nested@6.2.0 want: ^6.1.1
2581 silly placeDep ROOT pify@2.3.0 OK for: read-cache@1.0.0 want: ^2.3.0
2582 silly placeDep ROOT es-errors@1.3.0 OK for: resolve@1.22.12 want: ^1.3.0
2583 silly placeDep ROOT is-core-module@2.16.2 OK for: resolve@1.22.12 want: ^2.16.1
2584 silly placeDep ROOT path-parse@1.0.7 OK for: resolve@1.22.12 want: ^1.0.7
2585 silly placeDep ROOT supports-preserve-symlinks-flag@1.0.0 OK for: resolve@1.22.12 want: ^1.0.0
2586 silly fetch manifest hasown@^2.0.3
2587 silly packumentCache full:https://registry.npmjs.org/hasown cache-miss
2588 http fetch GET 200 https://registry.npmjs.org/hasown 19ms (cache miss)
2589 silly packumentCache full:https://registry.npmjs.org/hasown set size:undefined disposed:false
2590 silly placeDep ROOT hasown@2.0.4 OK for: is-core-module@2.16.2 want: ^2.0.3
2591 silly fetch manifest function-bind@^1.1.2
2592 silly packumentCache full:https://registry.npmjs.org/function-bind cache-miss
2593 http fetch GET 200 https://registry.npmjs.org/function-bind 23ms (cache miss)
2594 silly packumentCache full:https://registry.npmjs.org/function-bind set size:undefined disposed:false
2595 silly placeDep ROOT function-bind@1.1.2 OK for: hasown@2.0.4 want: ^1.1.2
2596 silly placeDep ROOT queue-microtask@1.2.3 OK for: run-parallel@1.2.0 want: ^1.2.2
2597 silly placeDep ROOT commander@4.1.1 OK for: sucrase@3.35.1 want: ^4.0.0
2598 silly placeDep ROOT lines-and-columns@1.2.4 OK for: sucrase@3.35.1 want: ^1.1.6
2599 silly placeDep ROOT mz@2.7.0 OK for: sucrase@3.35.1 want: ^2.7.0
2600 silly placeDep ROOT pirates@4.0.7 OK for: sucrase@3.35.1 want: ^4.0.1
2601 silly placeDep ROOT tinyglobby@0.2.17 OK for: sucrase@3.35.1 want: ^0.2.11
2602 silly placeDep ROOT ts-interface-checker@0.1.13 OK for: sucrase@3.35.1 want: ^0.1.9
2603 silly fetch manifest any-promise@^1.0.0
2604 silly packumentCache full:https://registry.npmjs.org/any-promise cache-miss
2605 silly fetch manifest thenify-all@^1.0.0
2606 silly packumentCache full:https://registry.npmjs.org/thenify-all cache-miss
2607 silly fetch manifest fdir@^6.5.0
2608 silly packumentCache full:https://registry.npmjs.org/fdir cache-miss
2609 silly fetch manifest picomatch@^4.0.4
2610 silly packumentCache full:https://registry.npmjs.org/picomatch cache-hit
2611 http fetch GET 200 https://registry.npmjs.org/any-promise 23ms (cache miss)
2612 silly packumentCache full:https://registry.npmjs.org/any-promise set size:undefined disposed:false
2613 http fetch GET 200 https://registry.npmjs.org/thenify-all 28ms (cache miss)
2614 silly packumentCache full:https://registry.npmjs.org/thenify-all set size:undefined disposed:false
2615 http fetch GET 200 https://registry.npmjs.org/fdir 30ms (cache miss)
2616 silly packumentCache full:https://registry.npmjs.org/fdir set size:undefined disposed:false
2617 silly placeDep ROOT any-promise@1.3.0 OK for: mz@2.7.0 want: ^1.0.0
2618 silly placeDep ROOT thenify-all@1.6.0 OK for: mz@2.7.0 want: ^1.0.0
2619 silly fetch manifest thenify@>= 3.1.0 < 4
2620 silly packumentCache full:https://registry.npmjs.org/thenify cache-miss
2621 http fetch GET 200 https://registry.npmjs.org/thenify 24ms (cache miss)
2622 silly packumentCache full:https://registry.npmjs.org/thenify set size:undefined disposed:false
2623 silly placeDep ROOT thenify@3.3.1 OK for: thenify-all@1.6.0 want: >= 3.1.0 < 4
2624 silly placeDep ROOT @types/draco3d@1.4.10 OK for: three-stdlib@2.36.1 want: ^1.4.0
2625 silly placeDep ROOT @types/offscreencanvas@2019.7.3 OK for: three-stdlib@2.36.1 want: ^2019.6.4
2626 silly placeDep ROOT draco3d@1.5.7 OK for: three-stdlib@2.36.1 want: ^1.4.1
2627 silly placeDep node_modules/three-stdlib fflate@0.6.11 OK for: three-stdlib@2.36.1 want: ^0.6.9
2628 silly placeDep ROOT potpack@1.0.2 OK for: three-stdlib@2.36.1 want: ^1.0.1
2629 silly placeDep node_modules/tinyglobby fdir@6.5.0 OK for: tinyglobby@0.2.17 want: ^6.5.0
2630 silly placeDep node_modules/tinyglobby picomatch@4.0.5 OK for: fdir@6.5.0 want: ^3 || ^4
2631 silly placeDep ROOT is-number@7.0.0 OK for: to-regex-range@5.0.1 want: ^7.0.0
2632 silly fetch manifest three@>=0.125.0
2633 silly packumentCache full:https://registry.npmjs.org/three cache-hit
2634 silly placeDep ROOT bidi-js@1.0.3 OK for: troika-three-text@0.52.5 want: ^1.0.2
2635 silly placeDep ROOT troika-three-utils@0.52.5 OK for: troika-three-text@0.52.5 want: ^0.52.5
2636 silly placeDep ROOT troika-worker-utils@0.52.0 OK for: troika-three-text@0.52.5 want: ^0.52.0
2637 silly placeDep ROOT webgl-sdf-generator@1.1.1 OK for: troika-three-text@0.52.5 want: 1.1.1
2638 silly fetch manifest require-from-string@^2.0.2
2639 silly packumentCache full:https://registry.npmjs.org/require-from-string cache-miss
2640 http fetch GET 200 https://registry.npmjs.org/require-from-string 31ms (cache miss)
2641 silly packumentCache full:https://registry.npmjs.org/require-from-string set size:undefined disposed:false
2642 silly placeDep ROOT require-from-string@2.0.2 OK for: bidi-js@1.0.3 want: ^2.0.2
2643 silly fetch manifest @types/react@>=16.8
2644 silly packumentCache full:https://registry.npmjs.org/@types%2freact cache-miss
2645 http cache https://registry.npmjs.org/@types%2freact 10ms (cache hit)
2646 silly packumentCache full:https://registry.npmjs.org/@types%2freact set size:2632776 disposed:false
2647 silly fetch manifest react@>=16.8
2648 silly packumentCache full:https://registry.npmjs.org/react cache-miss
2649 http cache https://registry.npmjs.org/react 19ms (cache hit)
2650 silly packumentCache full:https://registry.npmjs.org/react set size:6830011 disposed:false
2651 silly placeDep node_modules/tunnel-rat zustand@4.5.7 OK for: tunnel-rat@0.1.2 want: ^4.3.2
2652 silly placeDep ROOT escalade@3.2.0 OK for: update-browserslist-db@1.2.3 want: ^3.2.0
2653 silly placeDep ROOT detect-node-es@1.1.0 OK for: use-sidecar@1.1.3 want: ^1.1.0
2654 silly placeDep ROOT base64-arraybuffer@1.0.2 OK for: utrie@1.0.2 want: ^1.0.2
2655 silly placeDep ROOT @types/d3-array@3.2.2 OK for: victory-vendor@36.9.2 want: ^3.0.3
2656 silly placeDep ROOT @types/d3-ease@3.0.2 OK for: victory-vendor@36.9.2 want: ^3.0.0
2657 silly placeDep ROOT @types/d3-interpolate@3.0.4 OK for: victory-vendor@36.9.2 want: ^3.0.1
2658 silly placeDep ROOT @types/d3-scale@4.0.9 OK for: victory-vendor@36.9.2 want: ^4.0.2
2659 silly placeDep ROOT @types/d3-shape@3.1.8 OK for: victory-vendor@36.9.2 want: ^3.1.0
2660 silly placeDep ROOT @types/d3-time@3.0.4 OK for: victory-vendor@36.9.2 want: ^3.0.0
2661 silly placeDep ROOT @types/d3-timer@3.0.2 OK for: victory-vendor@36.9.2 want: ^3.0.0
2662 silly placeDep ROOT d3-array@3.2.4 OK for: victory-vendor@36.9.2 want: ^3.1.6
2663 silly placeDep ROOT d3-ease@3.0.1 OK for: victory-vendor@36.9.2 want: ^3.0.1
2664 silly placeDep ROOT d3-interpolate@3.0.1 OK for: victory-vendor@36.9.2 want: ^3.0.1
2665 silly placeDep ROOT d3-scale@4.0.2 OK for: victory-vendor@36.9.2 want: ^4.0.2
2666 silly placeDep ROOT d3-shape@3.2.0 OK for: victory-vendor@36.9.2 want: ^3.1.0
2667 silly placeDep ROOT d3-time@3.1.0 OK for: victory-vendor@36.9.2 want: ^3.0.0
2668 silly placeDep ROOT d3-timer@3.0.1 OK for: victory-vendor@36.9.2 want: ^3.0.1
2669 silly fetch manifest @types/d3-color@*
2670 silly packumentCache full:https://registry.npmjs.org/@types%2fd3-color cache-miss
2671 silly fetch manifest @types/d3-time@*
2672 silly packumentCache full:https://registry.npmjs.org/@types%2fd3-time cache-miss
2673 silly fetch manifest @types/d3-path@*
2674 silly packumentCache full:https://registry.npmjs.org/@types%2fd3-path cache-miss
2675 silly fetch manifest internmap@1 - 2
2676 silly packumentCache full:https://registry.npmjs.org/internmap cache-miss
2677 silly fetch manifest d3-color@1 - 3
2678 silly packumentCache full:https://registry.npmjs.org/d3-color cache-miss
2679 silly fetch manifest d3-format@1 - 3
2680 silly packumentCache full:https://registry.npmjs.org/d3-format cache-miss
2681 silly fetch manifest d3-time@2.1.1 - 3
2682 silly packumentCache full:https://registry.npmjs.org/d3-time cache-miss
2683 silly fetch manifest d3-time-format@2 - 4
2684 silly packumentCache full:https://registry.npmjs.org/d3-time-format cache-miss
2685 silly fetch manifest d3-path@^3.1.0
2686 silly packumentCache full:https://registry.npmjs.org/d3-path cache-miss
2687 http cache https://registry.npmjs.org/@types%2fd3-time 24ms (cache hit)
2688 silly packumentCache full:https://registry.npmjs.org/@types%2fd3-time set size:52652 disposed:false
2689 http cache https://registry.npmjs.org/d3-time 18ms (cache hit)
2690 silly packumentCache full:https://registry.npmjs.org/d3-time set size:150406 disposed:false
2691 http fetch GET 200 https://registry.npmjs.org/internmap 51ms (cache miss)
2692 silly packumentCache full:https://registry.npmjs.org/internmap set size:undefined disposed:false
2693 http fetch GET 200 https://registry.npmjs.org/d3-path 44ms (cache miss)
2694 silly packumentCache full:https://registry.npmjs.org/d3-path set size:undefined disposed:false
2695 http fetch GET 200 https://registry.npmjs.org/@types%2fd3-path 55ms (cache miss)
2696 silly packumentCache full:https://registry.npmjs.org/@types%2fd3-path set size:undefined disposed:false
2697 http fetch GET 200 https://registry.npmjs.org/d3-format 55ms (cache miss)
2698 silly packumentCache full:https://registry.npmjs.org/d3-format set size:undefined disposed:false
2699 http fetch GET 200 https://registry.npmjs.org/d3-color 57ms (cache miss)
2700 silly packumentCache full:https://registry.npmjs.org/d3-color set size:undefined disposed:false
2701 http fetch GET 200 https://registry.npmjs.org/d3-time-format 52ms (cache miss)
2702 silly packumentCache full:https://registry.npmjs.org/d3-time-format set size:undefined disposed:false
2703 http fetch GET 200 https://registry.npmjs.org/@types%2fd3-color 62ms (cache miss)
2704 silly packumentCache full:https://registry.npmjs.org/@types%2fd3-color set size:undefined disposed:false
2705 silly placeDep ROOT @types/d3-color@3.1.3 OK for: @types/d3-interpolate@3.0.4 want: *
2706 silly placeDep ROOT @types/d3-path@3.1.1 OK for: @types/d3-shape@3.1.8 want: *
2707 silly placeDep ROOT internmap@2.0.3 OK for: d3-array@3.2.4 want: 1 - 2
2708 silly placeDep ROOT d3-color@3.1.0 OK for: d3-interpolate@3.0.1 want: 1 - 3
2709 silly placeDep ROOT d3-format@3.1.2 OK for: d3-scale@4.0.2 want: 1 - 3
2710 silly placeDep ROOT d3-time-format@4.1.0 OK for: d3-scale@4.0.2 want: 2 - 4
2711 silly placeDep ROOT d3-path@3.1.0 OK for: d3-shape@3.2.0 want: ^3.1.0
2712 silly placeDep ROOT esbuild@0.21.5 OK for: vite@5.4.21 want: ^0.21.3
2713 silly placeDep ROOT rollup@4.62.3 OK for: vite@5.4.21 want: ^4.20.0
2714 silly fetch manifest @esbuild/aix-ppc64@0.21.5
2715 silly packumentCache full:https://registry.npmjs.org/@esbuild%2faix-ppc64 cache-miss
2716 silly fetch manifest @esbuild/linux-arm@0.21.5
2717 silly packumentCache full:https://registry.npmjs.org/@esbuild%2flinux-arm cache-miss
2718 silly fetch manifest @esbuild/linux-x64@0.21.5
2719 silly packumentCache full:https://registry.npmjs.org/@esbuild%2flinux-x64 cache-miss
2720 silly fetch manifest @esbuild/sunos-x64@0.21.5
2721 silly packumentCache full:https://registry.npmjs.org/@esbuild%2fsunos-x64 cache-miss
2722 silly fetch manifest @esbuild/win32-x64@0.21.5
2723 silly packumentCache full:https://registry.npmjs.org/@esbuild%2fwin32-x64 cache-miss
2724 silly fetch manifest @esbuild/darwin-x64@0.21.5
2725 silly packumentCache full:https://registry.npmjs.org/@esbuild%2fdarwin-x64 cache-miss
2726 silly fetch manifest @esbuild/linux-ia32@0.21.5
2727 silly packumentCache full:https://registry.npmjs.org/@esbuild%2flinux-ia32 cache-miss
2728 silly fetch manifest @esbuild/netbsd-x64@0.21.5
2729 silly packumentCache full:https://registry.npmjs.org/@esbuild%2fnetbsd-x64 cache-miss
2730 silly fetch manifest @esbuild/win32-ia32@0.21.5
2731 silly packumentCache full:https://registry.npmjs.org/@esbuild%2fwin32-ia32 cache-miss
2732 silly fetch manifest @esbuild/android-arm@0.21.5
2733 silly packumentCache full:https://registry.npmjs.org/@esbuild%2fandroid-arm cache-miss
2734 silly fetch manifest @esbuild/android-x64@0.21.5
2735 silly packumentCache full:https://registry.npmjs.org/@esbuild%2fandroid-x64 cache-miss
2736 silly fetch manifest @esbuild/freebsd-x64@0.21.5
2737 silly packumentCache full:https://registry.npmjs.org/@esbuild%2ffreebsd-x64 cache-miss
2738 silly fetch manifest @esbuild/linux-arm64@0.21.5
2739 silly packumentCache full:https://registry.npmjs.org/@esbuild%2flinux-arm64 cache-miss
2740 silly fetch manifest @esbuild/linux-ppc64@0.21.5
2741 silly packumentCache full:https://registry.npmjs.org/@esbuild%2flinux-ppc64 cache-miss
2742 silly fetch manifest @esbuild/linux-s390x@0.21.5
2743 silly packumentCache full:https://registry.npmjs.org/@esbuild%2flinux-s390x cache-miss
2744 silly fetch manifest @esbuild/openbsd-x64@0.21.5
2745 silly packumentCache full:https://registry.npmjs.org/@esbuild%2fopenbsd-x64 cache-miss
2746 silly fetch manifest @esbuild/win32-arm64@0.21.5
2747 silly packumentCache full:https://registry.npmjs.org/@esbuild%2fwin32-arm64 cache-miss
2748 silly fetch manifest @esbuild/darwin-arm64@0.21.5
2749 silly packumentCache full:https://registry.npmjs.org/@esbuild%2fdarwin-arm64 cache-miss
2750 silly fetch manifest @esbuild/android-arm64@0.21.5
2751 silly packumentCache full:https://registry.npmjs.org/@esbuild%2fandroid-arm64 cache-miss
2752 silly fetch manifest @esbuild/freebsd-arm64@0.21.5
2753 silly packumentCache full:https://registry.npmjs.org/@esbuild%2ffreebsd-arm64 cache-miss
2754 silly fetch manifest @esbuild/linux-loong64@0.21.5
2755 silly packumentCache full:https://registry.npmjs.org/@esbuild%2flinux-loong64 cache-miss
2756 silly fetch manifest @esbuild/linux-riscv64@0.21.5
2757 silly packumentCache full:https://registry.npmjs.org/@esbuild%2flinux-riscv64 cache-miss
2758 silly fetch manifest @esbuild/linux-mips64el@0.21.5
2759 silly packumentCache full:https://registry.npmjs.org/@esbuild%2flinux-mips64el cache-miss
2760 silly fetch manifest @types/estree@1.0.9
2761 silly packumentCache full:https://registry.npmjs.org/@types%2festree cache-miss
2762 silly fetch manifest @rollup/rollup-darwin-x64@4.62.3
2763 silly packumentCache full:https://registry.npmjs.org/@rollup%2frollup-darwin-x64 cache-miss
2764 silly fetch manifest @rollup/rollup-freebsd-x64@4.62.3
2765 silly packumentCache full:https://registry.npmjs.org/@rollup%2frollup-freebsd-x64 cache-miss
2766 silly fetch manifest @rollup/rollup-openbsd-x64@4.62.3
2767 silly packumentCache full:https://registry.npmjs.org/@rollup%2frollup-openbsd-x64 cache-miss
2768 silly fetch manifest @rollup/rollup-darwin-arm64@4.62.3
2769 silly packumentCache full:https://registry.npmjs.org/@rollup%2frollup-darwin-arm64 cache-miss
2770 silly fetch manifest @rollup/rollup-android-arm64@4.62.3
2771 silly packumentCache full:https://registry.npmjs.org/@rollup%2frollup-android-arm64 cache-miss
2772 silly fetch manifest @rollup/rollup-freebsd-arm64@4.62.3
2773 silly packumentCache full:https://registry.npmjs.org/@rollup%2frollup-freebsd-arm64 cache-miss
2774 silly fetch manifest @rollup/rollup-linux-x64-gnu@4.62.3
2775 silly packumentCache full:https://registry.npmjs.org/@rollup%2frollup-linux-x64-gnu cache-miss
2776 silly fetch manifest @rollup/rollup-win32-x64-gnu@4.62.3
2777 silly packumentCache full:https://registry.npmjs.org/@rollup%2frollup-win32-x64-gnu cache-miss
2778 silly fetch manifest @rollup/rollup-linux-x64-musl@4.62.3
2779 silly packumentCache full:https://registry.npmjs.org/@rollup%2frollup-linux-x64-musl cache-miss
2780 silly fetch manifest @rollup/rollup-win32-x64-msvc@4.62.3
2781 silly packumentCache full:https://registry.npmjs.org/@rollup%2frollup-win32-x64-msvc cache-miss
2782 silly fetch manifest @rollup/rollup-linux-arm64-gnu@4.62.3
2783 silly packumentCache full:https://registry.npmjs.org/@rollup%2frollup-linux-arm64-gnu cache-miss
2784 silly fetch manifest @rollup/rollup-linux-ppc64-gnu@4.62.3
2785 silly packumentCache full:https://registry.npmjs.org/@rollup%2frollup-linux-ppc64-gnu cache-miss
2786 silly fetch manifest @rollup/rollup-linux-s390x-gnu@4.62.3
2787 silly packumentCache full:https://registry.npmjs.org/@rollup%2frollup-linux-s390x-gnu cache-miss
2788 silly fetch manifest @rollup/rollup-win32-ia32-msvc@4.62.3
2789 silly packumentCache full:https://registry.npmjs.org/@rollup%2frollup-win32-ia32-msvc cache-miss
2790 silly fetch manifest @rollup/rollup-android-arm-eabi@4.62.3
2791 silly packumentCache full:https://registry.npmjs.org/@rollup%2frollup-android-arm-eabi cache-miss
2792 silly fetch manifest @rollup/rollup-linux-arm64-musl@4.62.3
2793 silly packumentCache full:https://registry.npmjs.org/@rollup%2frollup-linux-arm64-musl cache-miss
2794 silly fetch manifest @rollup/rollup-linux-ppc64-musl@4.62.3
2795 silly packumentCache full:https://registry.npmjs.org/@rollup%2frollup-linux-ppc64-musl cache-miss
2796 silly fetch manifest @rollup/rollup-win32-arm64-msvc@4.62.3
2797 silly packumentCache full:https://registry.npmjs.org/@rollup%2frollup-win32-arm64-msvc cache-miss
2798 silly fetch manifest @rollup/rollup-linux-loong64-gnu@4.62.3
2799 silly packumentCache full:https://registry.npmjs.org/@rollup%2frollup-linux-loong64-gnu cache-miss
2800 silly fetch manifest @rollup/rollup-linux-riscv64-gnu@4.62.3
2801 silly packumentCache full:https://registry.npmjs.org/@rollup%2frollup-linux-riscv64-gnu cache-miss
2802 silly fetch manifest @rollup/rollup-openharmony-arm64@4.62.3
2803 silly packumentCache full:https://registry.npmjs.org/@rollup%2frollup-openharmony-arm64 cache-miss
2804 silly fetch manifest @rollup/rollup-linux-loong64-musl@4.62.3
2805 silly packumentCache full:https://registry.npmjs.org/@rollup%2frollup-linux-loong64-musl cache-miss
2806 silly fetch manifest @rollup/rollup-linux-riscv64-musl@4.62.3
2807 silly packumentCache full:https://registry.npmjs.org/@rollup%2frollup-linux-riscv64-musl cache-miss
2808 http fetch GET 200 https://registry.npmjs.org/@esbuild%2faix-ppc64 201ms (cache miss)
2809 silly packumentCache full:https://registry.npmjs.org/@esbuild%2faix-ppc64 set size:undefined disposed:false
2810 silly fetch manifest @rollup/rollup-linux-arm-gnueabihf@4.62.3
2811 silly packumentCache full:https://registry.npmjs.org/@rollup%2frollup-linux-arm-gnueabihf cache-miss
2812 http fetch GET 200 https://registry.npmjs.org/@esbuild%2fwin32-ia32 276ms (cache miss)
2813 silly packumentCache full:https://registry.npmjs.org/@esbuild%2fwin32-ia32 set size:undefined disposed:false
2814 silly fetch manifest @rollup/rollup-linux-arm-musleabihf@4.62.3
2815 silly packumentCache full:https://registry.npmjs.org/@rollup%2frollup-linux-arm-musleabihf cache-miss
2816 http fetch GET 200 https://registry.npmjs.org/@esbuild%2fsunos-x64 282ms (cache miss)
2817 silly packumentCache full:https://registry.npmjs.org/@esbuild%2fsunos-x64 set size:undefined disposed:false
2818 http fetch GET 200 https://registry.npmjs.org/@rollup%2frollup-openbsd-x64 279ms (cache miss)
2819 silly packumentCache full:https://registry.npmjs.org/@rollup%2frollup-openbsd-x64 set size:undefined disposed:false
2820 http fetch GET 200 https://registry.npmjs.org/@esbuild%2flinux-arm 291ms (cache miss)
2821 silly packumentCache full:https://registry.npmjs.org/@esbuild%2flinux-arm set size:undefined disposed:false
2822 http fetch GET 200 https://registry.npmjs.org/@esbuild%2fandroid-x64 290ms (cache miss)
2823 silly packumentCache full:https://registry.npmjs.org/@esbuild%2fandroid-x64 set size:undefined disposed:false
2824 http fetch GET 200 https://registry.npmjs.org/@esbuild%2fdarwin-x64 294ms (cache miss)
2825 silly packumentCache full:https://registry.npmjs.org/@esbuild%2fdarwin-x64 set size:undefined disposed:false
2826 http fetch GET 200 https://registry.npmjs.org/@esbuild%2flinux-x64 335ms (cache miss)
2827 silly packumentCache full:https://registry.npmjs.org/@esbuild%2flinux-x64 set size:undefined disposed:false
2828 http fetch GET 200 https://registry.npmjs.org/@types%2festree 333ms (cache miss)
2829 silly packumentCache full:https://registry.npmjs.org/@types%2festree set size:undefined disposed:false
2830 http fetch GET 200 https://registry.npmjs.org/@esbuild%2flinux-ia32 341ms (cache miss)
2831 silly packumentCache full:https://registry.npmjs.org/@esbuild%2flinux-ia32 set size:undefined disposed:false
2832 http fetch GET 200 https://registry.npmjs.org/@esbuild%2fwin32-x64 344ms (cache miss)
2833 silly packumentCache full:https://registry.npmjs.org/@esbuild%2fwin32-x64 set size:undefined disposed:false
2834 http fetch GET 200 https://registry.npmjs.org/@esbuild%2fandroid-arm 351ms (cache miss)
2835 silly packumentCache full:https://registry.npmjs.org/@esbuild%2fandroid-arm set size:undefined disposed:false
2836 http fetch GET 200 https://registry.npmjs.org/@esbuild%2ffreebsd-x64 355ms (cache miss)
2837 silly packumentCache full:https://registry.npmjs.org/@esbuild%2ffreebsd-x64 set size:undefined disposed:false
2838 http fetch GET 200 https://registry.npmjs.org/@esbuild%2flinux-s390x 357ms (cache miss)
2839 silly packumentCache full:https://registry.npmjs.org/@esbuild%2flinux-s390x set size:undefined disposed:false
2840 http fetch GET 200 https://registry.npmjs.org/@esbuild%2fnetbsd-x64 364ms (cache miss)
2841 silly packumentCache full:https://registry.npmjs.org/@esbuild%2fnetbsd-x64 set size:undefined disposed:false
2842 http fetch GET 200 https://registry.npmjs.org/@esbuild%2flinux-ppc64 369ms (cache miss)
2843 silly packumentCache full:https://registry.npmjs.org/@esbuild%2flinux-ppc64 set size:undefined disposed:false
2844 http fetch GET 200 https://registry.npmjs.org/@rollup%2frollup-win32-x64-gnu 366ms (cache miss)
2845 silly packumentCache full:https://registry.npmjs.org/@rollup%2frollup-win32-x64-gnu set size:undefined disposed:false
2846 http fetch GET 200 https://registry.npmjs.org/@rollup%2frollup-linux-ppc64-musl 368ms (cache miss)
2847 silly packumentCache full:https://registry.npmjs.org/@rollup%2frollup-linux-ppc64-musl set size:undefined disposed:false
2848 http fetch GET 200 https://registry.npmjs.org/@rollup%2frollup-linux-loong64-musl 370ms (cache miss)
2849 silly packumentCache full:https://registry.npmjs.org/@rollup%2frollup-linux-loong64-musl set size:undefined disposed:false
2850 http fetch GET 200 https://registry.npmjs.org/@esbuild%2fdarwin-arm64 381ms (cache miss)
2851 silly packumentCache full:https://registry.npmjs.org/@esbuild%2fdarwin-arm64 set size:undefined disposed:false
2852 http fetch GET 200 https://registry.npmjs.org/@esbuild%2flinux-mips64el 382ms (cache miss)
2853 silly packumentCache full:https://registry.npmjs.org/@esbuild%2flinux-mips64el set size:undefined disposed:false
2854 http fetch GET 200 https://registry.npmjs.org/@esbuild%2flinux-riscv64 385ms (cache miss)
2855 silly packumentCache full:https://registry.npmjs.org/@esbuild%2flinux-riscv64 set size:undefined disposed:false
2856 http fetch GET 200 https://registry.npmjs.org/@rollup%2frollup-freebsd-x64 386ms (cache miss)
2857 silly packumentCache full:https://registry.npmjs.org/@rollup%2frollup-freebsd-x64 set size:undefined disposed:false
2858 http fetch GET 200 https://registry.npmjs.org/@rollup%2frollup-linux-loong64-gnu 385ms (cache miss)
2859 silly packumentCache full:https://registry.npmjs.org/@rollup%2frollup-linux-loong64-gnu set size:undefined disposed:false
2860 http fetch GET 200 https://registry.npmjs.org/@esbuild%2flinux-arm64 396ms (cache miss)
2861 silly packumentCache full:https://registry.npmjs.org/@esbuild%2flinux-arm64 set size:undefined disposed:false
2862 http fetch GET 200 https://registry.npmjs.org/@rollup%2frollup-openharmony-arm64 392ms (cache miss)
2863 silly packumentCache full:https://registry.npmjs.org/@rollup%2frollup-openharmony-arm64 set size:undefined disposed:false
2864 http fetch GET 200 https://registry.npmjs.org/@esbuild%2fopenbsd-x64 401ms (cache miss)
2865 silly packumentCache full:https://registry.npmjs.org/@esbuild%2fopenbsd-x64 set size:undefined disposed:false
2866 http fetch GET 200 https://registry.npmjs.org/@esbuild%2ffreebsd-arm64 402ms (cache miss)
2867 silly packumentCache full:https://registry.npmjs.org/@esbuild%2ffreebsd-arm64 set size:undefined disposed:false
2868 http fetch GET 200 https://registry.npmjs.org/@esbuild%2fandroid-arm64 404ms (cache miss)
2869 silly packumentCache full:https://registry.npmjs.org/@esbuild%2fandroid-arm64 set size:undefined disposed:false
2870 http fetch GET 200 https://registry.npmjs.org/@esbuild%2flinux-loong64 406ms (cache miss)
2871 silly packumentCache full:https://registry.npmjs.org/@esbuild%2flinux-loong64 set size:undefined disposed:false
2872 http fetch GET 200 https://registry.npmjs.org/@rollup%2frollup-freebsd-arm64 434ms (cache miss)
2873 silly packumentCache full:https://registry.npmjs.org/@rollup%2frollup-freebsd-arm64 set size:undefined disposed:false
2874 http fetch GET 200 https://registry.npmjs.org/@esbuild%2fwin32-arm64 442ms (cache miss)
2875 silly packumentCache full:https://registry.npmjs.org/@esbuild%2fwin32-arm64 set size:undefined disposed:false
2876 http fetch GET 200 https://registry.npmjs.org/@rollup%2frollup-linux-riscv64-musl 437ms (cache miss)
2877 silly packumentCache full:https://registry.npmjs.org/@rollup%2frollup-linux-riscv64-musl set size:undefined disposed:false
2878 http fetch GET 200 https://registry.npmjs.org/@rollup%2frollup-android-arm64 449ms (cache miss)
2879 silly packumentCache full:https://registry.npmjs.org/@rollup%2frollup-android-arm64 set size:undefined disposed:false
2880 http fetch GET 200 https://registry.npmjs.org/@rollup%2frollup-darwin-x64 454ms (cache miss)
2881 silly packumentCache full:https://registry.npmjs.org/@rollup%2frollup-darwin-x64 set size:undefined disposed:false
2882 http fetch GET 200 https://registry.npmjs.org/@rollup%2frollup-darwin-arm64 458ms (cache miss)
2883 silly packumentCache full:https://registry.npmjs.org/@rollup%2frollup-darwin-arm64 set size:undefined disposed:false
2884 http fetch GET 200 https://registry.npmjs.org/@rollup%2frollup-linux-s390x-gnu 461ms (cache miss)
2885 silly packumentCache full:https://registry.npmjs.org/@rollup%2frollup-linux-s390x-gnu set size:undefined disposed:false
2886 http fetch GET 200 https://registry.npmjs.org/@rollup%2frollup-linux-x64-gnu 468ms (cache miss)
2887 silly packumentCache full:https://registry.npmjs.org/@rollup%2frollup-linux-x64-gnu set size:undefined disposed:false
2888 http fetch GET 200 https://registry.npmjs.org/@rollup%2frollup-linux-riscv64-gnu 469ms (cache miss)
2889 silly packumentCache full:https://registry.npmjs.org/@rollup%2frollup-linux-riscv64-gnu set size:undefined disposed:false
2890 http fetch GET 200 https://registry.npmjs.org/@rollup%2frollup-linux-ppc64-gnu 475ms (cache miss)
2891 silly packumentCache full:https://registry.npmjs.org/@rollup%2frollup-linux-ppc64-gnu set size:undefined disposed:false
2892 http fetch GET 200 https://registry.npmjs.org/@rollup%2frollup-linux-arm64-gnu 476ms (cache miss)
2893 silly packumentCache full:https://registry.npmjs.org/@rollup%2frollup-linux-arm64-gnu set size:undefined disposed:false
2894 http fetch GET 200 https://registry.npmjs.org/@rollup%2frollup-linux-x64-musl 481ms (cache miss)
2895 silly packumentCache full:https://registry.npmjs.org/@rollup%2frollup-linux-x64-musl set size:undefined disposed:false
2896 http fetch GET 200 https://registry.npmjs.org/@rollup%2frollup-android-arm-eabi 484ms (cache miss)
2897 silly packumentCache full:https://registry.npmjs.org/@rollup%2frollup-android-arm-eabi set size:undefined disposed:false
2898 http fetch GET 200 https://registry.npmjs.org/@rollup%2frollup-win32-x64-msvc 489ms (cache miss)
2899 silly packumentCache full:https://registry.npmjs.org/@rollup%2frollup-win32-x64-msvc set size:undefined disposed:false
2900 http fetch GET 200 https://registry.npmjs.org/@rollup%2frollup-linux-arm64-musl 529ms (cache miss)
2901 silly packumentCache full:https://registry.npmjs.org/@rollup%2frollup-linux-arm64-musl set size:undefined disposed:false
2902 http fetch GET 200 https://registry.npmjs.org/@rollup%2frollup-win32-ia32-msvc 536ms (cache miss)
2903 silly packumentCache full:https://registry.npmjs.org/@rollup%2frollup-win32-ia32-msvc set size:undefined disposed:false
2904 http fetch GET 200 https://registry.npmjs.org/@rollup%2frollup-win32-arm64-msvc 541ms (cache miss)
2905 silly packumentCache full:https://registry.npmjs.org/@rollup%2frollup-win32-arm64-msvc set size:undefined disposed:false
2906 http fetch GET 200 https://registry.npmjs.org/@rollup%2frollup-linux-arm-musleabihf 275ms (cache miss)
2907 silly packumentCache full:https://registry.npmjs.org/@rollup%2frollup-linux-arm-musleabihf set size:undefined disposed:false
2908 http fetch GET 200 https://registry.npmjs.org/@rollup%2frollup-linux-arm-gnueabihf 358ms (cache miss)
2909 silly packumentCache full:https://registry.npmjs.org/@rollup%2frollup-linux-arm-gnueabihf set size:undefined disposed:false
2910 silly placeDep ROOT @esbuild/aix-ppc64@0.21.5 OK for: esbuild@0.21.5 want: 0.21.5
2911 silly placeDep ROOT @esbuild/android-arm@0.21.5 OK for: esbuild@0.21.5 want: 0.21.5
2912 silly placeDep ROOT @esbuild/android-arm64@0.21.5 OK for: esbuild@0.21.5 want: 0.21.5
2913 silly placeDep ROOT @esbuild/android-x64@0.21.5 OK for: esbuild@0.21.5 want: 0.21.5
2914 silly placeDep ROOT @esbuild/darwin-arm64@0.21.5 OK for: esbuild@0.21.5 want: 0.21.5
2915 silly placeDep ROOT @esbuild/darwin-x64@0.21.5 OK for: esbuild@0.21.5 want: 0.21.5
2916 silly placeDep ROOT @esbuild/freebsd-arm64@0.21.5 OK for: esbuild@0.21.5 want: 0.21.5
2917 silly placeDep ROOT @esbuild/freebsd-x64@0.21.5 OK for: esbuild@0.21.5 want: 0.21.5
2918 silly placeDep ROOT @esbuild/linux-arm@0.21.5 OK for: esbuild@0.21.5 want: 0.21.5
2919 silly placeDep ROOT @esbuild/linux-arm64@0.21.5 OK for: esbuild@0.21.5 want: 0.21.5
2920 silly placeDep ROOT @esbuild/linux-ia32@0.21.5 OK for: esbuild@0.21.5 want: 0.21.5
2921 silly placeDep ROOT @esbuild/linux-loong64@0.21.5 OK for: esbuild@0.21.5 want: 0.21.5
2922 silly placeDep ROOT @esbuild/linux-mips64el@0.21.5 OK for: esbuild@0.21.5 want: 0.21.5
2923 silly placeDep ROOT @esbuild/linux-ppc64@0.21.5 OK for: esbuild@0.21.5 want: 0.21.5
2924 silly placeDep ROOT @esbuild/linux-riscv64@0.21.5 OK for: esbuild@0.21.5 want: 0.21.5
2925 silly placeDep ROOT @esbuild/linux-s390x@0.21.5 OK for: esbuild@0.21.5 want: 0.21.5
2926 silly placeDep ROOT @esbuild/linux-x64@0.21.5 OK for: esbuild@0.21.5 want: 0.21.5
2927 silly placeDep ROOT @esbuild/netbsd-x64@0.21.5 OK for: esbuild@0.21.5 want: 0.21.5
2928 silly placeDep ROOT @esbuild/openbsd-x64@0.21.5 OK for: esbuild@0.21.5 want: 0.21.5
2929 silly placeDep ROOT @esbuild/sunos-x64@0.21.5 OK for: esbuild@0.21.5 want: 0.21.5
2930 silly placeDep ROOT @esbuild/win32-arm64@0.21.5 OK for: esbuild@0.21.5 want: 0.21.5
2931 silly placeDep ROOT @esbuild/win32-ia32@0.21.5 OK for: esbuild@0.21.5 want: 0.21.5
2932 silly placeDep ROOT @esbuild/win32-x64@0.21.5 OK for: esbuild@0.21.5 want: 0.21.5
2933 silly placeDep ROOT @rollup/rollup-android-arm-eabi@4.62.3 OK for: rollup@4.62.3 want: 4.62.3
2934 silly placeDep ROOT @rollup/rollup-android-arm64@4.62.3 OK for: rollup@4.62.3 want: 4.62.3
2935 silly placeDep ROOT @rollup/rollup-darwin-arm64@4.62.3 OK for: rollup@4.62.3 want: 4.62.3
2936 silly placeDep ROOT @rollup/rollup-darwin-x64@4.62.3 OK for: rollup@4.62.3 want: 4.62.3
2937 silly placeDep ROOT @rollup/rollup-freebsd-arm64@4.62.3 OK for: rollup@4.62.3 want: 4.62.3
2938 silly placeDep ROOT @rollup/rollup-freebsd-x64@4.62.3 OK for: rollup@4.62.3 want: 4.62.3
2939 silly placeDep ROOT @rollup/rollup-linux-arm-gnueabihf@4.62.3 OK for: rollup@4.62.3 want: 4.62.3
2940 silly placeDep ROOT @rollup/rollup-linux-arm-musleabihf@4.62.3 OK for: rollup@4.62.3 want: 4.62.3
2941 silly placeDep ROOT @rollup/rollup-linux-arm64-gnu@4.62.3 OK for: rollup@4.62.3 want: 4.62.3
2942 silly placeDep ROOT @rollup/rollup-linux-arm64-musl@4.62.3 OK for: rollup@4.62.3 want: 4.62.3
2943 silly placeDep ROOT @rollup/rollup-linux-loong64-gnu@4.62.3 OK for: rollup@4.62.3 want: 4.62.3
2944 silly placeDep ROOT @rollup/rollup-linux-loong64-musl@4.62.3 OK for: rollup@4.62.3 want: 4.62.3
2945 silly placeDep ROOT @rollup/rollup-linux-ppc64-gnu@4.62.3 OK for: rollup@4.62.3 want: 4.62.3
2946 silly placeDep ROOT @rollup/rollup-linux-ppc64-musl@4.62.3 OK for: rollup@4.62.3 want: 4.62.3
2947 silly placeDep ROOT @rollup/rollup-linux-riscv64-gnu@4.62.3 OK for: rollup@4.62.3 want: 4.62.3
2948 silly placeDep ROOT @rollup/rollup-linux-riscv64-musl@4.62.3 OK for: rollup@4.62.3 want: 4.62.3
2949 silly placeDep ROOT @rollup/rollup-linux-s390x-gnu@4.62.3 OK for: rollup@4.62.3 want: 4.62.3
2950 silly placeDep ROOT @rollup/rollup-linux-x64-gnu@4.62.3 OK for: rollup@4.62.3 want: 4.62.3
2951 silly placeDep ROOT @rollup/rollup-linux-x64-musl@4.62.3 OK for: rollup@4.62.3 want: 4.62.3
2952 silly placeDep ROOT @rollup/rollup-openbsd-x64@4.62.3 OK for: rollup@4.62.3 want: 4.62.3
2953 silly placeDep ROOT @rollup/rollup-openharmony-arm64@4.62.3 OK for: rollup@4.62.3 want: 4.62.3
2954 silly placeDep ROOT @rollup/rollup-win32-arm64-msvc@4.62.3 OK for: rollup@4.62.3 want: 4.62.3
2955 silly placeDep ROOT @rollup/rollup-win32-ia32-msvc@4.62.3 OK for: rollup@4.62.3 want: 4.62.3
2956 silly placeDep ROOT @rollup/rollup-win32-x64-gnu@4.62.3 OK for: rollup@4.62.3 want: 4.62.3
2957 silly placeDep ROOT @rollup/rollup-win32-x64-msvc@4.62.3 OK for: rollup@4.62.3 want: 4.62.3
2958 silly placeDep ROOT @types/estree@1.0.9 OK for: rollup@4.62.3 want: 1.0.9
2959 silly placeDep ROOT isexe@2.0.0 OK for: which@2.0.2 want: ^2.0.0
2960 silly reify moves {}
2961 silly audit bulk request {
2961 silly audit   '@biomejs/biome': [ '1.9.4' ],
2961 silly audit   '@radix-ui/react-accordion': [ '1.2.20' ],
2961 silly audit   react: [ '19.1.9' ],
2961 silly audit   'react-dom': [ '19.1.9' ],
2961 silly audit   '@radix-ui/react-alert-dialog': [ '1.1.23' ],
2961 silly audit   '@radix-ui/react-aspect-ratio': [ '1.1.15' ],
2961 silly audit   '@radix-ui/react-avatar': [ '1.2.6' ],
2961 silly audit   '@radix-ui/react-checkbox': [ '1.3.11' ],
2961 silly audit   '@radix-ui/react-collapsible': [ '1.1.20' ],
2961 silly audit   '@radix-ui/react-context-menu': [ '2.3.7' ],
2961 silly audit   '@radix-ui/react-dialog': [ '1.1.23' ],
2961 silly audit   '@radix-ui/react-dropdown-menu': [ '2.1.24' ],
2961 silly audit   '@radix-ui/react-hover-card': [ '1.1.23' ],
2961 silly audit   '@radix-ui/react-label': [ '2.1.15' ],
2961 silly audit   '@radix-ui/react-menubar': [ '1.1.24' ],
2961 silly audit   '@radix-ui/react-navigation-menu': [ '1.2.22' ],
2961 silly audit   '@radix-ui/react-popover': [ '1.1.23' ],
2961 silly audit   '@radix-ui/react-progress': [ '1.1.16' ],
2961 silly audit   '@radix-ui/react-radio-group': [ '1.4.7' ],
2961 silly audit   '@radix-ui/react-scroll-area': [ '1.2.18' ],
2961 silly audit   '@radix-ui/react-select': [ '2.3.7' ],
2961 silly audit   '@radix-ui/react-separator': [ '1.1.15' ],
2961 silly audit   '@radix-ui/react-slider': [ '1.4.7' ],
2961 silly audit   '@radix-ui/react-slot': [ '1.3.3' ],
2961 silly audit   '@radix-ui/react-switch': [ '1.3.7' ],
2961 silly audit   '@radix-ui/react-tabs': [ '1.1.21' ],
2961 silly audit   '@radix-ui/react-toggle': [ '1.1.18' ],
2961 silly audit   '@radix-ui/react-toggle-group': [ '1.1.19' ],
2961 silly audit   '@radix-ui/react-tooltip': [ '1.2.16' ],
2961 silly audit   '@react-three/cannon': [ '6.6.0' ],
2961 silly audit   three: [ '0.176.0', '0.170.0' ],
2961 silly audit   '@react-three/fiber': [ '9.1.4' ],
2961 silly audit   '@react-three/drei': [ '10.0.8' ],
2961 silly audit   '@tailwindcss/container-queries': [ '0.1.1' ],
2961 silly audit   tailwindcss: [ '3.4.19' ],
2961 silly audit   '@tailwindcss/typography': [ '0.5.10' ],
2961 silly audit   '@tanstack/react-query': [ '5.101.4' ],
2961 silly audit   '@tanstack/react-router': [ '1.131.50' ],
2961 silly audit   '@types/node': [ '20.19.43' ],
2961 silly audit   '@types/react': [ '19.1.17' ],
2961 silly audit   '@types/react-dom': [ '19.1.11' ],
2961 silly audit   '@types/three': [ '0.176.0' ],
2961 silly audit   '@vitejs/plugin-react': [ '4.7.0' ],
2961 silly audit   vite: [ '5.4.21' ],
2961 silly audit   autoprefixer: [ '10.5.4' ],
2961 silly audit   postcss: [ '8.5.23' ],
2961 silly audit   'class-variance-authority': [ '0.7.1' ],
2961 silly audit   clsx: [ '2.1.1' ],
2961 silly audit   cmdk: [ '1.1.1' ],
2961 silly audit   'date-fns': [ '3.6.0', '4.4.0' ],
2961 silly audit   dotenv: [ '16.6.1' ],
2961 silly audit   'dotenv-cli': [ '8.0.0' ],
2961 silly audit   'embla-carousel-react': [ '8.6.0' ],
2961 silly audit   html2canvas: [ '1.4.1' ],
2961 silly audit   'input-otp': [ '1.4.2' ],
2961 silly audit   'lucide-react': [ '0.511.0' ],
2961 silly audit   motion: [ '12.42.2' ],
2961 silly audit   'next-themes': [ '0.4.6' ],
2961 silly audit   'react-day-picker': [ '9.14.0' ],
2961 silly audit   'react-hook-form': [ '7.83.0' ],
2961 silly audit   'react-icons': [ '5.7.0' ],
2961 silly audit   'react-quill-new': [ '3.4.6' ],
2961 silly audit   'quill-delta': [ '5.1.0' ],
2961 silly audit   'react-resizable-panels': [ '2.1.9' ],
2961 silly audit   'react-use': [ '17.6.1' ],
2961 silly audit   recharts: [ '2.15.4' ],
2961 silly audit   sonner: [ '1.7.4' ],
2961 silly audit   'tailwind-merge': [ '2.6.1' ],
2961 silly audit   'tailwindcss-animate': [ '1.0.7' ],
2961 silly audit   typescript: [ '5.9.3' ],
2961 silly audit   vaul: [ '1.1.2' ],
2961 silly audit   'vite-plugin-environment': [ '1.1.3' ],
2961 silly audit   zustand: [ '5.0.14', '4.5.7' ],
2961 silly audit   '@biomejs/cli-darwin-arm64': [ '1.9.4' ],
2961 silly audit   '@biomejs/cli-darwin-x64': [ '1.9.4' ],
2961 silly audit   '@biomejs/cli-linux-arm64': [ '1.9.4' ],
2961 silly audit   '@biomejs/cli-linux-arm64-musl': [ '1.9.4' ],
2961 silly audit   '@biomejs/cli-linux-x64': [ '1.9.4' ],
2961 silly audit   '@biomejs/cli-linux-x64-musl': [ '1.9.4' ],
2961 silly audit   '@biomejs/cli-win32-arm64': [ '1.9.4' ],
2961 silly audit   '@biomejs/cli-win32-x64': [ '1.9.4' ],
2961 silly audit   '@radix-ui/primitive': [ '1.1.7' ],
2961 silly audit   '@radix-ui/react-collection': [ '1.1.15' ],
2961 silly audit   '@radix-ui/react-compose-refs': [ '1.1.5' ],
2961 silly audit   '@radix-ui/react-context': [ '1.2.2' ],
2961 silly audit   '@radix-ui/react-direction': [ '1.1.4' ],
2961 silly audit   '@radix-ui/react-id': [ '1.1.4' ],
2961 silly audit   '@radix-ui/react-primitive': [ '2.1.10' ],
2961 silly audit   '@radix-ui/react-use-controllable-state': [ '1.2.6' ],
2961 silly audit   '@radix-ui/react-use-callback-ref': [ '1.1.4' ],
2961 silly audit   '@radix-ui/react-use-is-hydrated': [ '0.1.3' ],
2961 silly audit   '@radix-ui/react-use-layout-effect': [ '1.1.4' ],
2961 silly audit   '@radix-ui/react-presence': [ '1.1.10' ],
2961 silly audit   '@radix-ui/react-use-size': [ '1.1.4' ],
2961 silly audit   '@radix-ui/react-menu': [ '2.1.24' ],
2961 silly audit   '@radix-ui/react-dismissable-layer': [ '1.1.19' ],
2961 silly audit   '@radix-ui/react-focus-guards': [ '1.1.6' ],
2961 silly audit   '@radix-ui/react-focus-scope': [ '1.1.16' ],
2961 silly audit   '@radix-ui/react-portal': [ '1.1.17' ],
2961 silly audit   'aria-hidden': [ '1.2.6' ],
2961 silly audit   'react-remove-scroll': [ '2.7.2' ],
2961 silly audit   '@radix-ui/react-use-effect-event': [ '0.0.5' ],
2961 silly audit   '@radix-ui/react-popper': [ '1.3.7' ],
2961 silly audit   '@radix-ui/react-roving-focus': [ '1.1.19' ],
2961 silly audit   '@radix-ui/react-use-previous': [ '1.1.4' ],
2961 silly audit   '@radix-ui/react-visually-hidden': [ '1.2.11' ],
2961 silly audit   '@floating-ui/react-dom': [ '2.1.9' ],
2961 silly audit   '@radix-ui/react-arrow': [ '1.1.15' ],
2961 silly audit   '@radix-ui/react-use-rect': [ '1.1.4' ],
2961 silly audit   '@radix-ui/rect': [ '1.1.3' ],
2961 silly audit   '@floating-ui/dom': [ '1.8.0' ],
2961 silly audit   '@floating-ui/core': [ '1.8.0' ],
2961 silly audit   '@floating-ui/utils': [ '0.2.12' ],
2961 silly audit   '@radix-ui/number': [ '1.1.3' ],
2961 silly audit   '@pmndrs/cannon-worker-api': [ '2.4.0' ],
2961 silly audit   'cannon-es': [ '0.20.0' ],
2961 silly audit   'cannon-es-debugger': [ '1.0.0' ],
2961 silly audit   '@babel/runtime': [ '7.29.7' ],
2961 silly audit   '@mediapipe/tasks-vision': [ '0.10.17' ],
2961 silly audit   '@monogrid/gainmap-js': [ '3.4.0' ],
2961 silly audit   '@use-gesture/react': [ '10.3.1' ],
2961 silly audit   'camera-controls': [ '2.10.1' ],
2961 silly audit   'cross-env': [ '7.0.3' ],
2961 silly audit   'detect-gpu': [ '5.0.70' ],
2961 silly audit   'glsl-noise': [ '0.0.0' ],
2961 silly audit   'hls.js': [ '1.6.16' ],
2961 silly audit   maath: [ '0.10.8' ],
2961 silly audit   meshline: [ '3.3.1' ],
2961 silly audit   'stats-gl': [ '2.4.2' ],
2961 silly audit   'stats.js': [ '0.17.0' ],
2961 silly audit   'suspend-react': [ '0.1.3' ],
2961 silly audit   'three-mesh-bvh': [ '0.8.3' ],
2961 silly audit   'three-stdlib': [ '2.36.1' ],
2961 silly audit   'troika-three-text': [ '0.52.5' ],
2961 silly audit   'tunnel-rat': [ '0.1.2' ],
2961 silly audit   'use-sync-external-store': [ '1.6.0' ],
2961 silly audit   'utility-types': [ '3.11.0' ],
2961 silly audit   'promise-worker-transferable': [ '1.0.4' ],
2961 silly audit   '@types/react-reconciler': [ '0.28.9' ],
2961 silly audit   '@types/webxr': [ '0.5.24' ],
2961 silly audit   'base64-js': [ '1.5.1' ],
2961 silly audit   buffer: [ '6.0.3' ],
2961 silly audit   'its-fine': [ '2.0.0' ],
2961 silly audit   'react-reconciler': [ '0.31.0' ],
2961 silly audit   'react-use-measure': [ '2.1.7' ],
2961 silly audit   scheduler: [ '0.25.0', '0.26.0' ],
2961 silly audit   'lodash.castarray': [ '4.4.0' ],
2961 silly audit   'lodash.isplainobject': [ '4.0.6' ],
2961 silly audit   'lodash.merge': [ '4.6.2' ],
2961 silly audit   'postcss-selector-parser': [ '6.0.10', '6.1.4' ],
2961 silly audit   '@tanstack/query-core': [ '5.101.4' ],
2961 silly audit   '@tanstack/history': [ '1.131.2' ],
2961 silly audit   '@tanstack/react-store': [ '0.7.7' ],
2961 silly audit   '@tanstack/router-core': [ '1.131.50' ],
2961 silly audit   isbot: [ '5.2.1' ],
2961 silly audit   'tiny-invariant': [ '1.3.3' ],
2961 silly audit   'tiny-warning': [ '1.0.3' ],
2961 silly audit   '@tanstack/store': [ '0.7.7' ],
2961 silly audit   'cookie-es': [ '1.2.3' ],
2961 silly audit   seroval: [ '1.5.6' ],
2961 silly audit   'seroval-plugins': [ '1.5.6' ],
2961 silly audit   'undici-types': [ '6.21.0' ],
2961 silly audit   csstype: [ '3.2.3' ],
2961 silly audit   '@dimforge/rapier3d-compat': [ '0.12.0' ],
2961 silly audit   '@tweenjs/tween.js': [ '23.1.3' ],
2961 silly audit   '@types/stats.js': [ '0.17.4' ],
2961 silly audit   '@webgpu/types': [ '0.1.71' ],
2961 silly audit   fflate: [ '0.8.3', '0.6.11' ],
2961 silly audit   meshoptimizer: [ '0.18.1' ],
2961 silly audit   '@use-gesture/core': [ '10.3.1' ],
2961 silly audit   '@babel/core': [ '7.29.7' ],
2961 silly audit   '@babel/plugin-transform-react-jsx-self': [ '7.29.7' ],
2961 silly audit   '@babel/plugin-transform-react-jsx-source': [ '7.29.7' ],
2961 silly audit   '@rolldown/pluginutils': [ '1.0.0-beta.27' ],
2961 silly audit   '@types/babel__core': [ '7.20.5' ],
2961 silly audit   'react-refresh': [ '0.17.0' ],
2961 silly audit   '@babel/code-frame': [ '7.29.7' ],
2961 silly audit   '@babel/generator': [ '7.29.7' ],
2961 silly audit   '@babel/helper-compilation-targets': [ '7.29.7' ],
2961 silly audit   '@babel/helper-module-transforms': [ '7.29.7' ],
2961 silly audit   '@babel/helpers': [ '7.29.7' ],
2961 silly audit   '@babel/parser': [ '7.29.7' ],
2961 silly audit   '@babel/template': [ '7.29.7' ],
2961 silly audit   '@babel/traverse': [ '7.29.7' ],
2961 silly audit   '@babel/types': [ '7.29.7' ],
2961 silly audit   '@jridgewell/remapping': [ '2.3.5' ],
2961 silly audit   'convert-source-map': [ '2.0.0' ],
2961 silly audit   debug: [ '4.4.3' ],
2961 silly audit   gensync: [ '1.0.0-beta.2' ],
2961 silly audit   json5: [ '2.2.3' ],
2961 silly audit   semver: [ '6.3.1' ],
2961 silly audit   '@babel/helper-validator-identifier': [ '7.29.7' ],
2961 silly audit   'js-tokens': [ '4.0.0' ],
2961 silly audit   picocolors: [ '1.1.1' ],
2961 silly audit   '@jridgewell/gen-mapping': [ '0.3.13' ],
2961 silly audit   '@jridgewell/trace-mapping': [ '0.3.31' ],
2961 silly audit   jsesc: [ '3.1.0' ],
2961 silly audit   '@babel/compat-data': [ '7.29.7' ],
2961 silly audit   '@babel/helper-validator-option': [ '7.29.7' ],
2961 silly audit   browserslist: [ '4.28.7' ],
2961 silly audit   'lru-cache': [ '5.1.1' ],
2961 silly audit   '@babel/helper-module-imports': [ '7.29.7' ],
2961 silly audit   '@babel/helper-plugin-utils': [ '7.29.7' ],
2961 silly audit   '@babel/helper-globals': [ '7.29.7' ],
2961 silly audit   '@babel/helper-string-parser': [ '7.29.7' ],
2961 silly audit   '@jridgewell/sourcemap-codec': [ '1.5.5' ],
2961 silly audit   '@jridgewell/resolve-uri': [ '3.1.2' ],
2961 silly audit   '@types/babel__generator': [ '7.27.0' ],
2961 silly audit   '@types/babel__template': [ '7.4.4' ],
2961 silly audit   '@types/babel__traverse': [ '7.28.0' ],
2961 silly audit   tslib: [ '2.8.1' ],
2961 silly audit   'caniuse-lite': [ '1.0.30001806' ],
2961 silly audit   'fraction.js': [ '5.3.4' ],
2961 silly audit   'postcss-value-parser': [ '4.2.0' ],
2961 silly audit   'baseline-browser-mapping': [ '2.11.4' ],
2961 silly audit   'electron-to-chromium': [ '1.5.396' ],
2961 silly audit   'node-releases': [ '2.0.51' ],
2961 silly audit   'update-browserslist-db': [ '1.2.3' ],
2961 silly audit   ieee754: [ '1.2.1' ],
2961 silly audit   'cross-spawn': [ '7.0.6' ],
2961 silly audit   'path-key': [ '3.1.1' ],
2961 silly audit   'shebang-command': [ '2.0.0' ],
2961 silly audit   which: [ '2.0.2' ],
2961 silly audit   ms: [ '2.1.3' ],
2961 silly audit   'webgl-constants': [ '1.1.1' ],
2961 silly audit   'dotenv-expand': [ '10.0.0' ],
2961 silly audit   minimist: [ '1.2.8' ],
2961 silly audit   'embla-carousel': [ '8.6.0' ],
2961 silly audit   'embla-carousel-reactive-utils': [ '8.6.0' ],
2961 silly audit   'css-line-break': [ '2.1.0' ],
2961 silly audit   'text-segmentation': [ '1.0.3' ],
2961 silly audit   utrie: [ '1.0.2' ],
2961 silly audit   yallist: [ '3.1.1' ],
2961 silly audit   'framer-motion': [ '12.42.2' ],
2961 silly audit   'motion-dom': [ '12.42.2' ],
2961 silly audit   'motion-utils': [ '12.39.0' ],
2961 silly audit   nanoid: [ '3.3.16' ],
2961 silly audit   'source-map-js': [ '1.2.1' ],
2961 silly audit   cssesc: [ '3.0.0' ],
2961 silly audit   'util-deprecate': [ '1.0.2' ],
2961 silly audit   'is-promise': [ '2.2.2' ],
2961 silly audit   lie: [ '3.3.0' ],
2961 silly audit   immediate: [ '3.0.6' ],
2961 silly audit   'fast-diff': [ '1.3.0' ],
2961 silly audit   'lodash.clonedeep': [ '4.5.0' ],
2961 silly audit   'lodash.isequal': [ '4.5.0' ],
2961 silly audit   '@date-fns/tz': [ '1.5.0' ],
2961 silly audit   '@tabby_ai/hijri-converter': [ '1.0.5' ],
2961 silly audit   'date-fns-jalali': [ '4.1.0-0' ],
2961 silly audit   'lodash-es': [ '4.18.1' ],
2961 silly audit   quill: [ '2.0.3' ],
2961 silly audit   eventemitter3: [ '5.0.4', '4.0.7' ],
2961 silly audit   parchment: [ '3.0.0' ],
2961 silly audit   'react-remove-scroll-bar': [ '2.3.8' ],
2961 silly audit   'react-style-singleton': [ '2.2.3' ],
2961 silly audit   'use-callback-ref': [ '1.3.3' ],
2961 silly audit   'use-sidecar': [ '1.1.3' ],
2961 silly audit   'get-nonce': [ '1.0.1' ],
2961 silly audit   '@types/js-cookie': [ '3.0.6' ],
2961 silly audit   '@xobotyi/scrollbar-width': [ '1.9.5' ],
2961 silly audit   'copy-to-clipboard': [ '3.3.3' ],
2961 silly audit   'fast-deep-equal': [ '3.1.3' ],
2961 silly audit   'fast-shallow-equal': [ '1.0.0' ],
2961 silly audit   'js-cookie': [ '3.0.8' ],
2961 silly audit   'nano-css': [ '5.6.2' ],
2961 silly audit   'react-universal-interface': [ '0.6.2' ],
2961 silly audit   'resize-observer-polyfill': [ '1.5.1' ],
2961 silly audit   screenfull: [ '5.2.0' ],
2961 silly audit   'set-harmonic-interval': [ '1.0.1' ],
2961 silly audit   'throttle-debounce': [ '3.0.1' ],
2961 silly audit   'ts-easing': [ '0.2.0' ],
2961 silly audit   'toggle-selection': [ '1.0.6' ],
2961 silly audit   'css-tree': [ '1.1.3' ],
2961 silly audit   'fastest-stable-stringify': [ '2.0.2' ],
2961 silly audit   'inline-style-prefixer': [ '7.0.1' ],
2961 silly audit   'rtl-css-js': [ '1.16.1' ],
2961 silly audit   'stacktrace-js': [ '2.0.2' ],
2961 silly audit   stylis: [ '4.4.0' ],
2961 silly audit   'mdn-data': [ '2.0.14' ],
2961 silly audit   'source-map': [ '0.6.1', '0.5.6' ],
2961 silly audit   'css-in-js-utils': [ '3.1.0' ],
2961 silly audit   'hyphenate-style-name': [ '1.1.0' ],
2961 silly audit   lodash: [ '4.18.1' ],
2961 silly audit   'react-is': [ '18.3.1', '16.13.1' ],
2961 silly audit   'react-smooth': [ '4.0.4' ],
2961 silly audit   'recharts-scale': [ '0.4.5' ],
2961 silly audit   'victory-vendor': [ '36.9.2' ],
2961 silly audit   'fast-equals': [ '5.4.1' ],
2961 silly audit   'prop-types': [ '15.8.1' ],
2961 silly audit   'react-transition-group': [ '4.4.5' ],
2961 silly audit   'loose-envify': [ '1.4.0' ],
2961 silly audit   'object-assign': [ '4.1.1' ],
2961 silly audit   'dom-helpers': [ '5.2.1' ],
2961 silly audit   'decimal.js-light': [ '2.5.1' ],
2961 silly audit   'shebang-regex': [ '3.0.0' ],
2961 silly audit   'error-stack-parser': [ '2.1.4' ],
2961 silly audit   'stack-generator': [ '2.0.10' ],
2961 silly audit   'stacktrace-gps': [ '3.1.2' ],
2961 silly audit   stackframe: [ '1.3.4' ],
2961 silly audit   '@alloc/quick-lru': [ '5.2.0' ],
2961 silly audit   arg: [ '5.0.2' ],
2961 silly audit   chokidar: [ '3.6.0' ],
2961 silly audit   didyoumean: [ '1.2.2' ],
2961 silly audit   dlv: [ '1.1.3' ],
2961 silly audit   'fast-glob': [ '3.3.3' ],
2961 silly audit   'glob-parent': [ '6.0.2', '5.1.2' ],
2961 silly audit   'is-glob': [ '4.0.3' ],
2961 silly audit   jiti: [ '1.21.7' ],
2961 silly audit   lilconfig: [ '3.1.3' ],
2961 silly audit   micromatch: [ '4.0.8' ],
2961 silly audit   'normalize-path': [ '3.0.0' ],
2961 silly audit   'object-hash': [ '3.0.0' ],
2961 silly audit   'postcss-import': [ '15.1.0' ],
2961 silly audit   'postcss-js': [ '4.1.0' ],
2961 silly audit   'postcss-load-config': [ '6.0.1' ],
2961 silly audit   'postcss-nested': [ '6.2.0' ],
2961 silly audit   resolve: [ '1.22.12' ],
2961 silly audit   sucrase: [ '3.35.1' ],
2961 silly audit   anymatch: [ '3.1.3' ],
2961 silly audit   braces: [ '3.0.3' ],
2961 silly audit   fsevents: [ '2.3.3' ],
2961 silly audit   'is-binary-path': [ '2.1.0' ],
2961 silly audit   readdirp: [ '3.6.0' ],
2961 silly audit   picomatch: [ '2.3.2', '4.0.5' ],
2961 silly audit   'fill-range': [ '7.1.1' ],
2961 silly audit   '@nodelib/fs.stat': [ '2.0.5' ],
2961 silly audit   '@nodelib/fs.walk': [ '1.2.8' ],
2961 silly audit   merge2: [ '1.4.1' ],
2961 silly audit   '@nodelib/fs.scandir': [ '2.1.5' ],
2961 silly audit   fastq: [ '1.20.1' ],
2961 silly audit   'run-parallel': [ '1.2.0' ],
2961 silly audit   reusify: [ '1.1.0' ],
2961 silly audit   'to-regex-range': [ '5.0.1' ],
2961 silly audit   'binary-extensions': [ '2.3.0' ],
2961 silly audit   'is-extglob': [ '2.1.1' ],
2961 silly audit   'read-cache': [ '1.0.0' ],
2961 silly audit   'camelcase-css': [ '2.0.1' ],
2961 silly audit   pify: [ '2.3.0' ],
2961 silly audit   'es-errors': [ '1.3.0' ],
2961 silly audit   'is-core-module': [ '2.16.2' ],
2961 silly audit   'path-parse': [ '1.0.7' ],
2961 silly audit   'supports-preserve-symlinks-flag': [ '1.0.0' ],
2961 silly audit   hasown: [ '2.0.4' ],
2961 silly audit   'function-bind': [ '1.1.2' ],
2961 silly audit   'queue-microtask': [ '1.2.3' ],
2961 silly audit   commander: [ '4.1.1' ],
2961 silly audit   'lines-and-columns': [ '1.2.4' ],
2961 silly audit   mz: [ '2.7.0' ],
2961 silly audit   pirates: [ '4.0.7' ],
2961 silly audit   tinyglobby: [ '0.2.17' ],
2961 silly audit   'ts-interface-checker': [ '0.1.13' ],
2961 silly audit   'any-promise': [ '1.3.0' ],
2961 silly audit   'thenify-all': [ '1.6.0' ],
2961 silly audit   thenify: [ '3.3.1' ],
2961 silly audit   '@types/draco3d': [ '1.4.10' ],
2961 silly audit   '@types/offscreencanvas': [ '2019.7.3' ],
2961 silly audit   draco3d: [ '1.5.7' ],
2961 silly audit   potpack: [ '1.0.2' ],
2961 silly audit   fdir: [ '6.5.0' ],
2961 silly audit   'is-number': [ '7.0.0' ],
2961 silly audit   'bidi-js': [ '1.0.3' ],
2961 silly audit   'troika-three-utils': [ '0.52.5' ],
2961 silly audit   'troika-worker-utils': [ '0.52.0' ],
2961 silly audit   'webgl-sdf-generator': [ '1.1.1' ],
2961 silly audit   'require-from-string': [ '2.0.2' ],
2961 silly audit   escalade: [ '3.2.0' ],
2961 silly audit   'detect-node-es': [ '1.1.0' ],
2961 silly audit   'base64-arraybuffer': [ '1.0.2' ],
2961 silly audit   '@types/d3-array': [ '3.2.2' ],
2961 silly audit   '@types/d3-ease': [ '3.0.2' ],
2961 silly audit   '@types/d3-interpolate': [ '3.0.4' ],
2961 silly audit   '@types/d3-scale': [ '4.0.9' ],
2961 silly audit   '@types/d3-shape': [ '3.1.8' ],
2961 silly audit   '@types/d3-time': [ '3.0.4' ],
2961 silly audit   '@types/d3-timer': [ '3.0.2' ],
2961 silly audit   'd3-array': [ '3.2.4' ],
2961 silly audit   'd3-ease': [ '3.0.1' ],
2961 silly audit   'd3-interpolate': [ '3.0.1' ],
2961 silly audit   'd3-scale': [ '4.0.2' ],
2961 silly audit   'd3-shape': [ '3.2.0' ],
2961 silly audit   'd3-time': [ '3.1.0' ],
2961 silly audit   'd3-timer': [ '3.0.1' ],
2961 silly audit   '@types/d3-color': [ '3.1.3' ],
2961 silly audit   '@types/d3-path': [ '3.1.1' ],
2961 silly audit   internmap: [ '2.0.3' ],
2961 silly audit   'd3-color': [ '3.1.0' ],
2961 silly audit   'd3-format': [ '3.1.2' ],
2961 silly audit   'd3-time-format': [ '4.1.0' ],
2961 silly audit   'd3-path': [ '3.1.0' ],
2961 silly audit   esbuild: [ '0.21.5' ],
2961 silly audit   rollup: [ '4.62.3' ],
2961 silly audit   '@esbuild/aix-ppc64': [ '0.21.5' ],
2961 silly audit   '@esbuild/android-arm': [ '0.21.5' ],
2961 silly audit   '@esbuild/android-arm64': [ '0.21.5' ],
2961 silly audit   '@esbuild/android-x64': [ '0.21.5' ],
2961 silly audit   '@esbuild/darwin-arm64': [ '0.21.5' ],
2961 silly audit   '@esbuild/darwin-x64': [ '0.21.5' ],
2961 silly audit   '@esbuild/freebsd-arm64': [ '0.21.5' ],
2961 silly audit   '@esbuild/freebsd-x64': [ '0.21.5' ],
2961 silly audit   '@esbuild/linux-arm': [ '0.21.5' ],
2961 silly audit   '@esbuild/linux-arm64': [ '0.21.5' ],
2961 silly audit   '@esbuild/linux-ia32': [ '0.21.5' ],
2961 silly audit   '@esbuild/linux-loong64': [ '0.21.5' ],
2961 silly audit   '@esbuild/linux-mips64el': [ '0.21.5' ],
2961 silly audit   '@esbuild/linux-ppc64': [ '0.21.5' ],
2961 silly audit   '@esbuild/linux-riscv64': [ '0.21.5' ],
2961 silly audit   '@esbuild/linux-s390x': [ '0.21.5' ],
2961 silly audit   '@esbuild/linux-x64': [ '0.21.5' ],
2961 silly audit   '@esbuild/netbsd-x64': [ '0.21.5' ],
2961 silly audit   '@esbuild/openbsd-x64': [ '0.21.5' ],
2961 silly audit   '@esbuild/sunos-x64': [ '0.21.5' ],
2961 silly audit   '@esbuild/win32-arm64': [ '0.21.5' ],
2961 silly audit   '@esbuild/win32-ia32': [ '0.21.5' ],
2961 silly audit   '@esbuild/win32-x64': [ '0.21.5' ],
2961 silly audit   '@rollup/rollup-android-arm-eabi': [ '4.62.3' ],
2961 silly audit   '@rollup/rollup-android-arm64': [ '4.62.3' ],
2961 silly audit   '@rollup/rollup-darwin-arm64': [ '4.62.3' ],
2961 silly audit   '@rollup/rollup-darwin-x64': [ '4.62.3' ],
2961 silly audit   '@rollup/rollup-freebsd-arm64': [ '4.62.3' ],
2961 silly audit   '@rollup/rollup-freebsd-x64': [ '4.62.3' ],
2961 silly audit   '@rollup/rollup-linux-arm-gnueabihf': [ '4.62.3' ],
2961 silly audit   '@rollup/rollup-linux-arm-musleabihf': [ '4.62.3' ],
2961 silly audit   '@rollup/rollup-linux-arm64-gnu': [ '4.62.3' ],
2961 silly audit   '@rollup/rollup-linux-arm64-musl': [ '4.62.3' ],
2961 silly audit   '@rollup/rollup-linux-loong64-gnu': [ '4.62.3' ],
2961 silly audit   '@rollup/rollup-linux-loong64-musl': [ '4.62.3' ],
2961 silly audit   '@rollup/rollup-linux-ppc64-gnu': [ '4.62.3' ],
2961 silly audit   '@rollup/rollup-linux-ppc64-musl': [ '4.62.3' ],
2961 silly audit   '@rollup/rollup-linux-riscv64-gnu': [ '4.62.3' ],
2961 silly audit   '@rollup/rollup-linux-riscv64-musl': [ '4.62.3' ],
2961 silly audit   '@rollup/rollup-linux-s390x-gnu': [ '4.62.3' ],
2961 silly audit   '@rollup/rollup-linux-x64-gnu': [ '4.62.3' ],
2961 silly audit   '@rollup/rollup-linux-x64-musl': [ '4.62.3' ],
2961 silly audit   '@rollup/rollup-openbsd-x64': [ '4.62.3' ],
2961 silly audit   '@rollup/rollup-openharmony-arm64': [ '4.62.3' ],
2961 silly audit   '@rollup/rollup-win32-arm64-msvc': [ '4.62.3' ],
2961 silly audit   '@rollup/rollup-win32-ia32-msvc': [ '4.62.3' ],
2961 silly audit   '@rollup/rollup-win32-x64-gnu': [ '4.62.3' ],
2961 silly audit   '@rollup/rollup-win32-x64-msvc': [ '4.62.3' ],
2961 silly audit   '@types/estree': [ '1.0.9' ],
2961 silly audit   isexe: [ '2.0.0' ]
2961 silly audit }
2962 verbose reify failed optional dependency /home/drarmank/source_build/dr.armankabir-main/src/frontend/node_modules/@rollup/rollup-win32-x64-msvc
2963 silly reify mark deleted [
2963 silly reify   '/home/drarmank/source_build/dr.armankabir-main/src/frontend/node_modules/@rollup/rollup-win32-x64-msvc'
2963 silly reify ]
2964 verbose reify failed optional dependency /home/drarmank/source_build/dr.armankabir-main/src/frontend/node_modules/@rollup/rollup-win32-x64-gnu
2965 silly reify mark deleted [
2965 silly reify   '/home/drarmank/source_build/dr.armankabir-main/src/frontend/node_modules/@rollup/rollup-win32-x64-gnu'
2965 silly reify ]
2966 verbose reify failed optional dependency /home/drarmank/source_build/dr.armankabir-main/src/frontend/node_modules/@rollup/rollup-win32-ia32-msvc
2967 silly reify mark deleted [
2967 silly reify   '/home/drarmank/source_build/dr.armankabir-main/src/frontend/node_modules/@rollup/rollup-win32-ia32-msvc'
2967 silly reify ]
2968 verbose reify failed optional dependency /home/drarmank/source_build/dr.armankabir-main/src/frontend/node_modules/@rollup/rollup-win32-arm64-msvc
2969 silly reify mark deleted [
2969 silly reify   '/home/drarmank/source_build/dr.armankabir-main/src/frontend/node_modules/@rollup/rollup-win32-arm64-msvc'
2969 silly reify ]
2970 verbose reify failed optional dependency /home/drarmank/source_build/dr.armankabir-main/src/frontend/node_modules/@rollup/rollup-openharmony-arm64
2971 silly reify mark deleted [
2971 silly reify   '/home/drarmank/source_build/dr.armankabir-main/src/frontend/node_modules/@rollup/rollup-openharmony-arm64'
2971 silly reify ]
2972 verbose reify failed optional dependency /home/drarmank/source_build/dr.armankabir-main/src/frontend/node_modules/@rollup/rollup-openbsd-x64
2973 silly reify mark deleted [
2973 silly reify   '/home/drarmank/source_build/dr.armankabir-main/src/frontend/node_modules/@rollup/rollup-openbsd-x64'
2973 silly reify ]
2974 verbose reify failed optional dependency /home/drarmank/source_build/dr.armankabir-main/src/frontend/node_modules/@rollup/rollup-linux-x64-musl
2975 silly reify mark deleted [
2975 silly reify   '/home/drarmank/source_build/dr.armankabir-main/src/frontend/node_modules/@rollup/rollup-linux-x64-musl'
2975 silly reify ]
2976 verbose reify failed optional dependency /home/drarmank/source_build/dr.armankabir-main/src/frontend/node_modules/@rollup/rollup-linux-s390x-gnu
2977 silly reify mark deleted [
2977 silly reify   '/home/drarmank/source_build/dr.armankabir-main/src/frontend/node_modules/@rollup/rollup-linux-s390x-gnu'
2977 silly reify ]
2978 verbose reify failed optional dependency /home/drarmank/source_build/dr.armankabir-main/src/frontend/node_modules/@rollup/rollup-linux-riscv64-musl
2979 silly reify mark deleted [
2979 silly reify   '/home/drarmank/source_build/dr.armankabir-main/src/frontend/node_modules/@rollup/rollup-linux-riscv64-musl'
2979 silly reify ]
2980 verbose reify failed optional dependency /home/drarmank/source_build/dr.armankabir-main/src/frontend/node_modules/@rollup/rollup-linux-riscv64-gnu
2981 silly reify mark deleted [
2981 silly reify   '/home/drarmank/source_build/dr.armankabir-main/src/frontend/node_modules/@rollup/rollup-linux-riscv64-gnu'
2981 silly reify ]
2982 verbose reify failed optional dependency /home/drarmank/source_build/dr.armankabir-main/src/frontend/node_modules/@rollup/rollup-linux-ppc64-musl
2983 silly reify mark deleted [
2983 silly reify   '/home/drarmank/source_build/dr.armankabir-main/src/frontend/node_modules/@rollup/rollup-linux-ppc64-musl'
2983 silly reify ]
2984 verbose reify failed optional dependency /home/drarmank/source_build/dr.armankabir-main/src/frontend/node_modules/@rollup/rollup-linux-ppc64-gnu
2985 silly reify mark deleted [
2985 silly reify   '/home/drarmank/source_build/dr.armankabir-main/src/frontend/node_modules/@rollup/rollup-linux-ppc64-gnu'
2985 silly reify ]
2986 verbose reify failed optional dependency /home/drarmank/source_build/dr.armankabir-main/src/frontend/node_modules/@rollup/rollup-linux-loong64-musl
2987 silly reify mark deleted [
2987 silly reify   '/home/drarmank/source_build/dr.armankabir-main/src/frontend/node_modules/@rollup/rollup-linux-loong64-musl'
2987 silly reify ]
2988 verbose reify failed optional dependency /home/drarmank/source_build/dr.armankabir-main/src/frontend/node_modules/@rollup/rollup-linux-loong64-gnu
2989 silly reify mark deleted [
2989 silly reify   '/home/drarmank/source_build/dr.armankabir-main/src/frontend/node_modules/@rollup/rollup-linux-loong64-gnu'
2989 silly reify ]
2990 verbose reify failed optional dependency /home/drarmank/source_build/dr.armankabir-main/src/frontend/node_modules/@rollup/rollup-linux-arm64-musl
2991 silly reify mark deleted [
2991 silly reify   '/home/drarmank/source_build/dr.armankabir-main/src/frontend/node_modules/@rollup/rollup-linux-arm64-musl'
2991 silly reify ]
2992 verbose reify failed optional dependency /home/drarmank/source_build/dr.armankabir-main/src/frontend/node_modules/@rollup/rollup-linux-arm64-gnu
2993 silly reify mark deleted [
2993 silly reify   '/home/drarmank/source_build/dr.armankabir-main/src/frontend/node_modules/@rollup/rollup-linux-arm64-gnu'
2993 silly reify ]
2994 verbose reify failed optional dependency /home/drarmank/source_build/dr.armankabir-main/src/frontend/node_modules/@rollup/rollup-linux-arm-musleabihf
2995 silly reify mark deleted [
2995 silly reify   '/home/drarmank/source_build/dr.armankabir-main/src/frontend/node_modules/@rollup/rollup-linux-arm-musleabihf'
2995 silly reify ]
2996 verbose reify failed optional dependency /home/drarmank/source_build/dr.armankabir-main/src/frontend/node_modules/@rollup/rollup-linux-arm-gnueabihf
2997 silly reify mark deleted [
2997 silly reify   '/home/drarmank/source_build/dr.armankabir-main/src/frontend/node_modules/@rollup/rollup-linux-arm-gnueabihf'
2997 silly reify ]
2998 verbose reify failed optional dependency /home/drarmank/source_build/dr.armankabir-main/src/frontend/node_modules/@rollup/rollup-freebsd-x64
2999 silly reify mark deleted [
2999 silly reify   '/home/drarmank/source_build/dr.armankabir-main/src/frontend/node_modules/@rollup/rollup-freebsd-x64'
2999 silly reify ]
3000 verbose reify failed optional dependency /home/drarmank/source_build/dr.armankabir-main/src/frontend/node_modules/@rollup/rollup-freebsd-arm64
3001 silly reify mark deleted [
3001 silly reify   '/home/drarmank/source_build/dr.armankabir-main/src/frontend/node_modules/@rollup/rollup-freebsd-arm64'
3001 silly reify ]
3002 verbose reify failed optional dependency /home/drarmank/source_build/dr.armankabir-main/src/frontend/node_modules/@rollup/rollup-darwin-x64
3003 silly reify mark deleted [
3003 silly reify   '/home/drarmank/source_build/dr.armankabir-main/src/frontend/node_modules/@rollup/rollup-darwin-x64'
3003 silly reify ]
3004 verbose reify failed optional dependency /home/drarmank/source_build/dr.armankabir-main/src/frontend/node_modules/@rollup/rollup-darwin-arm64
3005 silly reify mark deleted [
3005 silly reify   '/home/drarmank/source_build/dr.armankabir-main/src/frontend/node_modules/@rollup/rollup-darwin-arm64'
3005 silly reify ]
3006 verbose reify failed optional dependency /home/drarmank/source_build/dr.armankabir-main/src/frontend/node_modules/@rollup/rollup-android-arm64
3007 silly reify mark deleted [
3007 silly reify   '/home/drarmank/source_build/dr.armankabir-main/src/frontend/node_modules/@rollup/rollup-android-arm64'
3007 silly reify ]
3008 verbose reify failed optional dependency /home/drarmank/source_build/dr.armankabir-main/src/frontend/node_modules/@rollup/rollup-android-arm-eabi
3009 silly reify mark deleted [
3009 silly reify   '/home/drarmank/source_build/dr.armankabir-main/src/frontend/node_modules/@rollup/rollup-android-arm-eabi'
3009 silly reify ]
3010 verbose reify failed optional dependency /home/drarmank/source_build/dr.armankabir-main/src/frontend/node_modules/@esbuild/win32-x64
3011 silly reify mark deleted [
3011 silly reify   '/home/drarmank/source_build/dr.armankabir-main/src/frontend/node_modules/@esbuild/win32-x64'
3011 silly reify ]
3012 verbose reify failed optional dependency /home/drarmank/source_build/dr.armankabir-main/src/frontend/node_modules/@esbuild/win32-ia32
3013 silly reify mark deleted [
3013 silly reify   '/home/drarmank/source_build/dr.armankabir-main/src/frontend/node_modules/@esbuild/win32-ia32'
3013 silly reify ]
3014 verbose reify failed optional dependency /home/drarmank/source_build/dr.armankabir-main/src/frontend/node_modules/@esbuild/win32-arm64
3015 silly reify mark deleted [
3015 silly reify   '/home/drarmank/source_build/dr.armankabir-main/src/frontend/node_modules/@esbuild/win32-arm64'
3015 silly reify ]
3016 verbose reify failed optional dependency /home/drarmank/source_build/dr.armankabir-main/src/frontend/node_modules/@esbuild/sunos-x64
3017 silly reify mark deleted [
3017 silly reify   '/home/drarmank/source_build/dr.armankabir-main/src/frontend/node_modules/@esbuild/sunos-x64'
3017 silly reify ]
3018 verbose reify failed optional dependency /home/drarmank/source_build/dr.armankabir-main/src/frontend/node_modules/@esbuild/openbsd-x64
3019 silly reify mark deleted [
3019 silly reify   '/home/drarmank/source_build/dr.armankabir-main/src/frontend/node_modules/@esbuild/openbsd-x64'
3019 silly reify ]
3020 verbose reify failed optional dependency /home/drarmank/source_build/dr.armankabir-main/src/frontend/node_modules/@esbuild/netbsd-x64
3021 silly reify mark deleted [
3021 silly reify   '/home/drarmank/source_build/dr.armankabir-main/src/frontend/node_modules/@esbuild/netbsd-x64'
3021 silly reify ]
3022 verbose reify failed optional dependency /home/drarmank/source_build/dr.armankabir-main/src/frontend/node_modules/@esbuild/linux-s390x
3023 silly reify mark deleted [
3023 silly reify   '/home/drarmank/source_build/dr.armankabir-main/src/frontend/node_modules/@esbuild/linux-s390x'
3023 silly reify ]
3024 verbose reify failed optional dependency /home/drarmank/source_build/dr.armankabir-main/src/frontend/node_modules/@esbuild/linux-riscv64
3025 silly reify mark deleted [
3025 silly reify   '/home/drarmank/source_build/dr.armankabir-main/src/frontend/node_modules/@esbuild/linux-riscv64'
3025 silly reify ]
3026 verbose reify failed optional dependency /home/drarmank/source_build/dr.armankabir-main/src/frontend/node_modules/@esbuild/linux-ppc64
3027 silly reify mark deleted [
3027 silly reify   '/home/drarmank/source_build/dr.armankabir-main/src/frontend/node_modules/@esbuild/linux-ppc64'
3027 silly reify ]
3028 verbose reify failed optional dependency /home/drarmank/source_build/dr.armankabir-main/src/frontend/node_modules/@esbuild/linux-mips64el
3029 silly reify mark deleted [
3029 silly reify   '/home/drarmank/source_build/dr.armankabir-main/src/frontend/node_modules/@esbuild/linux-mips64el'
3029 silly reify ]
3030 verbose reify failed optional dependency /home/drarmank/source_build/dr.armankabir-main/src/frontend/node_modules/@esbuild/linux-loong64
3031 silly reify mark deleted [
3031 silly reify   '/home/drarmank/source_build/dr.armankabir-main/src/frontend/node_modules/@esbuild/linux-loong64'
3031 silly reify ]
3032 verbose reify failed optional dependency /home/drarmank/source_build/dr.armankabir-main/src/frontend/node_modules/@esbuild/linux-ia32
3033 silly reify mark deleted [
3033 silly reify   '/home/drarmank/source_build/dr.armankabir-main/src/frontend/node_modules/@esbuild/linux-ia32'
3033 silly reify ]
3034 verbose reify failed optional dependency /home/drarmank/source_build/dr.armankabir-main/src/frontend/node_modules/@esbuild/linux-arm64
3035 silly reify mark deleted [
3035 silly reify   '/home/drarmank/source_build/dr.armankabir-main/src/frontend/node_modules/@esbuild/linux-arm64'
3035 silly reify ]
3036 verbose reify failed optional dependency /home/drarmank/source_build/dr.armankabir-main/src/frontend/node_modules/@esbuild/linux-arm
3037 silly reify mark deleted [
3037 silly reify   '/home/drarmank/source_build/dr.armankabir-main/src/frontend/node_modules/@esbuild/linux-arm'
3037 silly reify ]
3038 verbose reify failed optional dependency /home/drarmank/source_build/dr.armankabir-main/src/frontend/node_modules/@esbuild/freebsd-x64
3039 silly reify mark deleted [
3039 silly reify   '/home/drarmank/source_build/dr.armankabir-main/src/frontend/node_modules/@esbuild/freebsd-x64'
3039 silly reify ]
3040 verbose reify failed optional dependency /home/drarmank/source_build/dr.armankabir-main/src/frontend/node_modules/@esbuild/freebsd-arm64
3041 silly reify mark deleted [
3041 silly reify   '/home/drarmank/source_build/dr.armankabir-main/src/frontend/node_modules/@esbuild/freebsd-arm64'
3041 silly reify ]
3042 verbose reify failed optional dependency /home/drarmank/source_build/dr.armankabir-main/src/frontend/node_modules/@esbuild/darwin-x64
3043 silly reify mark deleted [
3043 silly reify   '/home/drarmank/source_build/dr.armankabir-main/src/frontend/node_modules/@esbuild/darwin-x64'
3043 silly reify ]
3044 verbose reify failed optional dependency /home/drarmank/source_build/dr.armankabir-main/src/frontend/node_modules/@esbuild/darwin-arm64
3045 silly reify mark deleted [
3045 silly reify   '/home/drarmank/source_build/dr.armankabir-main/src/frontend/node_modules/@esbuild/darwin-arm64'
3045 silly reify ]
3046 verbose reify failed optional dependency /home/drarmank/source_build/dr.armankabir-main/src/frontend/node_modules/@esbuild/android-x64
3047 silly reify mark deleted [
3047 silly reify   '/home/drarmank/source_build/dr.armankabir-main/src/frontend/node_modules/@esbuild/android-x64'
3047 silly reify ]
3048 verbose reify failed optional dependency /home/drarmank/source_build/dr.armankabir-main/src/frontend/node_modules/@esbuild/android-arm64
3049 silly reify mark deleted [
3049 silly reify   '/home/drarmank/source_build/dr.armankabir-main/src/frontend/node_modules/@esbuild/android-arm64'
3049 silly reify ]
3050 verbose reify failed optional dependency /home/drarmank/source_build/dr.armankabir-main/src/frontend/node_modules/@esbuild/android-arm
3051 silly reify mark deleted [
3051 silly reify   '/home/drarmank/source_build/dr.armankabir-main/src/frontend/node_modules/@esbuild/android-arm'
3051 silly reify ]
3052 verbose reify failed optional dependency /home/drarmank/source_build/dr.armankabir-main/src/frontend/node_modules/@esbuild/aix-ppc64
3053 silly reify mark deleted [
3053 silly reify   '/home/drarmank/source_build/dr.armankabir-main/src/frontend/node_modules/@esbuild/aix-ppc64'
3053 silly reify ]
3054 verbose reify failed optional dependency /home/drarmank/source_build/dr.armankabir-main/src/frontend/node_modules/fsevents
3055 silly reify mark deleted [
3055 silly reify   '/home/drarmank/source_build/dr.armankabir-main/src/frontend/node_modules/fsevents'
3055 silly reify ]
3056 verbose reify failed optional dependency /home/drarmank/source_build/dr.armankabir-main/src/frontend/node_modules/@biomejs/cli-win32-x64
3057 silly reify mark deleted [
3057 silly reify   '/home/drarmank/source_build/dr.armankabir-main/src/frontend/node_modules/@biomejs/cli-win32-x64'
3057 silly reify ]
3058 verbose reify failed optional dependency /home/drarmank/source_build/dr.armankabir-main/src/frontend/node_modules/@biomejs/cli-win32-arm64
3059 silly reify mark deleted [
3059 silly reify   '/home/drarmank/source_build/dr.armankabir-main/src/frontend/node_modules/@biomejs/cli-win32-arm64'
3059 silly reify ]
3060 verbose reify failed optional dependency /home/drarmank/source_build/dr.armankabir-main/src/frontend/node_modules/@biomejs/cli-linux-x64-musl
3061 silly reify mark deleted [
3061 silly reify   '/home/drarmank/source_build/dr.armankabir-main/src/frontend/node_modules/@biomejs/cli-linux-x64-musl'
3061 silly reify ]
3062 verbose reify failed optional dependency /home/drarmank/source_build/dr.armankabir-main/src/frontend/node_modules/@biomejs/cli-linux-arm64-musl
3063 silly reify mark deleted [
3063 silly reify   '/home/drarmank/source_build/dr.armankabir-main/src/frontend/node_modules/@biomejs/cli-linux-arm64-musl'
3063 silly reify ]
3064 verbose reify failed optional dependency /home/drarmank/source_build/dr.armankabir-main/src/frontend/node_modules/@biomejs/cli-linux-arm64
3065 silly reify mark deleted [
3065 silly reify   '/home/drarmank/source_build/dr.armankabir-main/src/frontend/node_modules/@biomejs/cli-linux-arm64'
3065 silly reify ]
3066 verbose reify failed optional dependency /home/drarmank/source_build/dr.armankabir-main/src/frontend/node_modules/@biomejs/cli-darwin-x64
3067 silly reify mark deleted [
3067 silly reify   '/home/drarmank/source_build/dr.armankabir-main/src/frontend/node_modules/@biomejs/cli-darwin-x64'
3067 silly reify ]
3068 verbose reify failed optional dependency /home/drarmank/source_build/dr.armankabir-main/src/frontend/node_modules/@biomejs/cli-darwin-arm64
3069 silly reify mark deleted [
3069 silly reify   '/home/drarmank/source_build/dr.armankabir-main/src/frontend/node_modules/@biomejs/cli-darwin-arm64'
3069 silly reify ]
3070 http cache isexe@https://registry.npmjs.org/isexe/-/isexe-2.0.0.tgz 0ms (cache hit)
3071 http cache @rollup/rollup-linux-x64-gnu@https://registry.npmjs.org/@rollup/rollup-linux-x64-gnu/-/rollup-linux-x64-gnu-4.62.3.tgz 1ms (cache hit)
3072 http cache @types/estree@https://registry.npmjs.org/@types/estree/-/estree-1.0.9.tgz 0ms (cache hit)
3073 http cache @esbuild/linux-x64@https://registry.npmjs.org/@esbuild/linux-x64/-/linux-x64-0.21.5.tgz 0ms (cache hit)
3074 http cache rollup@https://registry.npmjs.org/rollup/-/rollup-4.62.3.tgz 0ms (cache hit)
3075 http cache esbuild@https://registry.npmjs.org/esbuild/-/esbuild-0.21.5.tgz 0ms (cache hit)
3076 http cache d3-path@https://registry.npmjs.org/d3-path/-/d3-path-3.1.0.tgz 0ms (cache hit)
3077 http cache d3-time-format@https://registry.npmjs.org/d3-time-format/-/d3-time-format-4.1.0.tgz 0ms (cache hit)
3078 http cache d3-color@https://registry.npmjs.org/d3-color/-/d3-color-3.1.0.tgz 0ms (cache hit)
3079 http cache d3-format@https://registry.npmjs.org/d3-format/-/d3-format-3.1.2.tgz 0ms (cache hit)
3080 http cache @types/d3-path@https://registry.npmjs.org/@types/d3-path/-/d3-path-3.1.1.tgz 0ms (cache hit)
3081 http cache internmap@https://registry.npmjs.org/internmap/-/internmap-2.0.3.tgz 0ms (cache hit)
3082 http cache d3-timer@https://registry.npmjs.org/d3-timer/-/d3-timer-3.0.1.tgz 0ms (cache hit)
3083 http cache @types/d3-color@https://registry.npmjs.org/@types/d3-color/-/d3-color-3.1.3.tgz 0ms (cache hit)
3084 http cache d3-time@https://registry.npmjs.org/d3-time/-/d3-time-3.1.0.tgz 0ms (cache hit)
3085 http cache d3-scale@https://registry.npmjs.org/d3-scale/-/d3-scale-4.0.2.tgz 0ms (cache hit)
3086 http cache d3-shape@https://registry.npmjs.org/d3-shape/-/d3-shape-3.2.0.tgz 0ms (cache hit)
3087 http cache d3-interpolate@https://registry.npmjs.org/d3-interpolate/-/d3-interpolate-3.0.1.tgz 0ms (cache hit)
3088 http cache d3-ease@https://registry.npmjs.org/d3-ease/-/d3-ease-3.0.1.tgz 0ms (cache hit)
3089 http cache @types/d3-shape@https://registry.npmjs.org/@types/d3-shape/-/d3-shape-3.1.8.tgz 0ms (cache hit)
3090 http cache @types/d3-timer@https://registry.npmjs.org/@types/d3-timer/-/d3-timer-3.0.2.tgz 0ms (cache hit)
3091 http cache @types/d3-time@https://registry.npmjs.org/@types/d3-time/-/d3-time-3.0.4.tgz 0ms (cache hit)
3092 http cache @types/d3-scale@https://registry.npmjs.org/@types/d3-scale/-/d3-scale-4.0.9.tgz 0ms (cache hit)
3093 http cache d3-array@https://registry.npmjs.org/d3-array/-/d3-array-3.2.4.tgz 0ms (cache hit)
3094 http cache @types/d3-interpolate@https://registry.npmjs.org/@types/d3-interpolate/-/d3-interpolate-3.0.4.tgz 0ms (cache hit)
3095 http cache @types/d3-array@https://registry.npmjs.org/@types/d3-array/-/d3-array-3.2.2.tgz 0ms (cache hit)
3096 http cache base64-arraybuffer@https://registry.npmjs.org/base64-arraybuffer/-/base64-arraybuffer-1.0.2.tgz 0ms (cache hit)
3097 http cache detect-node-es@https://registry.npmjs.org/detect-node-es/-/detect-node-es-1.1.0.tgz 0ms (cache hit)
3098 http cache @types/d3-ease@https://registry.npmjs.org/@types/d3-ease/-/d3-ease-3.0.2.tgz 0ms (cache hit)
3099 http cache escalade@https://registry.npmjs.org/escalade/-/escalade-3.2.0.tgz 0ms (cache hit)
3100 http cache require-from-string@https://registry.npmjs.org/require-from-string/-/require-from-string-2.0.2.tgz 0ms (cache hit)
3101 http cache webgl-sdf-generator@https://registry.npmjs.org/webgl-sdf-generator/-/webgl-sdf-generator-1.1.1.tgz 0ms (cache hit)
3102 http cache troika-worker-utils@https://registry.npmjs.org/troika-worker-utils/-/troika-worker-utils-0.52.0.tgz 0ms (cache hit)
3103 http cache troika-three-utils@https://registry.npmjs.org/troika-three-utils/-/troika-three-utils-0.52.5.tgz 0ms (cache hit)
3104 http cache bidi-js@https://registry.npmjs.org/bidi-js/-/bidi-js-1.0.3.tgz 0ms (cache hit)
3105 http cache draco3d@https://registry.npmjs.org/draco3d/-/draco3d-1.5.7.tgz 0ms (cache hit)
3106 http cache is-number@https://registry.npmjs.org/is-number/-/is-number-7.0.0.tgz 0ms (cache hit)
3107 http cache potpack@https://registry.npmjs.org/potpack/-/potpack-1.0.2.tgz 0ms (cache hit)
3108 http cache @types/offscreencanvas@https://registry.npmjs.org/@types/offscreencanvas/-/offscreencanvas-2019.7.3.tgz 0ms (cache hit)
3109 http cache @types/draco3d@https://registry.npmjs.org/@types/draco3d/-/draco3d-1.4.10.tgz 0ms (cache hit)
3110 http cache thenify-all@https://registry.npmjs.org/thenify-all/-/thenify-all-1.6.0.tgz 0ms (cache hit)
3111 http cache thenify@https://registry.npmjs.org/thenify/-/thenify-3.3.1.tgz 0ms (cache hit)
3112 http cache ts-interface-checker@https://registry.npmjs.org/ts-interface-checker/-/ts-interface-checker-0.1.13.tgz 0ms (cache hit)
3113 http cache any-promise@https://registry.npmjs.org/any-promise/-/any-promise-1.3.0.tgz 0ms (cache hit)
3114 http cache tinyglobby@https://registry.npmjs.org/tinyglobby/-/tinyglobby-0.2.17.tgz 0ms (cache hit)
3115 http cache pirates@https://registry.npmjs.org/pirates/-/pirates-4.0.7.tgz 0ms (cache hit)
3116 http cache lines-and-columns@https://registry.npmjs.org/lines-and-columns/-/lines-and-columns-1.2.4.tgz 0ms (cache hit)
3117 http cache mz@https://registry.npmjs.org/mz/-/mz-2.7.0.tgz 0ms (cache hit)
3118 http cache queue-microtask@https://registry.npmjs.org/queue-microtask/-/queue-microtask-1.2.3.tgz 0ms (cache hit)
3119 http cache commander@https://registry.npmjs.org/commander/-/commander-4.1.1.tgz 0ms (cache hit)
3120 http cache hasown@https://registry.npmjs.org/hasown/-/hasown-2.0.4.tgz 0ms (cache hit)
3121 http cache supports-preserve-symlinks-flag@https://registry.npmjs.org/supports-preserve-symlinks-flag/-/supports-preserve-symlinks-flag-1.0.0.tgz 0ms (cache hit)
3122 http cache function-bind@https://registry.npmjs.org/function-bind/-/function-bind-1.1.2.tgz 0ms (cache hit)
3123 http cache path-parse@https://registry.npmjs.org/path-parse/-/path-parse-1.0.7.tgz 0ms (cache hit)
3124 http cache es-errors@https://registry.npmjs.org/es-errors/-/es-errors-1.3.0.tgz 0ms (cache hit)
3125 http cache is-core-module@https://registry.npmjs.org/is-core-module/-/is-core-module-2.16.2.tgz 0ms (cache hit)
3126 http cache pify@https://registry.npmjs.org/pify/-/pify-2.3.0.tgz 0ms (cache hit)
3127 http cache read-cache@https://registry.npmjs.org/read-cache/-/read-cache-1.0.0.tgz 0ms (cache hit)
3128 http cache camelcase-css@https://registry.npmjs.org/camelcase-css/-/camelcase-css-2.0.1.tgz 0ms (cache hit)
3129 http cache is-extglob@https://registry.npmjs.org/is-extglob/-/is-extglob-2.1.1.tgz 0ms (cache hit)
3130 http cache binary-extensions@https://registry.npmjs.org/binary-extensions/-/binary-extensions-2.3.0.tgz 0ms (cache hit)
3131 http cache to-regex-range@https://registry.npmjs.org/to-regex-range/-/to-regex-range-5.0.1.tgz 0ms (cache hit)
3132 http cache reusify@https://registry.npmjs.org/reusify/-/reusify-1.1.0.tgz 0ms (cache hit)
3133 http cache fastq@https://registry.npmjs.org/fastq/-/fastq-1.20.1.tgz 0ms (cache hit)
3134 http cache run-parallel@https://registry.npmjs.org/run-parallel/-/run-parallel-1.2.0.tgz 0ms (cache hit)
3135 http cache @nodelib/fs.scandir@https://registry.npmjs.org/@nodelib/fs.scandir/-/fs.scandir-2.1.5.tgz 0ms (cache hit)
3136 http cache merge2@https://registry.npmjs.org/merge2/-/merge2-1.4.1.tgz 0ms (cache hit)
3137 http cache @nodelib/fs.stat@https://registry.npmjs.org/@nodelib/fs.stat/-/fs.stat-2.0.5.tgz 0ms (cache hit)
3138 http cache @nodelib/fs.walk@https://registry.npmjs.org/@nodelib/fs.walk/-/fs.walk-1.2.8.tgz 0ms (cache hit)
3139 http cache picomatch@https://registry.npmjs.org/picomatch/-/picomatch-2.3.2.tgz 0ms (cache hit)
3140 http cache readdirp@https://registry.npmjs.org/readdirp/-/readdirp-3.6.0.tgz 0ms (cache hit)
3141 http cache fill-range@https://registry.npmjs.org/fill-range/-/fill-range-7.1.1.tgz 0ms (cache hit)
3142 http cache is-binary-path@https://registry.npmjs.org/is-binary-path/-/is-binary-path-2.1.0.tgz 0ms (cache hit)
3143 http cache braces@https://registry.npmjs.org/braces/-/braces-3.0.3.tgz 0ms (cache hit)
3144 http cache anymatch@https://registry.npmjs.org/anymatch/-/anymatch-3.1.3.tgz 0ms (cache hit)
3145 http cache sucrase@https://registry.npmjs.org/sucrase/-/sucrase-3.35.1.tgz 0ms (cache hit)
3146 http cache resolve@https://registry.npmjs.org/resolve/-/resolve-1.22.12.tgz 0ms (cache hit)
3147 http cache postcss-load-config@https://registry.npmjs.org/postcss-load-config/-/postcss-load-config-6.0.1.tgz 0ms (cache hit)
3148 http cache postcss-nested@https://registry.npmjs.org/postcss-nested/-/postcss-nested-6.2.0.tgz 0ms (cache hit)
3149 http cache postcss-import@https://registry.npmjs.org/postcss-import/-/postcss-import-15.1.0.tgz 0ms (cache hit)
3150 http cache normalize-path@https://registry.npmjs.org/normalize-path/-/normalize-path-3.0.0.tgz 0ms (cache hit)
3151 http cache object-hash@https://registry.npmjs.org/object-hash/-/object-hash-3.0.0.tgz 0ms (cache hit)
3152 http cache postcss-js@https://registry.npmjs.org/postcss-js/-/postcss-js-4.1.0.tgz 0ms (cache hit)
3153 http cache jiti@https://registry.npmjs.org/jiti/-/jiti-1.21.7.tgz 0ms (cache hit)
3154 http cache lilconfig@https://registry.npmjs.org/lilconfig/-/lilconfig-3.1.3.tgz 0ms (cache hit)
3155 http cache micromatch@https://registry.npmjs.org/micromatch/-/micromatch-4.0.8.tgz 0ms (cache hit)
3156 http cache is-glob@https://registry.npmjs.org/is-glob/-/is-glob-4.0.3.tgz 0ms (cache hit)
3157 http cache glob-parent@https://registry.npmjs.org/glob-parent/-/glob-parent-6.0.2.tgz 0ms (cache hit)
3158 http cache fast-glob@https://registry.npmjs.org/fast-glob/-/fast-glob-3.3.3.tgz 0ms (cache hit)
3159 http cache dlv@https://registry.npmjs.org/dlv/-/dlv-1.1.3.tgz 0ms (cache hit)
3160 http cache chokidar@https://registry.npmjs.org/chokidar/-/chokidar-3.6.0.tgz 0ms (cache hit)
3161 http cache didyoumean@https://registry.npmjs.org/didyoumean/-/didyoumean-1.2.2.tgz 0ms (cache hit)
3162 http cache @alloc/quick-lru@https://registry.npmjs.org/@alloc/quick-lru/-/quick-lru-5.2.0.tgz 0ms (cache hit)
3163 http cache arg@https://registry.npmjs.org/arg/-/arg-5.0.2.tgz 0ms (cache hit)
3164 http cache stackframe@https://registry.npmjs.org/stackframe/-/stackframe-1.3.4.tgz 0ms (cache hit)
3165 http cache stacktrace-gps@https://registry.npmjs.org/stacktrace-gps/-/stacktrace-gps-3.1.2.tgz 0ms (cache hit)
3166 http cache stack-generator@https://registry.npmjs.org/stack-generator/-/stack-generator-2.0.10.tgz 0ms (cache hit)
3167 http cache shebang-regex@https://registry.npmjs.org/shebang-regex/-/shebang-regex-3.0.0.tgz 0ms (cache hit)
3168 http cache error-stack-parser@https://registry.npmjs.org/error-stack-parser/-/error-stack-parser-2.1.4.tgz 0ms (cache hit)
3169 http cache decimal.js-light@https://registry.npmjs.org/decimal.js-light/-/decimal.js-light-2.5.1.tgz 0ms (cache hit)
3170 http cache dom-helpers@https://registry.npmjs.org/dom-helpers/-/dom-helpers-5.2.1.tgz 0ms (cache hit)
3171 http cache object-assign@https://registry.npmjs.org/object-assign/-/object-assign-4.1.1.tgz 0ms (cache hit)
3172 http cache react-transition-group@https://registry.npmjs.org/react-transition-group/-/react-transition-group-4.4.5.tgz 0ms (cache hit)
3173 http cache prop-types@https://registry.npmjs.org/prop-types/-/prop-types-15.8.1.tgz 0ms (cache hit)
3174 http cache loose-envify@https://registry.npmjs.org/loose-envify/-/loose-envify-1.4.0.tgz 0ms (cache hit)
3175 http cache fast-equals@https://registry.npmjs.org/fast-equals/-/fast-equals-5.4.1.tgz 0ms (cache hit)
3176 http cache victory-vendor@https://registry.npmjs.org/victory-vendor/-/victory-vendor-36.9.2.tgz 0ms (cache hit)
3177 http cache recharts-scale@https://registry.npmjs.org/recharts-scale/-/recharts-scale-0.4.5.tgz 0ms (cache hit)
3178 http cache lodash@https://registry.npmjs.org/lodash/-/lodash-4.18.1.tgz 0ms (cache hit)
3179 http cache react-is@https://registry.npmjs.org/react-is/-/react-is-18.3.1.tgz 0ms (cache hit)
3180 http cache react-smooth@https://registry.npmjs.org/react-smooth/-/react-smooth-4.0.4.tgz 0ms (cache hit)
3181 http cache hyphenate-style-name@https://registry.npmjs.org/hyphenate-style-name/-/hyphenate-style-name-1.1.0.tgz 0ms (cache hit)
3182 http cache css-in-js-utils@https://registry.npmjs.org/css-in-js-utils/-/css-in-js-utils-3.1.0.tgz 0ms (cache hit)
3183 http cache source-map@https://registry.npmjs.org/source-map/-/source-map-0.6.1.tgz 0ms (cache hit)
3184 http cache mdn-data@https://registry.npmjs.org/mdn-data/-/mdn-data-2.0.14.tgz 0ms (cache hit)
3185 http cache stacktrace-js@https://registry.npmjs.org/stacktrace-js/-/stacktrace-js-2.0.2.tgz 0ms (cache hit)
3186 http cache stylis@https://registry.npmjs.org/stylis/-/stylis-4.4.0.tgz 0ms (cache hit)
3187 http cache rtl-css-js@https://registry.npmjs.org/rtl-css-js/-/rtl-css-js-1.16.1.tgz 0ms (cache hit)
3188 http cache css-tree@https://registry.npmjs.org/css-tree/-/css-tree-1.1.3.tgz 0ms (cache hit)
3189 http cache inline-style-prefixer@https://registry.npmjs.org/inline-style-prefixer/-/inline-style-prefixer-7.0.1.tgz 0ms (cache hit)
3190 http cache toggle-selection@https://registry.npmjs.org/toggle-selection/-/toggle-selection-1.0.6.tgz 0ms (cache hit)
3191 http cache ts-easing@https://registry.npmjs.org/ts-easing/-/ts-easing-0.2.0.tgz 0ms (cache hit)
3192 http cache fastest-stable-stringify@https://registry.npmjs.org/fastest-stable-stringify/-/fastest-stable-stringify-2.0.2.tgz 0ms (cache hit)
3193 http cache throttle-debounce@https://registry.npmjs.org/throttle-debounce/-/throttle-debounce-3.0.1.tgz 0ms (cache hit)
3194 http cache screenfull@https://registry.npmjs.org/screenfull/-/screenfull-5.2.0.tgz 0ms (cache hit)
3195 http cache set-harmonic-interval@https://registry.npmjs.org/set-harmonic-interval/-/set-harmonic-interval-1.0.1.tgz 0ms (cache hit)
3196 http cache resize-observer-polyfill@https://registry.npmjs.org/resize-observer-polyfill/-/resize-observer-polyfill-1.5.1.tgz 0ms (cache hit)
3197 http cache nano-css@https://registry.npmjs.org/nano-css/-/nano-css-5.6.2.tgz 0ms (cache hit)
3198 http cache fast-shallow-equal@https://registry.npmjs.org/fast-shallow-equal/-/fast-shallow-equal-1.0.0.tgz 0ms (cache hit)
3199 http cache js-cookie@https://registry.npmjs.org/js-cookie/-/js-cookie-3.0.8.tgz 0ms (cache hit)
3200 http cache react-universal-interface@https://registry.npmjs.org/react-universal-interface/-/react-universal-interface-0.6.2.tgz 0ms (cache hit)
3201 http cache fast-deep-equal@https://registry.npmjs.org/fast-deep-equal/-/fast-deep-equal-3.1.3.tgz 0ms (cache hit)
3202 http cache copy-to-clipboard@https://registry.npmjs.org/copy-to-clipboard/-/copy-to-clipboard-3.3.3.tgz 0ms (cache hit)
3203 http cache @types/js-cookie@https://registry.npmjs.org/@types/js-cookie/-/js-cookie-3.0.6.tgz 0ms (cache hit)
3204 http cache get-nonce@https://registry.npmjs.org/get-nonce/-/get-nonce-1.0.1.tgz 0ms (cache hit)
3205 http cache use-sidecar@https://registry.npmjs.org/use-sidecar/-/use-sidecar-1.1.3.tgz 0ms (cache hit)
3206 http cache @xobotyi/scrollbar-width@https://registry.npmjs.org/@xobotyi/scrollbar-width/-/scrollbar-width-1.9.5.tgz 0ms (cache hit)
3207 http cache use-callback-ref@https://registry.npmjs.org/use-callback-ref/-/use-callback-ref-1.3.3.tgz 0ms (cache hit)
3208 http cache react-remove-scroll-bar@https://registry.npmjs.org/react-remove-scroll-bar/-/react-remove-scroll-bar-2.3.8.tgz 0ms (cache hit)
3209 http cache eventemitter3@https://registry.npmjs.org/eventemitter3/-/eventemitter3-5.0.4.tgz 0ms (cache hit)
3210 http cache quill@https://registry.npmjs.org/quill/-/quill-2.0.3.tgz 0ms (cache hit)
3211 http cache react-style-singleton@https://registry.npmjs.org/react-style-singleton/-/react-style-singleton-2.2.3.tgz 0ms (cache hit)
3212 http cache parchment@https://registry.npmjs.org/parchment/-/parchment-3.0.0.tgz 0ms (cache hit)
3213 http cache lodash-es@https://registry.npmjs.org/lodash-es/-/lodash-es-4.18.1.tgz 0ms (cache hit)
3214 http cache date-fns-jalali@https://registry.npmjs.org/date-fns-jalali/-/date-fns-jalali-4.1.0-0.tgz 0ms (cache hit)
3215 http cache @tabby_ai/hijri-converter@https://registry.npmjs.org/@tabby_ai/hijri-converter/-/hijri-converter-1.0.5.tgz 0ms (cache hit)
3216 http cache lodash.isequal@https://registry.npmjs.org/lodash.isequal/-/lodash.isequal-4.5.0.tgz 0ms (cache hit)
3217 http cache lodash.clonedeep@https://registry.npmjs.org/lodash.clonedeep/-/lodash.clonedeep-4.5.0.tgz 0ms (cache hit)
3218 http cache @date-fns/tz@https://registry.npmjs.org/@date-fns/tz/-/tz-1.5.0.tgz 0ms (cache hit)
3219 http cache fast-diff@https://registry.npmjs.org/fast-diff/-/fast-diff-1.3.0.tgz 0ms (cache hit)
3220 http cache immediate@https://registry.npmjs.org/immediate/-/immediate-3.0.6.tgz 0ms (cache hit)
3221 http cache util-deprecate@https://registry.npmjs.org/util-deprecate/-/util-deprecate-1.0.2.tgz 0ms (cache hit)
3222 http cache lie@https://registry.npmjs.org/lie/-/lie-3.3.0.tgz 0ms (cache hit)
3223 http cache cssesc@https://registry.npmjs.org/cssesc/-/cssesc-3.0.0.tgz 0ms (cache hit)
3224 http cache is-promise@https://registry.npmjs.org/is-promise/-/is-promise-2.2.2.tgz 0ms (cache hit)
3225 http cache source-map-js@https://registry.npmjs.org/source-map-js/-/source-map-js-1.2.1.tgz 0ms (cache hit)
3226 http cache nanoid@https://registry.npmjs.org/nanoid/-/nanoid-3.3.16.tgz 0ms (cache hit)
3227 http cache motion-utils@https://registry.npmjs.org/motion-utils/-/motion-utils-12.39.0.tgz 0ms (cache hit)
3228 http cache framer-motion@https://registry.npmjs.org/framer-motion/-/framer-motion-12.42.2.tgz 0ms (cache hit)
3229 http cache yallist@https://registry.npmjs.org/yallist/-/yallist-3.1.1.tgz 0ms (cache hit)
3230 http cache motion-dom@https://registry.npmjs.org/motion-dom/-/motion-dom-12.42.2.tgz 0ms (cache hit)
3231 http cache utrie@https://registry.npmjs.org/utrie/-/utrie-1.0.2.tgz 0ms (cache hit)
3232 http cache text-segmentation@https://registry.npmjs.org/text-segmentation/-/text-segmentation-1.0.3.tgz 0ms (cache hit)
3233 http cache css-line-break@https://registry.npmjs.org/css-line-break/-/css-line-break-2.1.0.tgz 0ms (cache hit)
3234 http cache minimist@https://registry.npmjs.org/minimist/-/minimist-1.2.8.tgz 0ms (cache hit)
3235 http cache embla-carousel@https://registry.npmjs.org/embla-carousel/-/embla-carousel-8.6.0.tgz 0ms (cache hit)
3236 http cache embla-carousel-reactive-utils@https://registry.npmjs.org/embla-carousel-reactive-utils/-/embla-carousel-reactive-utils-8.6.0.tgz 0ms (cache hit)
3237 http cache dotenv-expand@https://registry.npmjs.org/dotenv-expand/-/dotenv-expand-10.0.0.tgz 0ms (cache hit)
3238 http cache webgl-constants@https://registry.npmjs.org/webgl-constants/-/webgl-constants-1.1.1.tgz 0ms (cache hit)
3239 http cache which@https://registry.npmjs.org/which/-/which-2.0.2.tgz 0ms (cache hit)
3240 http cache shebang-command@https://registry.npmjs.org/shebang-command/-/shebang-command-2.0.0.tgz 0ms (cache hit)
3241 http cache ms@https://registry.npmjs.org/ms/-/ms-2.1.3.tgz 0ms (cache hit)
3242 http cache path-key@https://registry.npmjs.org/path-key/-/path-key-3.1.1.tgz 0ms (cache hit)
3243 http cache ieee754@https://registry.npmjs.org/ieee754/-/ieee754-1.2.1.tgz 0ms (cache hit)
3244 http cache update-browserslist-db@https://registry.npmjs.org/update-browserslist-db/-/update-browserslist-db-1.2.3.tgz 0ms (cache hit)
3245 http cache node-releases@https://registry.npmjs.org/node-releases/-/node-releases-2.0.51.tgz 0ms (cache hit)
3246 http cache cross-spawn@https://registry.npmjs.org/cross-spawn/-/cross-spawn-7.0.6.tgz 0ms (cache hit)
3247 http cache electron-to-chromium@https://registry.npmjs.org/electron-to-chromium/-/electron-to-chromium-1.5.396.tgz 0ms (cache hit)
3248 http cache baseline-browser-mapping@https://registry.npmjs.org/baseline-browser-mapping/-/baseline-browser-mapping-2.11.4.tgz 0ms (cache hit)
3249 http cache fraction.js@https://registry.npmjs.org/fraction.js/-/fraction.js-5.3.4.tgz 0ms (cache hit)
3250 http cache postcss-value-parser@https://registry.npmjs.org/postcss-value-parser/-/postcss-value-parser-4.2.0.tgz 0ms (cache hit)
3251 http cache caniuse-lite@https://registry.npmjs.org/caniuse-lite/-/caniuse-lite-1.0.30001806.tgz 0ms (cache hit)
3252 http cache tslib@https://registry.npmjs.org/tslib/-/tslib-2.8.1.tgz 0ms (cache hit)
3253 http cache @types/babel__traverse@https://registry.npmjs.org/@types/babel__traverse/-/babel__traverse-7.28.0.tgz 0ms (cache hit)
3254 http cache @types/babel__generator@https://registry.npmjs.org/@types/babel__generator/-/babel__generator-7.27.0.tgz 0ms (cache hit)
3255 http cache @jridgewell/resolve-uri@https://registry.npmjs.org/@jridgewell/resolve-uri/-/resolve-uri-3.1.2.tgz 0ms (cache hit)
3256 http cache @types/babel__template@https://registry.npmjs.org/@types/babel__template/-/babel__template-7.4.4.tgz 0ms (cache hit)
3257 http cache @jridgewell/sourcemap-codec@https://registry.npmjs.org/@jridgewell/sourcemap-codec/-/sourcemap-codec-1.5.5.tgz 0ms (cache hit)
3258 http cache @babel/helper-string-parser@https://registry.npmjs.org/@babel/helper-string-parser/-/helper-string-parser-7.29.7.tgz 0ms (cache hit)
3259 http cache @babel/helper-globals@https://registry.npmjs.org/@babel/helper-globals/-/helper-globals-7.29.7.tgz 1ms (cache hit)
3260 http cache @babel/helper-module-imports@https://registry.npmjs.org/@babel/helper-module-imports/-/helper-module-imports-7.29.7.tgz 0ms (cache hit)
3261 http cache lru-cache@https://registry.npmjs.org/lru-cache/-/lru-cache-5.1.1.tgz 0ms (cache hit)
3262 http cache @babel/helper-plugin-utils@https://registry.npmjs.org/@babel/helper-plugin-utils/-/helper-plugin-utils-7.29.7.tgz 0ms (cache hit)
3263 http cache browserslist@https://registry.npmjs.org/browserslist/-/browserslist-4.28.7.tgz 0ms (cache hit)
3264 http cache @babel/helper-validator-option@https://registry.npmjs.org/@babel/helper-validator-option/-/helper-validator-option-7.29.7.tgz 0ms (cache hit)
3265 http cache @babel/compat-data@https://registry.npmjs.org/@babel/compat-data/-/compat-data-7.29.7.tgz 0ms (cache hit)
3266 http cache @jridgewell/trace-mapping@https://registry.npmjs.org/@jridgewell/trace-mapping/-/trace-mapping-0.3.31.tgz 0ms (cache hit)
3267 http cache @jridgewell/gen-mapping@https://registry.npmjs.org/@jridgewell/gen-mapping/-/gen-mapping-0.3.13.tgz 0ms (cache hit)
3268 http cache jsesc@https://registry.npmjs.org/jsesc/-/jsesc-3.1.0.tgz 0ms (cache hit)
3269 http cache js-tokens@https://registry.npmjs.org/js-tokens/-/js-tokens-4.0.0.tgz 0ms (cache hit)
3270 http cache @babel/helper-validator-identifier@https://registry.npmjs.org/@babel/helper-validator-identifier/-/helper-validator-identifier-7.29.7.tgz 0ms (cache hit)
3271 http cache picocolors@https://registry.npmjs.org/picocolors/-/picocolors-1.1.1.tgz 0ms (cache hit)
3272 http cache semver@https://registry.npmjs.org/semver/-/semver-6.3.1.tgz 0ms (cache hit)
3273 http cache json5@https://registry.npmjs.org/json5/-/json5-2.2.3.tgz 0ms (cache hit)
3274 http cache debug@https://registry.npmjs.org/debug/-/debug-4.4.3.tgz 0ms (cache hit)
3275 http cache gensync@https://registry.npmjs.org/gensync/-/gensync-1.0.0-beta.2.tgz 0ms (cache hit)
3276 http cache convert-source-map@https://registry.npmjs.org/convert-source-map/-/convert-source-map-2.0.0.tgz 0ms (cache hit)
3277 http cache @jridgewell/remapping@https://registry.npmjs.org/@jridgewell/remapping/-/remapping-2.3.5.tgz 0ms (cache hit)
3278 http cache @babel/types@https://registry.npmjs.org/@babel/types/-/types-7.29.7.tgz 0ms (cache hit)
3279 http cache @babel/traverse@https://registry.npmjs.org/@babel/traverse/-/traverse-7.29.7.tgz 0ms (cache hit)
3280 http cache @babel/template@https://registry.npmjs.org/@babel/template/-/template-7.29.7.tgz 0ms (cache hit)
3281 http cache @babel/helpers@https://registry.npmjs.org/@babel/helpers/-/helpers-7.29.7.tgz 0ms (cache hit)
3282 http cache @babel/parser@https://registry.npmjs.org/@babel/parser/-/parser-7.29.7.tgz 0ms (cache hit)
3283 http cache @babel/helper-compilation-targets@https://registry.npmjs.org/@babel/helper-compilation-targets/-/helper-compilation-targets-7.29.7.tgz 0ms (cache hit)
3284 http cache @babel/helper-module-transforms@https://registry.npmjs.org/@babel/helper-module-transforms/-/helper-module-transforms-7.29.7.tgz 0ms (cache hit)
3285 http cache @babel/generator@https://registry.npmjs.org/@babel/generator/-/generator-7.29.7.tgz 0ms (cache hit)
3286 http cache @babel/code-frame@https://registry.npmjs.org/@babel/code-frame/-/code-frame-7.29.7.tgz 0ms (cache hit)
3287 http cache react-refresh@https://registry.npmjs.org/react-refresh/-/react-refresh-0.17.0.tgz 0ms (cache hit)
3288 http cache @babel/plugin-transform-react-jsx-source@https://registry.npmjs.org/@babel/plugin-transform-react-jsx-source/-/plugin-transform-react-jsx-source-7.29.7.tgz 0ms (cache hit)
3289 http cache @types/babel__core@https://registry.npmjs.org/@types/babel__core/-/babel__core-7.20.5.tgz 0ms (cache hit)
3290 http cache @rolldown/pluginutils@https://registry.npmjs.org/@rolldown/pluginutils/-/pluginutils-1.0.0-beta.27.tgz 0ms (cache hit)
3291 http cache @babel/plugin-transform-react-jsx-self@https://registry.npmjs.org/@babel/plugin-transform-react-jsx-self/-/plugin-transform-react-jsx-self-7.29.7.tgz 0ms (cache hit)
3292 http cache @babel/core@https://registry.npmjs.org/@babel/core/-/core-7.29.7.tgz 0ms (cache hit)
3293 http cache meshoptimizer@https://registry.npmjs.org/meshoptimizer/-/meshoptimizer-0.18.1.tgz 0ms (cache hit)
3294 http cache fflate@https://registry.npmjs.org/fflate/-/fflate-0.8.3.tgz 0ms (cache hit)
3295 http cache @use-gesture/core@https://registry.npmjs.org/@use-gesture/core/-/core-10.3.1.tgz 0ms (cache hit)
3296 http cache @webgpu/types@https://registry.npmjs.org/@webgpu/types/-/types-0.1.71.tgz 0ms (cache hit)
3297 http cache @types/stats.js@https://registry.npmjs.org/@types/stats.js/-/stats.js-0.17.4.tgz 0ms (cache hit)
3298 http cache @tweenjs/tween.js@https://registry.npmjs.org/@tweenjs/tween.js/-/tween.js-23.1.3.tgz 0ms (cache hit)
3299 http cache csstype@https://registry.npmjs.org/csstype/-/csstype-3.2.3.tgz 0ms (cache hit)
3300 http cache @dimforge/rapier3d-compat@https://registry.npmjs.org/@dimforge/rapier3d-compat/-/rapier3d-compat-0.12.0.tgz 0ms (cache hit)
3301 http cache seroval-plugins@https://registry.npmjs.org/seroval-plugins/-/seroval-plugins-1.5.6.tgz 0ms (cache hit)
3302 http cache undici-types@https://registry.npmjs.org/undici-types/-/undici-types-6.21.0.tgz 0ms (cache hit)
3303 http cache cookie-es@https://registry.npmjs.org/cookie-es/-/cookie-es-1.2.3.tgz 0ms (cache hit)
3304 http cache seroval@https://registry.npmjs.org/seroval/-/seroval-1.5.6.tgz 0ms (cache hit)
3305 http cache @tanstack/store@https://registry.npmjs.org/@tanstack/store/-/store-0.7.7.tgz 0ms (cache hit)
3306 http cache tiny-warning@https://registry.npmjs.org/tiny-warning/-/tiny-warning-1.0.3.tgz 0ms (cache hit)
3307 http cache tiny-invariant@https://registry.npmjs.org/tiny-invariant/-/tiny-invariant-1.3.3.tgz 0ms (cache hit)
3308 http cache isbot@https://registry.npmjs.org/isbot/-/isbot-5.2.1.tgz 0ms (cache hit)
3309 http cache @tanstack/router-core@https://registry.npmjs.org/@tanstack/router-core/-/router-core-1.131.50.tgz 0ms (cache hit)
3310 http cache @tanstack/react-store@https://registry.npmjs.org/@tanstack/react-store/-/react-store-0.7.7.tgz 0ms (cache hit)
3311 http cache @tanstack/history@https://registry.npmjs.org/@tanstack/history/-/history-1.131.2.tgz 0ms (cache hit)
3312 http cache @tanstack/query-core@https://registry.npmjs.org/@tanstack/query-core/-/query-core-5.101.4.tgz 0ms (cache hit)
3313 http cache postcss-selector-parser@https://registry.npmjs.org/postcss-selector-parser/-/postcss-selector-parser-6.0.10.tgz 0ms (cache hit)
3314 http cache lodash.merge@https://registry.npmjs.org/lodash.merge/-/lodash.merge-4.6.2.tgz 0ms (cache hit)
3315 http cache lodash.isplainobject@https://registry.npmjs.org/lodash.isplainobject/-/lodash.isplainobject-4.0.6.tgz 0ms (cache hit)
3316 http cache scheduler@https://registry.npmjs.org/scheduler/-/scheduler-0.25.0.tgz 0ms (cache hit)
3317 http cache lodash.castarray@https://registry.npmjs.org/lodash.castarray/-/lodash.castarray-4.4.0.tgz 0ms (cache hit)
3318 http cache react-use-measure@https://registry.npmjs.org/react-use-measure/-/react-use-measure-2.1.7.tgz 0ms (cache hit)
3319 http cache react-reconciler@https://registry.npmjs.org/react-reconciler/-/react-reconciler-0.31.0.tgz 0ms (cache hit)
3320 http cache its-fine@https://registry.npmjs.org/its-fine/-/its-fine-2.0.0.tgz 0ms (cache hit)
3321 http cache buffer@https://registry.npmjs.org/buffer/-/buffer-6.0.3.tgz 0ms (cache hit)
3322 http cache base64-js@https://registry.npmjs.org/base64-js/-/base64-js-1.5.1.tgz 0ms (cache hit)
3323 http cache @types/react-reconciler@https://registry.npmjs.org/@types/react-reconciler/-/react-reconciler-0.28.9.tgz 0ms (cache hit)
3324 http cache @types/webxr@https://registry.npmjs.org/@types/webxr/-/webxr-0.5.24.tgz 0ms (cache hit)
3325 http cache promise-worker-transferable@https://registry.npmjs.org/promise-worker-transferable/-/promise-worker-transferable-1.0.4.tgz 0ms (cache hit)
3326 http cache utility-types@https://registry.npmjs.org/utility-types/-/utility-types-3.11.0.tgz 0ms (cache hit)
3327 http cache use-sync-external-store@https://registry.npmjs.org/use-sync-external-store/-/use-sync-external-store-1.6.0.tgz 0ms (cache hit)
3328 http cache tunnel-rat@https://registry.npmjs.org/tunnel-rat/-/tunnel-rat-0.1.2.tgz 0ms (cache hit)
3329 http cache troika-three-text@https://registry.npmjs.org/troika-three-text/-/troika-three-text-0.52.5.tgz 0ms (cache hit)
3330 http cache three-stdlib@https://registry.npmjs.org/three-stdlib/-/three-stdlib-2.36.1.tgz 0ms (cache hit)
3331 http cache three-mesh-bvh@https://registry.npmjs.org/three-mesh-bvh/-/three-mesh-bvh-0.8.3.tgz 0ms (cache hit)
3332 http cache suspend-react@https://registry.npmjs.org/suspend-react/-/suspend-react-0.1.3.tgz 0ms (cache hit)
3333 http cache stats.js@https://registry.npmjs.org/stats.js/-/stats.js-0.17.0.tgz 0ms (cache hit)
3334 http cache meshline@https://registry.npmjs.org/meshline/-/meshline-3.3.1.tgz 0ms (cache hit)
3335 http cache maath@https://registry.npmjs.org/maath/-/maath-0.10.8.tgz 0ms (cache hit)
3336 http cache stats-gl@https://registry.npmjs.org/stats-gl/-/stats-gl-2.4.2.tgz 0ms (cache hit)
3337 http cache hls.js@https://registry.npmjs.org/hls.js/-/hls.js-1.6.16.tgz 0ms (cache hit)
3338 http cache detect-gpu@https://registry.npmjs.org/detect-gpu/-/detect-gpu-5.0.70.tgz 0ms (cache hit)
3339 http cache glsl-noise@https://registry.npmjs.org/glsl-noise/-/glsl-noise-0.0.0.tgz 0ms (cache hit)
3340 http cache cross-env@https://registry.npmjs.org/cross-env/-/cross-env-7.0.3.tgz 0ms (cache hit)
3341 http cache camera-controls@https://registry.npmjs.org/camera-controls/-/camera-controls-2.10.1.tgz 0ms (cache hit)
3342 http cache @use-gesture/react@https://registry.npmjs.org/@use-gesture/react/-/react-10.3.1.tgz 0ms (cache hit)
3343 http cache @monogrid/gainmap-js@https://registry.npmjs.org/@monogrid/gainmap-js/-/gainmap-js-3.4.0.tgz 0ms (cache hit)
3344 http cache @mediapipe/tasks-vision@https://registry.npmjs.org/@mediapipe/tasks-vision/-/tasks-vision-0.10.17.tgz 0ms (cache hit)
3345 http cache @babel/runtime@https://registry.npmjs.org/@babel/runtime/-/runtime-7.29.7.tgz 0ms (cache hit)
3346 http cache cannon-es-debugger@https://registry.npmjs.org/cannon-es-debugger/-/cannon-es-debugger-1.0.0.tgz 0ms (cache hit)
3347 http cache cannon-es@https://registry.npmjs.org/cannon-es/-/cannon-es-0.20.0.tgz 0ms (cache hit)
3348 http cache @pmndrs/cannon-worker-api@https://registry.npmjs.org/@pmndrs/cannon-worker-api/-/cannon-worker-api-2.4.0.tgz 0ms (cache hit)
3349 http cache @radix-ui/number@https://registry.npmjs.org/@radix-ui/number/-/number-1.1.3.tgz 0ms (cache hit)
3350 http cache @floating-ui/utils@https://registry.npmjs.org/@floating-ui/utils/-/utils-0.2.12.tgz 0ms (cache hit)
3351 http cache @floating-ui/core@https://registry.npmjs.org/@floating-ui/core/-/core-1.8.0.tgz 0ms (cache hit)
3352 http cache @floating-ui/dom@https://registry.npmjs.org/@floating-ui/dom/-/dom-1.8.0.tgz 0ms (cache hit)
3353 http cache @radix-ui/rect@https://registry.npmjs.org/@radix-ui/rect/-/rect-1.1.3.tgz 0ms (cache hit)
3354 http cache @radix-ui/react-arrow@https://registry.npmjs.org/@radix-ui/react-arrow/-/react-arrow-1.1.15.tgz 0ms (cache hit)
3355 http cache @floating-ui/react-dom@https://registry.npmjs.org/@floating-ui/react-dom/-/react-dom-2.1.9.tgz 0ms (cache hit)
3356 http cache @radix-ui/react-use-rect@https://registry.npmjs.org/@radix-ui/react-use-rect/-/react-use-rect-1.1.4.tgz 0ms (cache hit)
3357 http cache @radix-ui/react-visually-hidden@https://registry.npmjs.org/@radix-ui/react-visually-hidden/-/react-visually-hidden-1.2.11.tgz 0ms (cache hit)
3358 http cache @radix-ui/react-use-previous@https://registry.npmjs.org/@radix-ui/react-use-previous/-/react-use-previous-1.1.4.tgz 0ms (cache hit)
3359 http cache @radix-ui/react-roving-focus@https://registry.npmjs.org/@radix-ui/react-roving-focus/-/react-roving-focus-1.1.19.tgz 0ms (cache hit)
3360 http cache @radix-ui/react-popper@https://registry.npmjs.org/@radix-ui/react-popper/-/react-popper-1.3.7.tgz 0ms (cache hit)
3361 http cache @radix-ui/react-use-effect-event@https://registry.npmjs.org/@radix-ui/react-use-effect-event/-/react-use-effect-event-0.0.5.tgz 0ms (cache hit)
3362 http cache react-remove-scroll@https://registry.npmjs.org/react-remove-scroll/-/react-remove-scroll-2.7.2.tgz 0ms (cache hit)
3363 http cache aria-hidden@https://registry.npmjs.org/aria-hidden/-/aria-hidden-1.2.6.tgz 0ms (cache hit)
3364 http cache @radix-ui/react-portal@https://registry.npmjs.org/@radix-ui/react-portal/-/react-portal-1.1.17.tgz 0ms (cache hit)
3365 http cache @radix-ui/react-focus-scope@https://registry.npmjs.org/@radix-ui/react-focus-scope/-/react-focus-scope-1.1.16.tgz 0ms (cache hit)
3366 http cache @radix-ui/react-focus-guards@https://registry.npmjs.org/@radix-ui/react-focus-guards/-/react-focus-guards-1.1.6.tgz 0ms (cache hit)
3367 http cache @radix-ui/react-dismissable-layer@https://registry.npmjs.org/@radix-ui/react-dismissable-layer/-/react-dismissable-layer-1.1.19.tgz 0ms (cache hit)
3368 http cache @radix-ui/react-menu@https://registry.npmjs.org/@radix-ui/react-menu/-/react-menu-2.1.24.tgz 0ms (cache hit)
3369 http cache @radix-ui/react-use-size@https://registry.npmjs.org/@radix-ui/react-use-size/-/react-use-size-1.1.4.tgz 0ms (cache hit)
3370 http cache @radix-ui/react-use-layout-effect@https://registry.npmjs.org/@radix-ui/react-use-layout-effect/-/react-use-layout-effect-1.1.4.tgz 0ms (cache hit)
3371 http cache @radix-ui/react-presence@https://registry.npmjs.org/@radix-ui/react-presence/-/react-presence-1.1.10.tgz 0ms (cache hit)
3372 http cache @radix-ui/react-use-is-hydrated@https://registry.npmjs.org/@radix-ui/react-use-is-hydrated/-/react-use-is-hydrated-0.1.3.tgz 0ms (cache hit)
3373 http cache @radix-ui/react-use-callback-ref@https://registry.npmjs.org/@radix-ui/react-use-callback-ref/-/react-use-callback-ref-1.1.4.tgz 0ms (cache hit)
3374 http cache @radix-ui/react-use-controllable-state@https://registry.npmjs.org/@radix-ui/react-use-controllable-state/-/react-use-controllable-state-1.2.6.tgz 0ms (cache hit)
3375 http cache @radix-ui/react-primitive@https://registry.npmjs.org/@radix-ui/react-primitive/-/react-primitive-2.1.10.tgz 0ms (cache hit)
3376 http cache @radix-ui/react-id@https://registry.npmjs.org/@radix-ui/react-id/-/react-id-1.1.4.tgz 0ms (cache hit)
3377 http cache @radix-ui/react-direction@https://registry.npmjs.org/@radix-ui/react-direction/-/react-direction-1.1.4.tgz 0ms (cache hit)
3378 http cache @radix-ui/react-context@https://registry.npmjs.org/@radix-ui/react-context/-/react-context-1.2.2.tgz 0ms (cache hit)
3379 http cache @radix-ui/react-compose-refs@https://registry.npmjs.org/@radix-ui/react-compose-refs/-/react-compose-refs-1.1.5.tgz 0ms (cache hit)
3380 http cache @radix-ui/react-collection@https://registry.npmjs.org/@radix-ui/react-collection/-/react-collection-1.1.15.tgz 0ms (cache hit)
3381 http cache @biomejs/cli-linux-x64@https://registry.npmjs.org/@biomejs/cli-linux-x64/-/cli-linux-x64-1.9.4.tgz 0ms (cache hit)
3382 http cache @radix-ui/primitive@https://registry.npmjs.org/@radix-ui/primitive/-/primitive-1.1.7.tgz 1ms (cache hit)
3383 http cache zustand@https://registry.npmjs.org/zustand/-/zustand-5.0.14.tgz 0ms (cache hit)
3384 http cache vaul@https://registry.npmjs.org/vaul/-/vaul-1.1.2.tgz 0ms (cache hit)
3385 http cache vite-plugin-environment@https://registry.npmjs.org/vite-plugin-environment/-/vite-plugin-environment-1.1.3.tgz 0ms (cache hit)
3386 http cache typescript@https://registry.npmjs.org/typescript/-/typescript-5.9.3.tgz 0ms (cache hit)
3387 http cache tailwindcss-animate@https://registry.npmjs.org/tailwindcss-animate/-/tailwindcss-animate-1.0.7.tgz 0ms (cache hit)
3388 http cache tailwind-merge@https://registry.npmjs.org/tailwind-merge/-/tailwind-merge-2.6.1.tgz 0ms (cache hit)
3389 http cache sonner@https://registry.npmjs.org/sonner/-/sonner-1.7.4.tgz 0ms (cache hit)
3390 http cache recharts@https://registry.npmjs.org/recharts/-/recharts-2.15.4.tgz 5ms (cache hit)
3391 http cache react-use@https://registry.npmjs.org/react-use/-/react-use-17.6.1.tgz 0ms (cache hit)
3392 http cache quill-delta@https://registry.npmjs.org/quill-delta/-/quill-delta-5.1.0.tgz 0ms (cache hit)
3393 http cache react-resizable-panels@https://registry.npmjs.org/react-resizable-panels/-/react-resizable-panels-2.1.9.tgz 0ms (cache hit)
3394 http cache react-quill-new@https://registry.npmjs.org/react-quill-new/-/react-quill-new-3.4.6.tgz 0ms (cache hit)
3395 http cache react-hook-form@https://registry.npmjs.org/react-hook-form/-/react-hook-form-7.83.0.tgz 0ms (cache hit)
3396 http cache react-icons@https://registry.npmjs.org/react-icons/-/react-icons-5.7.0.tgz 0ms (cache hit)
3397 http cache react-day-picker@https://registry.npmjs.org/react-day-picker/-/react-day-picker-9.14.0.tgz 0ms (cache hit)
3398 http cache next-themes@https://registry.npmjs.org/next-themes/-/next-themes-0.4.6.tgz 0ms (cache hit)
3399 http cache motion@https://registry.npmjs.org/motion/-/motion-12.42.2.tgz 0ms (cache hit)
3400 http cache lucide-react@https://registry.npmjs.org/lucide-react/-/lucide-react-0.511.0.tgz 0ms (cache hit)
3401 http cache html2canvas@https://registry.npmjs.org/html2canvas/-/html2canvas-1.4.1.tgz 0ms (cache hit)
3402 http cache input-otp@https://registry.npmjs.org/input-otp/-/input-otp-1.4.2.tgz 0ms (cache hit)
3403 http cache embla-carousel-react@https://registry.npmjs.org/embla-carousel-react/-/embla-carousel-react-8.6.0.tgz 0ms (cache hit)
3404 http cache dotenv-cli@https://registry.npmjs.org/dotenv-cli/-/dotenv-cli-8.0.0.tgz 0ms (cache hit)
3405 http cache dotenv@https://registry.npmjs.org/dotenv/-/dotenv-16.6.1.tgz 0ms (cache hit)
3406 http cache date-fns@https://registry.npmjs.org/date-fns/-/date-fns-3.6.0.tgz 0ms (cache hit)
3407 http cache cmdk@https://registry.npmjs.org/cmdk/-/cmdk-1.1.1.tgz 0ms (cache hit)
3408 http cache clsx@https://registry.npmjs.org/clsx/-/clsx-2.1.1.tgz 0ms (cache hit)
3409 http cache class-variance-authority@https://registry.npmjs.org/class-variance-authority/-/class-variance-authority-0.7.1.tgz 0ms (cache hit)
3410 http cache postcss@https://registry.npmjs.org/postcss/-/postcss-8.5.23.tgz 0ms (cache hit)
3411 http cache autoprefixer@https://registry.npmjs.org/autoprefixer/-/autoprefixer-10.5.4.tgz 0ms (cache hit)
3412 http cache vite@https://registry.npmjs.org/vite/-/vite-5.4.21.tgz 0ms (cache hit)
3413 http cache @types/three@https://registry.npmjs.org/@types/three/-/three-0.176.0.tgz 0ms (cache hit)
3414 http cache @vitejs/plugin-react@https://registry.npmjs.org/@vitejs/plugin-react/-/plugin-react-4.7.0.tgz 0ms (cache hit)
3415 http cache @types/react-dom@https://registry.npmjs.org/@types/react-dom/-/react-dom-19.1.11.tgz 0ms (cache hit)
3416 http cache @types/react@https://registry.npmjs.org/@types/react/-/react-19.1.17.tgz 0ms (cache hit)
3417 http cache @types/node@https://registry.npmjs.org/@types/node/-/node-20.19.43.tgz 0ms (cache hit)
3418 http cache @tanstack/react-router@https://registry.npmjs.org/@tanstack/react-router/-/react-router-1.131.50.tgz 0ms (cache hit)
3419 http cache @tanstack/react-query@https://registry.npmjs.org/@tanstack/react-query/-/react-query-5.101.4.tgz 0ms (cache hit)
3420 http cache tailwindcss@https://registry.npmjs.org/tailwindcss/-/tailwindcss-3.4.19.tgz 0ms (cache hit)
3421 http cache @tailwindcss/typography@https://registry.npmjs.org/@tailwindcss/typography/-/typography-0.5.10.tgz 0ms (cache hit)
3422 http cache @react-three/drei@https://registry.npmjs.org/@react-three/drei/-/drei-10.0.8.tgz 0ms (cache hit)
3423 http cache @tailwindcss/container-queries@https://registry.npmjs.org/@tailwindcss/container-queries/-/container-queries-0.1.1.tgz 0ms (cache hit)
3424 http cache @react-three/fiber@https://registry.npmjs.org/@react-three/fiber/-/fiber-9.1.4.tgz 0ms (cache hit)
3425 http cache three@https://registry.npmjs.org/three/-/three-0.176.0.tgz 0ms (cache hit)
3426 http cache @react-three/cannon@https://registry.npmjs.org/@react-three/cannon/-/cannon-6.6.0.tgz 0ms (cache hit)
3427 http cache @radix-ui/react-tooltip@https://registry.npmjs.org/@radix-ui/react-tooltip/-/react-tooltip-1.2.16.tgz 0ms (cache hit)
3428 http cache @radix-ui/react-toggle-group@https://registry.npmjs.org/@radix-ui/react-toggle-group/-/react-toggle-group-1.1.19.tgz 0ms (cache hit)
3429 http cache @radix-ui/react-toggle@https://registry.npmjs.org/@radix-ui/react-toggle/-/react-toggle-1.1.18.tgz 0ms (cache hit)
3430 http cache @radix-ui/react-tabs@https://registry.npmjs.org/@radix-ui/react-tabs/-/react-tabs-1.1.21.tgz 0ms (cache hit)
3431 http cache @radix-ui/react-slot@https://registry.npmjs.org/@radix-ui/react-slot/-/react-slot-1.3.3.tgz 0ms (cache hit)
3432 http cache @radix-ui/react-slider@https://registry.npmjs.org/@radix-ui/react-slider/-/react-slider-1.4.7.tgz 0ms (cache hit)
3433 http cache @radix-ui/react-separator@https://registry.npmjs.org/@radix-ui/react-separator/-/react-separator-1.1.15.tgz 0ms (cache hit)
3434 http cache @radix-ui/react-switch@https://registry.npmjs.org/@radix-ui/react-switch/-/react-switch-1.3.7.tgz 0ms (cache hit)
3435 http cache @radix-ui/react-select@https://registry.npmjs.org/@radix-ui/react-select/-/react-select-2.3.7.tgz 0ms (cache hit)
3436 http cache @radix-ui/react-radio-group@https://registry.npmjs.org/@radix-ui/react-radio-group/-/react-radio-group-1.4.7.tgz 0ms (cache hit)
3437 http cache @radix-ui/react-scroll-area@https://registry.npmjs.org/@radix-ui/react-scroll-area/-/react-scroll-area-1.2.18.tgz 0ms (cache hit)
3438 http cache @radix-ui/react-progress@https://registry.npmjs.org/@radix-ui/react-progress/-/react-progress-1.1.16.tgz 0ms (cache hit)
3439 http cache @radix-ui/react-popover@https://registry.npmjs.org/@radix-ui/react-popover/-/react-popover-1.1.23.tgz 0ms (cache hit)
3440 http cache @radix-ui/react-navigation-menu@https://registry.npmjs.org/@radix-ui/react-navigation-menu/-/react-navigation-menu-1.2.22.tgz 0ms (cache hit)
3441 http cache @radix-ui/react-menubar@https://registry.npmjs.org/@radix-ui/react-menubar/-/react-menubar-1.1.24.tgz 0ms (cache hit)
3442 http cache @radix-ui/react-label@https://registry.npmjs.org/@radix-ui/react-label/-/react-label-2.1.15.tgz 0ms (cache hit)
3443 http cache @radix-ui/react-hover-card@https://registry.npmjs.org/@radix-ui/react-hover-card/-/react-hover-card-1.1.23.tgz 0ms (cache hit)
3444 http cache @radix-ui/react-dropdown-menu@https://registry.npmjs.org/@radix-ui/react-dropdown-menu/-/react-dropdown-menu-2.1.24.tgz 0ms (cache hit)
3445 http cache @radix-ui/react-dialog@https://registry.npmjs.org/@radix-ui/react-dialog/-/react-dialog-1.1.23.tgz 0ms (cache hit)
3446 http cache @radix-ui/react-context-menu@https://registry.npmjs.org/@radix-ui/react-context-menu/-/react-context-menu-2.3.7.tgz 0ms (cache hit)
3447 http cache @radix-ui/react-collapsible@https://registry.npmjs.org/@radix-ui/react-collapsible/-/react-collapsible-1.1.20.tgz 0ms (cache hit)
3448 http cache @radix-ui/react-checkbox@https://registry.npmjs.org/@radix-ui/react-checkbox/-/react-checkbox-1.3.11.tgz 0ms (cache hit)
3449 http cache @radix-ui/react-avatar@https://registry.npmjs.org/@radix-ui/react-avatar/-/react-avatar-1.2.6.tgz 0ms (cache hit)
3450 http cache @radix-ui/react-alert-dialog@https://registry.npmjs.org/@radix-ui/react-alert-dialog/-/react-alert-dialog-1.1.23.tgz 0ms (cache hit)
3451 http cache react-dom@https://registry.npmjs.org/react-dom/-/react-dom-19.1.9.tgz 0ms (cache hit)
3452 http cache @radix-ui/react-aspect-ratio@https://registry.npmjs.org/@radix-ui/react-aspect-ratio/-/react-aspect-ratio-1.1.15.tgz 0ms (cache hit)
3453 http cache react@https://registry.npmjs.org/react/-/react-19.1.9.tgz 0ms (cache hit)
3454 http cache @biomejs/biome@https://registry.npmjs.org/@biomejs/biome/-/biome-1.9.4.tgz 0ms (cache hit)
3455 http cache @radix-ui/react-accordion@https://registry.npmjs.org/@radix-ui/react-accordion/-/react-accordion-1.2.20.tgz 0ms (cache hit)
3456 http cache picomatch@https://registry.npmjs.org/picomatch/-/picomatch-4.0.5.tgz 0ms (cache hit)
3457 http cache fdir@https://registry.npmjs.org/fdir/-/fdir-6.5.0.tgz 0ms (cache hit)
3458 http cache postcss-selector-parser@https://registry.npmjs.org/postcss-selector-parser/-/postcss-selector-parser-6.1.4.tgz 0ms (cache hit)
3459 http cache glob-parent@https://registry.npmjs.org/glob-parent/-/glob-parent-5.1.2.tgz 0ms (cache hit)
3460 http cache glob-parent@https://registry.npmjs.org/glob-parent/-/glob-parent-5.1.2.tgz 0ms (cache hit)
3461 http cache zustand@https://registry.npmjs.org/zustand/-/zustand-4.5.7.tgz 0ms (cache hit)
3462 http cache react-is@https://registry.npmjs.org/react-is/-/react-is-16.13.1.tgz 0ms (cache hit)
3463 http cache source-map@https://registry.npmjs.org/source-map/-/source-map-0.5.6.tgz 0ms (cache hit)
3464 http cache fflate@https://registry.npmjs.org/fflate/-/fflate-0.6.11.tgz 0ms (cache hit)
3465 http cache three@https://registry.npmjs.org/three/-/three-0.170.0.tgz 0ms (cache hit)
3466 http cache eventemitter3@https://registry.npmjs.org/eventemitter3/-/eventemitter3-4.0.7.tgz 0ms (cache hit)
3467 http cache date-fns@https://registry.npmjs.org/date-fns/-/date-fns-4.4.0.tgz 0ms (cache hit)
3468 http cache postcss-selector-parser@https://registry.npmjs.org/postcss-selector-parser/-/postcss-selector-parser-6.1.4.tgz 0ms (cache hit)
3469 http cache scheduler@https://registry.npmjs.org/scheduler/-/scheduler-0.26.0.tgz 0ms (cache hit)
3470 silly tarball no local data for isexe@https://registry.npmjs.org/isexe/-/isexe-2.0.0.tgz. Extracting by manifest.
3471 silly tarball no local data for @rollup/rollup-linux-x64-gnu@https://registry.npmjs.org/@rollup/rollup-linux-x64-gnu/-/rollup-linux-x64-gnu-4.62.3.tgz. Extracting by manifest.
3472 silly tarball no local data for @types/estree@https://registry.npmjs.org/@types/estree/-/estree-1.0.9.tgz. Extracting by manifest.
3473 silly tarball no local data for @esbuild/linux-x64@https://registry.npmjs.org/@esbuild/linux-x64/-/linux-x64-0.21.5.tgz. Extracting by manifest.
3474 silly tarball no local data for rollup@https://registry.npmjs.org/rollup/-/rollup-4.62.3.tgz. Extracting by manifest.
3475 silly tarball no local data for esbuild@https://registry.npmjs.org/esbuild/-/esbuild-0.21.5.tgz. Extracting by manifest.
3476 silly tarball no local data for d3-path@https://registry.npmjs.org/d3-path/-/d3-path-3.1.0.tgz. Extracting by manifest.
3477 silly tarball no local data for d3-time-format@https://registry.npmjs.org/d3-time-format/-/d3-time-format-4.1.0.tgz. Extracting by manifest.
3478 silly tarball no local data for d3-color@https://registry.npmjs.org/d3-color/-/d3-color-3.1.0.tgz. Extracting by manifest.
3479 silly tarball no local data for d3-format@https://registry.npmjs.org/d3-format/-/d3-format-3.1.2.tgz. Extracting by manifest.
3480 silly tarball no local data for @types/d3-path@https://registry.npmjs.org/@types/d3-path/-/d3-path-3.1.1.tgz. Extracting by manifest.
3481 silly tarball no local data for internmap@https://registry.npmjs.org/internmap/-/internmap-2.0.3.tgz. Extracting by manifest.
3482 silly tarball no local data for d3-timer@https://registry.npmjs.org/d3-timer/-/d3-timer-3.0.1.tgz. Extracting by manifest.
3483 silly tarball no local data for @types/d3-color@https://registry.npmjs.org/@types/d3-color/-/d3-color-3.1.3.tgz. Extracting by manifest.
3484 silly tarball no local data for d3-time@https://registry.npmjs.org/d3-time/-/d3-time-3.1.0.tgz. Extracting by manifest.
3485 silly tarball no local data for d3-scale@https://registry.npmjs.org/d3-scale/-/d3-scale-4.0.2.tgz. Extracting by manifest.
3486 silly tarball no local data for d3-shape@https://registry.npmjs.org/d3-shape/-/d3-shape-3.2.0.tgz. Extracting by manifest.
3487 silly tarball no local data for d3-interpolate@https://registry.npmjs.org/d3-interpolate/-/d3-interpolate-3.0.1.tgz. Extracting by manifest.
3488 silly tarball no local data for d3-ease@https://registry.npmjs.org/d3-ease/-/d3-ease-3.0.1.tgz. Extracting by manifest.
3489 silly tarball no local data for @types/d3-shape@https://registry.npmjs.org/@types/d3-shape/-/d3-shape-3.1.8.tgz. Extracting by manifest.
3490 silly tarball no local data for @types/d3-timer@https://registry.npmjs.org/@types/d3-timer/-/d3-timer-3.0.2.tgz. Extracting by manifest.
3491 silly tarball no local data for @types/d3-time@https://registry.npmjs.org/@types/d3-time/-/d3-time-3.0.4.tgz. Extracting by manifest.
3492 silly tarball no local data for @types/d3-scale@https://registry.npmjs.org/@types/d3-scale/-/d3-scale-4.0.9.tgz. Extracting by manifest.
3493 silly tarball no local data for d3-array@https://registry.npmjs.org/d3-array/-/d3-array-3.2.4.tgz. Extracting by manifest.
3494 silly tarball no local data for @types/d3-interpolate@https://registry.npmjs.org/@types/d3-interpolate/-/d3-interpolate-3.0.4.tgz. Extracting by manifest.
3495 silly tarball no local data for @types/d3-array@https://registry.npmjs.org/@types/d3-array/-/d3-array-3.2.2.tgz. Extracting by manifest.
3496 silly tarball no local data for base64-arraybuffer@https://registry.npmjs.org/base64-arraybuffer/-/base64-arraybuffer-1.0.2.tgz. Extracting by manifest.
3497 silly tarball no local data for detect-node-es@https://registry.npmjs.org/detect-node-es/-/detect-node-es-1.1.0.tgz. Extracting by manifest.
3498 silly tarball no local data for @types/d3-ease@https://registry.npmjs.org/@types/d3-ease/-/d3-ease-3.0.2.tgz. Extracting by manifest.
3499 silly tarball no local data for escalade@https://registry.npmjs.org/escalade/-/escalade-3.2.0.tgz. Extracting by manifest.
3500 silly tarball no local data for require-from-string@https://registry.npmjs.org/require-from-string/-/require-from-string-2.0.2.tgz. Extracting by manifest.
3501 silly tarball no local data for webgl-sdf-generator@https://registry.npmjs.org/webgl-sdf-generator/-/webgl-sdf-generator-1.1.1.tgz. Extracting by manifest.
3502 silly tarball no local data for troika-worker-utils@https://registry.npmjs.org/troika-worker-utils/-/troika-worker-utils-0.52.0.tgz. Extracting by manifest.
3503 silly tarball no local data for troika-three-utils@https://registry.npmjs.org/troika-three-utils/-/troika-three-utils-0.52.5.tgz. Extracting by manifest.
3504 silly tarball no local data for bidi-js@https://registry.npmjs.org/bidi-js/-/bidi-js-1.0.3.tgz. Extracting by manifest.
3505 silly tarball no local data for draco3d@https://registry.npmjs.org/draco3d/-/draco3d-1.5.7.tgz. Extracting by manifest.
3506 silly tarball no local data for is-number@https://registry.npmjs.org/is-number/-/is-number-7.0.0.tgz. Extracting by manifest.
3507 silly tarball no local data for potpack@https://registry.npmjs.org/potpack/-/potpack-1.0.2.tgz. Extracting by manifest.
3508 silly tarball no local data for @types/offscreencanvas@https://registry.npmjs.org/@types/offscreencanvas/-/offscreencanvas-2019.7.3.tgz. Extracting by manifest.
3509 silly tarball no local data for @types/draco3d@https://registry.npmjs.org/@types/draco3d/-/draco3d-1.4.10.tgz. Extracting by manifest.
3510 silly tarball no local data for thenify-all@https://registry.npmjs.org/thenify-all/-/thenify-all-1.6.0.tgz. Extracting by manifest.
3511 silly tarball no local data for thenify@https://registry.npmjs.org/thenify/-/thenify-3.3.1.tgz. Extracting by manifest.
3512 silly tarball no local data for ts-interface-checker@https://registry.npmjs.org/ts-interface-checker/-/ts-interface-checker-0.1.13.tgz. Extracting by manifest.
3513 silly tarball no local data for any-promise@https://registry.npmjs.org/any-promise/-/any-promise-1.3.0.tgz. Extracting by manifest.
3514 silly tarball no local data for tinyglobby@https://registry.npmjs.org/tinyglobby/-/tinyglobby-0.2.17.tgz. Extracting by manifest.
3515 silly tarball no local data for pirates@https://registry.npmjs.org/pirates/-/pirates-4.0.7.tgz. Extracting by manifest.
3516 silly tarball no local data for lines-and-columns@https://registry.npmjs.org/lines-and-columns/-/lines-and-columns-1.2.4.tgz. Extracting by manifest.
3517 silly tarball no local data for mz@https://registry.npmjs.org/mz/-/mz-2.7.0.tgz. Extracting by manifest.
3518 silly tarball no local data for queue-microtask@https://registry.npmjs.org/queue-microtask/-/queue-microtask-1.2.3.tgz. Extracting by manifest.
3519 silly tarball no local data for commander@https://registry.npmjs.org/commander/-/commander-4.1.1.tgz. Extracting by manifest.
3520 silly tarball no local data for hasown@https://registry.npmjs.org/hasown/-/hasown-2.0.4.tgz. Extracting by manifest.
3521 silly tarball no local data for supports-preserve-symlinks-flag@https://registry.npmjs.org/supports-preserve-symlinks-flag/-/supports-preserve-symlinks-flag-1.0.0.tgz. Extracting by manifest.
3522 silly tarball no local data for function-bind@https://registry.npmjs.org/function-bind/-/function-bind-1.1.2.tgz. Extracting by manifest.
3523 silly tarball no local data for path-parse@https://registry.npmjs.org/path-parse/-/path-parse-1.0.7.tgz. Extracting by manifest.
3524 silly tarball no local data for es-errors@https://registry.npmjs.org/es-errors/-/es-errors-1.3.0.tgz. Extracting by manifest.
3525 silly tarball no local data for is-core-module@https://registry.npmjs.org/is-core-module/-/is-core-module-2.16.2.tgz. Extracting by manifest.
3526 silly tarball no local data for pify@https://registry.npmjs.org/pify/-/pify-2.3.0.tgz. Extracting by manifest.
3527 silly tarball no local data for read-cache@https://registry.npmjs.org/read-cache/-/read-cache-1.0.0.tgz. Extracting by manifest.
3528 silly tarball no local data for camelcase-css@https://registry.npmjs.org/camelcase-css/-/camelcase-css-2.0.1.tgz. Extracting by manifest.
3529 silly tarball no local data for is-extglob@https://registry.npmjs.org/is-extglob/-/is-extglob-2.1.1.tgz. Extracting by manifest.
3530 silly tarball no local data for binary-extensions@https://registry.npmjs.org/binary-extensions/-/binary-extensions-2.3.0.tgz. Extracting by manifest.
3531 silly tarball no local data for to-regex-range@https://registry.npmjs.org/to-regex-range/-/to-regex-range-5.0.1.tgz. Extracting by manifest.
3532 silly tarball no local data for reusify@https://registry.npmjs.org/reusify/-/reusify-1.1.0.tgz. Extracting by manifest.
3533 silly tarball no local data for fastq@https://registry.npmjs.org/fastq/-/fastq-1.20.1.tgz. Extracting by manifest.
3534 silly tarball no local data for run-parallel@https://registry.npmjs.org/run-parallel/-/run-parallel-1.2.0.tgz. Extracting by manifest.
3535 silly tarball no local data for @nodelib/fs.scandir@https://registry.npmjs.org/@nodelib/fs.scandir/-/fs.scandir-2.1.5.tgz. Extracting by manifest.
3536 silly tarball no local data for merge2@https://registry.npmjs.org/merge2/-/merge2-1.4.1.tgz. Extracting by manifest.
3537 silly tarball no local data for @nodelib/fs.stat@https://registry.npmjs.org/@nodelib/fs.stat/-/fs.stat-2.0.5.tgz. Extracting by manifest.
3538 silly tarball no local data for @nodelib/fs.walk@https://registry.npmjs.org/@nodelib/fs.walk/-/fs.walk-1.2.8.tgz. Extracting by manifest.
3539 silly tarball no local data for picomatch@https://registry.npmjs.org/picomatch/-/picomatch-2.3.2.tgz. Extracting by manifest.
3540 silly tarball no local data for readdirp@https://registry.npmjs.org/readdirp/-/readdirp-3.6.0.tgz. Extracting by manifest.
3541 silly tarball no local data for fill-range@https://registry.npmjs.org/fill-range/-/fill-range-7.1.1.tgz. Extracting by manifest.
3542 silly tarball no local data for is-binary-path@https://registry.npmjs.org/is-binary-path/-/is-binary-path-2.1.0.tgz. Extracting by manifest.
3543 silly tarball no local data for braces@https://registry.npmjs.org/braces/-/braces-3.0.3.tgz. Extracting by manifest.
3544 silly tarball no local data for anymatch@https://registry.npmjs.org/anymatch/-/anymatch-3.1.3.tgz. Extracting by manifest.
3545 silly tarball no local data for sucrase@https://registry.npmjs.org/sucrase/-/sucrase-3.35.1.tgz. Extracting by manifest.
3546 silly tarball no local data for resolve@https://registry.npmjs.org/resolve/-/resolve-1.22.12.tgz. Extracting by manifest.
3547 silly tarball no local data for postcss-load-config@https://registry.npmjs.org/postcss-load-config/-/postcss-load-config-6.0.1.tgz. Extracting by manifest.
3548 silly tarball no local data for postcss-nested@https://registry.npmjs.org/postcss-nested/-/postcss-nested-6.2.0.tgz. Extracting by manifest.
3549 silly tarball no local data for postcss-import@https://registry.npmjs.org/postcss-import/-/postcss-import-15.1.0.tgz. Extracting by manifest.
3550 silly tarball no local data for normalize-path@https://registry.npmjs.org/normalize-path/-/normalize-path-3.0.0.tgz. Extracting by manifest.
3551 silly tarball no local data for object-hash@https://registry.npmjs.org/object-hash/-/object-hash-3.0.0.tgz. Extracting by manifest.
3552 silly tarball no local data for postcss-js@https://registry.npmjs.org/postcss-js/-/postcss-js-4.1.0.tgz. Extracting by manifest.
3553 silly tarball no local data for jiti@https://registry.npmjs.org/jiti/-/jiti-1.21.7.tgz. Extracting by manifest.
3554 silly tarball no local data for lilconfig@https://registry.npmjs.org/lilconfig/-/lilconfig-3.1.3.tgz. Extracting by manifest.
3555 silly tarball no local data for micromatch@https://registry.npmjs.org/micromatch/-/micromatch-4.0.8.tgz. Extracting by manifest.
3556 silly tarball no local data for is-glob@https://registry.npmjs.org/is-glob/-/is-glob-4.0.3.tgz. Extracting by manifest.
3557 silly tarball no local data for glob-parent@https://registry.npmjs.org/glob-parent/-/glob-parent-6.0.2.tgz. Extracting by manifest.
3558 silly tarball no local data for fast-glob@https://registry.npmjs.org/fast-glob/-/fast-glob-3.3.3.tgz. Extracting by manifest.
3559 silly tarball no local data for dlv@https://registry.npmjs.org/dlv/-/dlv-1.1.3.tgz. Extracting by manifest.
3560 silly tarball no local data for chokidar@https://registry.npmjs.org/chokidar/-/chokidar-3.6.0.tgz. Extracting by manifest.
3561 silly tarball no local data for didyoumean@https://registry.npmjs.org/didyoumean/-/didyoumean-1.2.2.tgz. Extracting by manifest.
3562 silly tarball no local data for @alloc/quick-lru@https://registry.npmjs.org/@alloc/quick-lru/-/quick-lru-5.2.0.tgz. Extracting by manifest.
3563 silly tarball no local data for arg@https://registry.npmjs.org/arg/-/arg-5.0.2.tgz. Extracting by manifest.
3564 silly tarball no local data for stackframe@https://registry.npmjs.org/stackframe/-/stackframe-1.3.4.tgz. Extracting by manifest.
3565 silly tarball no local data for stacktrace-gps@https://registry.npmjs.org/stacktrace-gps/-/stacktrace-gps-3.1.2.tgz. Extracting by manifest.
3566 silly tarball no local data for stack-generator@https://registry.npmjs.org/stack-generator/-/stack-generator-2.0.10.tgz. Extracting by manifest.
3567 silly tarball no local data for shebang-regex@https://registry.npmjs.org/shebang-regex/-/shebang-regex-3.0.0.tgz. Extracting by manifest.
3568 silly tarball no local data for error-stack-parser@https://registry.npmjs.org/error-stack-parser/-/error-stack-parser-2.1.4.tgz. Extracting by manifest.
3569 silly tarball no local data for decimal.js-light@https://registry.npmjs.org/decimal.js-light/-/decimal.js-light-2.5.1.tgz. Extracting by manifest.
3570 silly tarball no local data for dom-helpers@https://registry.npmjs.org/dom-helpers/-/dom-helpers-5.2.1.tgz. Extracting by manifest.
3571 silly tarball no local data for object-assign@https://registry.npmjs.org/object-assign/-/object-assign-4.1.1.tgz. Extracting by manifest.
3572 silly tarball no local data for react-transition-group@https://registry.npmjs.org/react-transition-group/-/react-transition-group-4.4.5.tgz. Extracting by manifest.
3573 silly tarball no local data for prop-types@https://registry.npmjs.org/prop-types/-/prop-types-15.8.1.tgz. Extracting by manifest.
3574 silly tarball no local data for loose-envify@https://registry.npmjs.org/loose-envify/-/loose-envify-1.4.0.tgz. Extracting by manifest.
3575 silly tarball no local data for fast-equals@https://registry.npmjs.org/fast-equals/-/fast-equals-5.4.1.tgz. Extracting by manifest.
3576 silly tarball no local data for victory-vendor@https://registry.npmjs.org/victory-vendor/-/victory-vendor-36.9.2.tgz. Extracting by manifest.
3577 silly tarball no local data for recharts-scale@https://registry.npmjs.org/recharts-scale/-/recharts-scale-0.4.5.tgz. Extracting by manifest.
3578 silly tarball no local data for lodash@https://registry.npmjs.org/lodash/-/lodash-4.18.1.tgz. Extracting by manifest.
3579 silly tarball no local data for react-is@https://registry.npmjs.org/react-is/-/react-is-18.3.1.tgz. Extracting by manifest.
3580 silly tarball no local data for react-smooth@https://registry.npmjs.org/react-smooth/-/react-smooth-4.0.4.tgz. Extracting by manifest.
3581 silly tarball no local data for hyphenate-style-name@https://registry.npmjs.org/hyphenate-style-name/-/hyphenate-style-name-1.1.0.tgz. Extracting by manifest.
3582 silly tarball no local data for css-in-js-utils@https://registry.npmjs.org/css-in-js-utils/-/css-in-js-utils-3.1.0.tgz. Extracting by manifest.
3583 silly tarball no local data for source-map@https://registry.npmjs.org/source-map/-/source-map-0.6.1.tgz. Extracting by manifest.
3584 silly tarball no local data for mdn-data@https://registry.npmjs.org/mdn-data/-/mdn-data-2.0.14.tgz. Extracting by manifest.
3585 silly tarball no local data for stacktrace-js@https://registry.npmjs.org/stacktrace-js/-/stacktrace-js-2.0.2.tgz. Extracting by manifest.
3586 silly tarball no local data for stylis@https://registry.npmjs.org/stylis/-/stylis-4.4.0.tgz. Extracting by manifest.
3587 silly tarball no local data for rtl-css-js@https://registry.npmjs.org/rtl-css-js/-/rtl-css-js-1.16.1.tgz. Extracting by manifest.
3588 silly tarball no local data for css-tree@https://registry.npmjs.org/css-tree/-/css-tree-1.1.3.tgz. Extracting by manifest.
3589 silly tarball no local data for inline-style-prefixer@https://registry.npmjs.org/inline-style-prefixer/-/inline-style-prefixer-7.0.1.tgz. Extracting by manifest.
3590 silly tarball no local data for toggle-selection@https://registry.npmjs.org/toggle-selection/-/toggle-selection-1.0.6.tgz. Extracting by manifest.
3591 silly tarball no local data for ts-easing@https://registry.npmjs.org/ts-easing/-/ts-easing-0.2.0.tgz. Extracting by manifest.
3592 silly tarball no local data for fastest-stable-stringify@https://registry.npmjs.org/fastest-stable-stringify/-/fastest-stable-stringify-2.0.2.tgz. Extracting by manifest.
3593 silly tarball no local data for throttle-debounce@https://registry.npmjs.org/throttle-debounce/-/throttle-debounce-3.0.1.tgz. Extracting by manifest.
3594 silly tarball no local data for screenfull@https://registry.npmjs.org/screenfull/-/screenfull-5.2.0.tgz. Extracting by manifest.
3595 silly tarball no local data for set-harmonic-interval@https://registry.npmjs.org/set-harmonic-interval/-/set-harmonic-interval-1.0.1.tgz. Extracting by manifest.
3596 silly tarball no local data for resize-observer-polyfill@https://registry.npmjs.org/resize-observer-polyfill/-/resize-observer-polyfill-1.5.1.tgz. Extracting by manifest.
3597 silly tarball no local data for nano-css@https://registry.npmjs.org/nano-css/-/nano-css-5.6.2.tgz. Extracting by manifest.
3598 silly tarball no local data for fast-shallow-equal@https://registry.npmjs.org/fast-shallow-equal/-/fast-shallow-equal-1.0.0.tgz. Extracting by manifest.
3599 silly tarball no local data for js-cookie@https://registry.npmjs.org/js-cookie/-/js-cookie-3.0.8.tgz. Extracting by manifest.
3600 silly tarball no local data for react-universal-interface@https://registry.npmjs.org/react-universal-interface/-/react-universal-interface-0.6.2.tgz. Extracting by manifest.
3601 silly tarball no local data for fast-deep-equal@https://registry.npmjs.org/fast-deep-equal/-/fast-deep-equal-3.1.3.tgz. Extracting by manifest.
3602 silly tarball no local data for copy-to-clipboard@https://registry.npmjs.org/copy-to-clipboard/-/copy-to-clipboard-3.3.3.tgz. Extracting by manifest.
3603 silly tarball no local data for @types/js-cookie@https://registry.npmjs.org/@types/js-cookie/-/js-cookie-3.0.6.tgz. Extracting by manifest.
3604 silly tarball no local data for get-nonce@https://registry.npmjs.org/get-nonce/-/get-nonce-1.0.1.tgz. Extracting by manifest.
3605 silly tarball no local data for use-sidecar@https://registry.npmjs.org/use-sidecar/-/use-sidecar-1.1.3.tgz. Extracting by manifest.
3606 silly tarball no local data for @xobotyi/scrollbar-width@https://registry.npmjs.org/@xobotyi/scrollbar-width/-/scrollbar-width-1.9.5.tgz. Extracting by manifest.
3607 silly tarball no local data for use-callback-ref@https://registry.npmjs.org/use-callback-ref/-/use-callback-ref-1.3.3.tgz. Extracting by manifest.
3608 silly tarball no local data for react-remove-scroll-bar@https://registry.npmjs.org/react-remove-scroll-bar/-/react-remove-scroll-bar-2.3.8.tgz. Extracting by manifest.
3609 silly tarball no local data for eventemitter3@https://registry.npmjs.org/eventemitter3/-/eventemitter3-5.0.4.tgz. Extracting by manifest.
3610 silly tarball no local data for quill@https://registry.npmjs.org/quill/-/quill-2.0.3.tgz. Extracting by manifest.
3611 silly tarball no local data for react-style-singleton@https://registry.npmjs.org/react-style-singleton/-/react-style-singleton-2.2.3.tgz. Extracting by manifest.
3612 silly tarball no local data for parchment@https://registry.npmjs.org/parchment/-/parchment-3.0.0.tgz. Extracting by manifest.
3613 silly tarball no local data for lodash-es@https://registry.npmjs.org/lodash-es/-/lodash-es-4.18.1.tgz. Extracting by manifest.
3614 silly tarball no local data for date-fns-jalali@https://registry.npmjs.org/date-fns-jalali/-/date-fns-jalali-4.1.0-0.tgz. Extracting by manifest.
3615 silly tarball no local data for @tabby_ai/hijri-converter@https://registry.npmjs.org/@tabby_ai/hijri-converter/-/hijri-converter-1.0.5.tgz. Extracting by manifest.
3616 silly tarball no local data for lodash.isequal@https://registry.npmjs.org/lodash.isequal/-/lodash.isequal-4.5.0.tgz. Extracting by manifest.
3617 silly tarball no local data for lodash.clonedeep@https://registry.npmjs.org/lodash.clonedeep/-/lodash.clonedeep-4.5.0.tgz. Extracting by manifest.
3618 silly tarball no local data for @date-fns/tz@https://registry.npmjs.org/@date-fns/tz/-/tz-1.5.0.tgz. Extracting by manifest.
3619 silly tarball no local data for fast-diff@https://registry.npmjs.org/fast-diff/-/fast-diff-1.3.0.tgz. Extracting by manifest.
3620 silly tarball no local data for immediate@https://registry.npmjs.org/immediate/-/immediate-3.0.6.tgz. Extracting by manifest.
3621 silly tarball no local data for util-deprecate@https://registry.npmjs.org/util-deprecate/-/util-deprecate-1.0.2.tgz. Extracting by manifest.
3622 silly tarball no local data for lie@https://registry.npmjs.org/lie/-/lie-3.3.0.tgz. Extracting by manifest.
3623 silly tarball no local data for cssesc@https://registry.npmjs.org/cssesc/-/cssesc-3.0.0.tgz. Extracting by manifest.
3624 silly tarball no local data for is-promise@https://registry.npmjs.org/is-promise/-/is-promise-2.2.2.tgz. Extracting by manifest.
3625 silly tarball no local data for source-map-js@https://registry.npmjs.org/source-map-js/-/source-map-js-1.2.1.tgz. Extracting by manifest.
3626 silly tarball no local data for nanoid@https://registry.npmjs.org/nanoid/-/nanoid-3.3.16.tgz. Extracting by manifest.
3627 silly tarball no local data for motion-utils@https://registry.npmjs.org/motion-utils/-/motion-utils-12.39.0.tgz. Extracting by manifest.
3628 silly tarball no local data for framer-motion@https://registry.npmjs.org/framer-motion/-/framer-motion-12.42.2.tgz. Extracting by manifest.
3629 silly tarball no local data for yallist@https://registry.npmjs.org/yallist/-/yallist-3.1.1.tgz. Extracting by manifest.
3630 silly tarball no local data for motion-dom@https://registry.npmjs.org/motion-dom/-/motion-dom-12.42.2.tgz. Extracting by manifest.
3631 silly tarball no local data for utrie@https://registry.npmjs.org/utrie/-/utrie-1.0.2.tgz. Extracting by manifest.
3632 silly tarball no local data for css-line-break@https://registry.npmjs.org/css-line-break/-/css-line-break-2.1.0.tgz. Extracting by manifest.
3633 silly tarball no local data for text-segmentation@https://registry.npmjs.org/text-segmentation/-/text-segmentation-1.0.3.tgz. Extracting by manifest.
3634 silly tarball no local data for minimist@https://registry.npmjs.org/minimist/-/minimist-1.2.8.tgz. Extracting by manifest.
3635 silly tarball no local data for embla-carousel@https://registry.npmjs.org/embla-carousel/-/embla-carousel-8.6.0.tgz. Extracting by manifest.
3636 silly tarball no local data for embla-carousel-reactive-utils@https://registry.npmjs.org/embla-carousel-reactive-utils/-/embla-carousel-reactive-utils-8.6.0.tgz. Extracting by manifest.
3637 silly tarball no local data for dotenv-expand@https://registry.npmjs.org/dotenv-expand/-/dotenv-expand-10.0.0.tgz. Extracting by manifest.
3638 silly tarball no local data for webgl-constants@https://registry.npmjs.org/webgl-constants/-/webgl-constants-1.1.1.tgz. Extracting by manifest.
3639 silly tarball no local data for which@https://registry.npmjs.org/which/-/which-2.0.2.tgz. Extracting by manifest.
3640 silly tarball no local data for shebang-command@https://registry.npmjs.org/shebang-command/-/shebang-command-2.0.0.tgz. Extracting by manifest.
3641 silly tarball no local data for ms@https://registry.npmjs.org/ms/-/ms-2.1.3.tgz. Extracting by manifest.
3642 silly tarball no local data for path-key@https://registry.npmjs.org/path-key/-/path-key-3.1.1.tgz. Extracting by manifest.
3643 silly tarball no local data for ieee754@https://registry.npmjs.org/ieee754/-/ieee754-1.2.1.tgz. Extracting by manifest.
3644 silly tarball no local data for update-browserslist-db@https://registry.npmjs.org/update-browserslist-db/-/update-browserslist-db-1.2.3.tgz. Extracting by manifest.
3645 silly tarball no local data for node-releases@https://registry.npmjs.org/node-releases/-/node-releases-2.0.51.tgz. Extracting by manifest.
3646 silly tarball no local data for cross-spawn@https://registry.npmjs.org/cross-spawn/-/cross-spawn-7.0.6.tgz. Extracting by manifest.
3647 silly tarball no local data for electron-to-chromium@https://registry.npmjs.org/electron-to-chromium/-/electron-to-chromium-1.5.396.tgz. Extracting by manifest.
3648 silly tarball no local data for baseline-browser-mapping@https://registry.npmjs.org/baseline-browser-mapping/-/baseline-browser-mapping-2.11.4.tgz. Extracting by manifest.
3649 silly tarball no local data for fraction.js@https://registry.npmjs.org/fraction.js/-/fraction.js-5.3.4.tgz. Extracting by manifest.
3650 silly tarball no local data for postcss-value-parser@https://registry.npmjs.org/postcss-value-parser/-/postcss-value-parser-4.2.0.tgz. Extracting by manifest.
3651 silly tarball no local data for caniuse-lite@https://registry.npmjs.org/caniuse-lite/-/caniuse-lite-1.0.30001806.tgz. Extracting by manifest.
3652 silly tarball no local data for tslib@https://registry.npmjs.org/tslib/-/tslib-2.8.1.tgz. Extracting by manifest.
3653 silly tarball no local data for @types/babel__traverse@https://registry.npmjs.org/@types/babel__traverse/-/babel__traverse-7.28.0.tgz. Extracting by manifest.
3654 silly tarball no local data for @types/babel__generator@https://registry.npmjs.org/@types/babel__generator/-/babel__generator-7.27.0.tgz. Extracting by manifest.
3655 silly tarball no local data for @jridgewell/resolve-uri@https://registry.npmjs.org/@jridgewell/resolve-uri/-/resolve-uri-3.1.2.tgz. Extracting by manifest.
3656 silly tarball no local data for @types/babel__template@https://registry.npmjs.org/@types/babel__template/-/babel__template-7.4.4.tgz. Extracting by manifest.
3657 silly tarball no local data for @jridgewell/sourcemap-codec@https://registry.npmjs.org/@jridgewell/sourcemap-codec/-/sourcemap-codec-1.5.5.tgz. Extracting by manifest.
3658 silly tarball no local data for @babel/helper-string-parser@https://registry.npmjs.org/@babel/helper-string-parser/-/helper-string-parser-7.29.7.tgz. Extracting by manifest.
3659 silly tarball no local data for @babel/helper-globals@https://registry.npmjs.org/@babel/helper-globals/-/helper-globals-7.29.7.tgz. Extracting by manifest.
3660 silly tarball no local data for @babel/helper-module-imports@https://registry.npmjs.org/@babel/helper-module-imports/-/helper-module-imports-7.29.7.tgz. Extracting by manifest.
3661 silly tarball no local data for lru-cache@https://registry.npmjs.org/lru-cache/-/lru-cache-5.1.1.tgz. Extracting by manifest.
3662 silly tarball no local data for @babel/helper-plugin-utils@https://registry.npmjs.org/@babel/helper-plugin-utils/-/helper-plugin-utils-7.29.7.tgz. Extracting by manifest.
3663 silly tarball no local data for browserslist@https://registry.npmjs.org/browserslist/-/browserslist-4.28.7.tgz. Extracting by manifest.
3664 silly tarball no local data for @babel/helper-validator-option@https://registry.npmjs.org/@babel/helper-validator-option/-/helper-validator-option-7.29.7.tgz. Extracting by manifest.
3665 silly tarball no local data for @babel/compat-data@https://registry.npmjs.org/@babel/compat-data/-/compat-data-7.29.7.tgz. Extracting by manifest.
3666 silly tarball no local data for @jridgewell/trace-mapping@https://registry.npmjs.org/@jridgewell/trace-mapping/-/trace-mapping-0.3.31.tgz. Extracting by manifest.
3667 silly tarball no local data for @jridgewell/gen-mapping@https://registry.npmjs.org/@jridgewell/gen-mapping/-/gen-mapping-0.3.13.tgz. Extracting by manifest.
3668 silly tarball no local data for jsesc@https://registry.npmjs.org/jsesc/-/jsesc-3.1.0.tgz. Extracting by manifest.
3669 silly tarball no local data for js-tokens@https://registry.npmjs.org/js-tokens/-/js-tokens-4.0.0.tgz. Extracting by manifest.
3670 silly tarball no local data for @babel/helper-validator-identifier@https://registry.npmjs.org/@babel/helper-validator-identifier/-/helper-validator-identifier-7.29.7.tgz. Extracting by manifest.
3671 silly tarball no local data for picocolors@https://registry.npmjs.org/picocolors/-/picocolors-1.1.1.tgz. Extracting by manifest.
3672 silly tarball no local data for semver@https://registry.npmjs.org/semver/-/semver-6.3.1.tgz. Extracting by manifest.
3673 silly tarball no local data for json5@https://registry.npmjs.org/json5/-/json5-2.2.3.tgz. Extracting by manifest.
3674 silly tarball no local data for debug@https://registry.npmjs.org/debug/-/debug-4.4.3.tgz. Extracting by manifest.
3675 silly tarball no local data for gensync@https://registry.npmjs.org/gensync/-/gensync-1.0.0-beta.2.tgz. Extracting by manifest.
3676 silly tarball no local data for convert-source-map@https://registry.npmjs.org/convert-source-map/-/convert-source-map-2.0.0.tgz. Extracting by manifest.
3677 silly tarball no local data for @jridgewell/remapping@https://registry.npmjs.org/@jridgewell/remapping/-/remapping-2.3.5.tgz. Extracting by manifest.
3678 silly tarball no local data for @babel/types@https://registry.npmjs.org/@babel/types/-/types-7.29.7.tgz. Extracting by manifest.
3679 silly tarball no local data for @babel/traverse@https://registry.npmjs.org/@babel/traverse/-/traverse-7.29.7.tgz. Extracting by manifest.
3680 silly tarball no local data for @babel/template@https://registry.npmjs.org/@babel/template/-/template-7.29.7.tgz. Extracting by manifest.
3681 silly tarball no local data for @babel/parser@https://registry.npmjs.org/@babel/parser/-/parser-7.29.7.tgz. Extracting by manifest.
3682 silly tarball no local data for @babel/helpers@https://registry.npmjs.org/@babel/helpers/-/helpers-7.29.7.tgz. Extracting by manifest.
3683 silly tarball no local data for @babel/helper-compilation-targets@https://registry.npmjs.org/@babel/helper-compilation-targets/-/helper-compilation-targets-7.29.7.tgz. Extracting by manifest.
3684 silly tarball no local data for @babel/helper-module-transforms@https://registry.npmjs.org/@babel/helper-module-transforms/-/helper-module-transforms-7.29.7.tgz. Extracting by manifest.
3685 silly tarball no local data for @babel/generator@https://registry.npmjs.org/@babel/generator/-/generator-7.29.7.tgz. Extracting by manifest.
3686 silly tarball no local data for @babel/code-frame@https://registry.npmjs.org/@babel/code-frame/-/code-frame-7.29.7.tgz. Extracting by manifest.
3687 silly tarball no local data for react-refresh@https://registry.npmjs.org/react-refresh/-/react-refresh-0.17.0.tgz. Extracting by manifest.
3688 silly tarball no local data for @babel/plugin-transform-react-jsx-source@https://registry.npmjs.org/@babel/plugin-transform-react-jsx-source/-/plugin-transform-react-jsx-source-7.29.7.tgz. Extracting by manifest.
3689 silly tarball no local data for @types/babel__core@https://registry.npmjs.org/@types/babel__core/-/babel__core-7.20.5.tgz. Extracting by manifest.
3690 silly tarball no local data for @rolldown/pluginutils@https://registry.npmjs.org/@rolldown/pluginutils/-/pluginutils-1.0.0-beta.27.tgz. Extracting by manifest.
3691 silly tarball no local data for @babel/plugin-transform-react-jsx-self@https://registry.npmjs.org/@babel/plugin-transform-react-jsx-self/-/plugin-transform-react-jsx-self-7.29.7.tgz. Extracting by manifest.
3692 silly tarball no local data for @babel/core@https://registry.npmjs.org/@babel/core/-/core-7.29.7.tgz. Extracting by manifest.
3693 silly tarball no local data for meshoptimizer@https://registry.npmjs.org/meshoptimizer/-/meshoptimizer-0.18.1.tgz. Extracting by manifest.
3694 silly tarball no local data for fflate@https://registry.npmjs.org/fflate/-/fflate-0.8.3.tgz. Extracting by manifest.
3695 silly tarball no local data for @use-gesture/core@https://registry.npmjs.org/@use-gesture/core/-/core-10.3.1.tgz. Extracting by manifest.
3696 silly tarball no local data for @webgpu/types@https://registry.npmjs.org/@webgpu/types/-/types-0.1.71.tgz. Extracting by manifest.
3697 silly tarball no local data for @types/stats.js@https://registry.npmjs.org/@types/stats.js/-/stats.js-0.17.4.tgz. Extracting by manifest.
3698 silly tarball no local data for @tweenjs/tween.js@https://registry.npmjs.org/@tweenjs/tween.js/-/tween.js-23.1.3.tgz. Extracting by manifest.
3699 silly tarball no local data for csstype@https://registry.npmjs.org/csstype/-/csstype-3.2.3.tgz. Extracting by manifest.
3700 silly tarball no local data for @dimforge/rapier3d-compat@https://registry.npmjs.org/@dimforge/rapier3d-compat/-/rapier3d-compat-0.12.0.tgz. Extracting by manifest.
3701 silly tarball no local data for seroval-plugins@https://registry.npmjs.org/seroval-plugins/-/seroval-plugins-1.5.6.tgz. Extracting by manifest.
3702 silly tarball no local data for undici-types@https://registry.npmjs.org/undici-types/-/undici-types-6.21.0.tgz. Extracting by manifest.
3703 silly tarball no local data for cookie-es@https://registry.npmjs.org/cookie-es/-/cookie-es-1.2.3.tgz. Extracting by manifest.
3704 silly tarball no local data for seroval@https://registry.npmjs.org/seroval/-/seroval-1.5.6.tgz. Extracting by manifest.
3705 silly tarball no local data for @tanstack/store@https://registry.npmjs.org/@tanstack/store/-/store-0.7.7.tgz. Extracting by manifest.
3706 silly tarball no local data for tiny-warning@https://registry.npmjs.org/tiny-warning/-/tiny-warning-1.0.3.tgz. Extracting by manifest.
3707 silly tarball no local data for tiny-invariant@https://registry.npmjs.org/tiny-invariant/-/tiny-invariant-1.3.3.tgz. Extracting by manifest.
3708 silly tarball no local data for isbot@https://registry.npmjs.org/isbot/-/isbot-5.2.1.tgz. Extracting by manifest.
3709 silly tarball no local data for @tanstack/router-core@https://registry.npmjs.org/@tanstack/router-core/-/router-core-1.131.50.tgz. Extracting by manifest.
3710 silly tarball no local data for @tanstack/react-store@https://registry.npmjs.org/@tanstack/react-store/-/react-store-0.7.7.tgz. Extracting by manifest.
3711 silly tarball no local data for @tanstack/history@https://registry.npmjs.org/@tanstack/history/-/history-1.131.2.tgz. Extracting by manifest.
3712 silly tarball no local data for @tanstack/query-core@https://registry.npmjs.org/@tanstack/query-core/-/query-core-5.101.4.tgz. Extracting by manifest.
3713 silly tarball no local data for postcss-selector-parser@https://registry.npmjs.org/postcss-selector-parser/-/postcss-selector-parser-6.0.10.tgz. Extracting by manifest.
3714 silly tarball no local data for lodash.merge@https://registry.npmjs.org/lodash.merge/-/lodash.merge-4.6.2.tgz. Extracting by manifest.
3715 silly tarball no local data for lodash.isplainobject@https://registry.npmjs.org/lodash.isplainobject/-/lodash.isplainobject-4.0.6.tgz. Extracting by manifest.
3716 silly tarball no local data for scheduler@https://registry.npmjs.org/scheduler/-/scheduler-0.25.0.tgz. Extracting by manifest.
3717 silly tarball no local data for lodash.castarray@https://registry.npmjs.org/lodash.castarray/-/lodash.castarray-4.4.0.tgz. Extracting by manifest.
3718 silly tarball no local data for react-use-measure@https://registry.npmjs.org/react-use-measure/-/react-use-measure-2.1.7.tgz. Extracting by manifest.
3719 silly tarball no local data for react-reconciler@https://registry.npmjs.org/react-reconciler/-/react-reconciler-0.31.0.tgz. Extracting by manifest.
3720 silly tarball no local data for its-fine@https://registry.npmjs.org/its-fine/-/its-fine-2.0.0.tgz. Extracting by manifest.
3721 silly tarball no local data for buffer@https://registry.npmjs.org/buffer/-/buffer-6.0.3.tgz. Extracting by manifest.
3722 silly tarball no local data for base64-js@https://registry.npmjs.org/base64-js/-/base64-js-1.5.1.tgz. Extracting by manifest.
3723 silly tarball no local data for @types/react-reconciler@https://registry.npmjs.org/@types/react-reconciler/-/react-reconciler-0.28.9.tgz. Extracting by manifest.
3724 silly tarball no local data for @types/webxr@https://registry.npmjs.org/@types/webxr/-/webxr-0.5.24.tgz. Extracting by manifest.
3725 silly tarball no local data for promise-worker-transferable@https://registry.npmjs.org/promise-worker-transferable/-/promise-worker-transferable-1.0.4.tgz. Extracting by manifest.
3726 silly tarball no local data for utility-types@https://registry.npmjs.org/utility-types/-/utility-types-3.11.0.tgz. Extracting by manifest.
3727 silly tarball no local data for use-sync-external-store@https://registry.npmjs.org/use-sync-external-store/-/use-sync-external-store-1.6.0.tgz. Extracting by manifest.
3728 silly tarball no local data for tunnel-rat@https://registry.npmjs.org/tunnel-rat/-/tunnel-rat-0.1.2.tgz. Extracting by manifest.
3729 silly tarball no local data for troika-three-text@https://registry.npmjs.org/troika-three-text/-/troika-three-text-0.52.5.tgz. Extracting by manifest.
3730 silly tarball no local data for three-stdlib@https://registry.npmjs.org/three-stdlib/-/three-stdlib-2.36.1.tgz. Extracting by manifest.
3731 silly tarball no local data for three-mesh-bvh@https://registry.npmjs.org/three-mesh-bvh/-/three-mesh-bvh-0.8.3.tgz. Extracting by manifest.
3732 silly tarball no local data for suspend-react@https://registry.npmjs.org/suspend-react/-/suspend-react-0.1.3.tgz. Extracting by manifest.
3733 silly tarball no local data for stats.js@https://registry.npmjs.org/stats.js/-/stats.js-0.17.0.tgz. Extracting by manifest.
3734 silly tarball no local data for meshline@https://registry.npmjs.org/meshline/-/meshline-3.3.1.tgz. Extracting by manifest.
3735 silly tarball no local data for maath@https://registry.npmjs.org/maath/-/maath-0.10.8.tgz. Extracting by manifest.
3736 silly tarball no local data for stats-gl@https://registry.npmjs.org/stats-gl/-/stats-gl-2.4.2.tgz. Extracting by manifest.
3737 silly tarball no local data for hls.js@https://registry.npmjs.org/hls.js/-/hls.js-1.6.16.tgz. Extracting by manifest.
3738 silly tarball no local data for detect-gpu@https://registry.npmjs.org/detect-gpu/-/detect-gpu-5.0.70.tgz. Extracting by manifest.
3739 silly tarball no local data for glsl-noise@https://registry.npmjs.org/glsl-noise/-/glsl-noise-0.0.0.tgz. Extracting by manifest.
3740 silly tarball no local data for cross-env@https://registry.npmjs.org/cross-env/-/cross-env-7.0.3.tgz. Extracting by manifest.
3741 silly tarball no local data for camera-controls@https://registry.npmjs.org/camera-controls/-/camera-controls-2.10.1.tgz. Extracting by manifest.
3742 silly tarball no local data for @use-gesture/react@https://registry.npmjs.org/@use-gesture/react/-/react-10.3.1.tgz. Extracting by manifest.
3743 silly tarball no local data for @monogrid/gainmap-js@https://registry.npmjs.org/@monogrid/gainmap-js/-/gainmap-js-3.4.0.tgz. Extracting by manifest.
3744 silly tarball no local data for @mediapipe/tasks-vision@https://registry.npmjs.org/@mediapipe/tasks-vision/-/tasks-vision-0.10.17.tgz. Extracting by manifest.
3745 silly tarball no local data for @babel/runtime@https://registry.npmjs.org/@babel/runtime/-/runtime-7.29.7.tgz. Extracting by manifest.
3746 silly tarball no local data for cannon-es-debugger@https://registry.npmjs.org/cannon-es-debugger/-/cannon-es-debugger-1.0.0.tgz. Extracting by manifest.
3747 silly tarball no local data for cannon-es@https://registry.npmjs.org/cannon-es/-/cannon-es-0.20.0.tgz. Extracting by manifest.
3748 silly tarball no local data for @pmndrs/cannon-worker-api@https://registry.npmjs.org/@pmndrs/cannon-worker-api/-/cannon-worker-api-2.4.0.tgz. Extracting by manifest.
3749 silly tarball no local data for @radix-ui/number@https://registry.npmjs.org/@radix-ui/number/-/number-1.1.3.tgz. Extracting by manifest.
3750 silly tarball no local data for @floating-ui/utils@https://registry.npmjs.org/@floating-ui/utils/-/utils-0.2.12.tgz. Extracting by manifest.
3751 silly tarball no local data for @floating-ui/core@https://registry.npmjs.org/@floating-ui/core/-/core-1.8.0.tgz. Extracting by manifest.
3752 silly tarball no local data for @floating-ui/dom@https://registry.npmjs.org/@floating-ui/dom/-/dom-1.8.0.tgz. Extracting by manifest.
3753 silly tarball no local data for @radix-ui/rect@https://registry.npmjs.org/@radix-ui/rect/-/rect-1.1.3.tgz. Extracting by manifest.
3754 silly tarball no local data for @radix-ui/react-arrow@https://registry.npmjs.org/@radix-ui/react-arrow/-/react-arrow-1.1.15.tgz. Extracting by manifest.
3755 silly tarball no local data for @floating-ui/react-dom@https://registry.npmjs.org/@floating-ui/react-dom/-/react-dom-2.1.9.tgz. Extracting by manifest.
3756 silly tarball no local data for @radix-ui/react-use-rect@https://registry.npmjs.org/@radix-ui/react-use-rect/-/react-use-rect-1.1.4.tgz. Extracting by manifest.
3757 silly tarball no local data for @radix-ui/react-visually-hidden@https://registry.npmjs.org/@radix-ui/react-visually-hidden/-/react-visually-hidden-1.2.11.tgz. Extracting by manifest.
3758 silly tarball no local data for @radix-ui/react-use-previous@https://registry.npmjs.org/@radix-ui/react-use-previous/-/react-use-previous-1.1.4.tgz. Extracting by manifest.
3759 silly tarball no local data for @radix-ui/react-roving-focus@https://registry.npmjs.org/@radix-ui/react-roving-focus/-/react-roving-focus-1.1.19.tgz. Extracting by manifest.
3760 silly tarball no local data for @radix-ui/react-popper@https://registry.npmjs.org/@radix-ui/react-popper/-/react-popper-1.3.7.tgz. Extracting by manifest.
3761 silly tarball no local data for @radix-ui/react-use-effect-event@https://registry.npmjs.org/@radix-ui/react-use-effect-event/-/react-use-effect-event-0.0.5.tgz. Extracting by manifest.
3762 silly tarball no local data for react-remove-scroll@https://registry.npmjs.org/react-remove-scroll/-/react-remove-scroll-2.7.2.tgz. Extracting by manifest.
3763 silly tarball no local data for aria-hidden@https://registry.npmjs.org/aria-hidden/-/aria-hidden-1.2.6.tgz. Extracting by manifest.
3764 silly tarball no local data for @radix-ui/react-portal@https://registry.npmjs.org/@radix-ui/react-portal/-/react-portal-1.1.17.tgz. Extracting by manifest.
3765 silly tarball no local data for @radix-ui/react-focus-scope@https://registry.npmjs.org/@radix-ui/react-focus-scope/-/react-focus-scope-1.1.16.tgz. Extracting by manifest.
3766 silly tarball no local data for @radix-ui/react-focus-guards@https://registry.npmjs.org/@radix-ui/react-focus-guards/-/react-focus-guards-1.1.6.tgz. Extracting by manifest.
3767 silly tarball no local data for @radix-ui/react-dismissable-layer@https://registry.npmjs.org/@radix-ui/react-dismissable-layer/-/react-dismissable-layer-1.1.19.tgz. Extracting by manifest.
3768 silly tarball no local data for @radix-ui/react-menu@https://registry.npmjs.org/@radix-ui/react-menu/-/react-menu-2.1.24.tgz. Extracting by manifest.
3769 silly tarball no local data for @radix-ui/react-use-size@https://registry.npmjs.org/@radix-ui/react-use-size/-/react-use-size-1.1.4.tgz. Extracting by manifest.
3770 silly tarball no local data for @radix-ui/react-use-layout-effect@https://registry.npmjs.org/@radix-ui/react-use-layout-effect/-/react-use-layout-effect-1.1.4.tgz. Extracting by manifest.
3771 silly tarball no local data for @radix-ui/react-presence@https://registry.npmjs.org/@radix-ui/react-presence/-/react-presence-1.1.10.tgz. Extracting by manifest.
3772 silly tarball no local data for @radix-ui/react-use-is-hydrated@https://registry.npmjs.org/@radix-ui/react-use-is-hydrated/-/react-use-is-hydrated-0.1.3.tgz. Extracting by manifest.
3773 silly tarball no local data for @radix-ui/react-use-callback-ref@https://registry.npmjs.org/@radix-ui/react-use-callback-ref/-/react-use-callback-ref-1.1.4.tgz. Extracting by manifest.
3774 silly tarball no local data for @radix-ui/react-use-controllable-state@https://registry.npmjs.org/@radix-ui/react-use-controllable-state/-/react-use-controllable-state-1.2.6.tgz. Extracting by manifest.
3775 silly tarball no local data for @radix-ui/react-primitive@https://registry.npmjs.org/@radix-ui/react-primitive/-/react-primitive-2.1.10.tgz. Extracting by manifest.
3776 silly tarball no local data for @radix-ui/react-id@https://registry.npmjs.org/@radix-ui/react-id/-/react-id-1.1.4.tgz. Extracting by manifest.
3777 silly tarball no local data for @radix-ui/react-direction@https://registry.npmjs.org/@radix-ui/react-direction/-/react-direction-1.1.4.tgz. Extracting by manifest.
3778 silly tarball no local data for @radix-ui/react-context@https://registry.npmjs.org/@radix-ui/react-context/-/react-context-1.2.2.tgz. Extracting by manifest.
3779 silly tarball no local data for @radix-ui/react-compose-refs@https://registry.npmjs.org/@radix-ui/react-compose-refs/-/react-compose-refs-1.1.5.tgz. Extracting by manifest.
3780 silly tarball no local data for @radix-ui/react-collection@https://registry.npmjs.org/@radix-ui/react-collection/-/react-collection-1.1.15.tgz. Extracting by manifest.
3781 silly tarball no local data for @biomejs/cli-linux-x64@https://registry.npmjs.org/@biomejs/cli-linux-x64/-/cli-linux-x64-1.9.4.tgz. Extracting by manifest.
3782 silly tarball no local data for @radix-ui/primitive@https://registry.npmjs.org/@radix-ui/primitive/-/primitive-1.1.7.tgz. Extracting by manifest.
3783 silly tarball no local data for zustand@https://registry.npmjs.org/zustand/-/zustand-5.0.14.tgz. Extracting by manifest.
3784 silly tarball no local data for vaul@https://registry.npmjs.org/vaul/-/vaul-1.1.2.tgz. Extracting by manifest.
3785 silly tarball no local data for vite-plugin-environment@https://registry.npmjs.org/vite-plugin-environment/-/vite-plugin-environment-1.1.3.tgz. Extracting by manifest.
3786 silly tarball no local data for typescript@https://registry.npmjs.org/typescript/-/typescript-5.9.3.tgz. Extracting by manifest.
3787 silly tarball no local data for tailwindcss-animate@https://registry.npmjs.org/tailwindcss-animate/-/tailwindcss-animate-1.0.7.tgz. Extracting by manifest.
3788 silly tarball no local data for tailwind-merge@https://registry.npmjs.org/tailwind-merge/-/tailwind-merge-2.6.1.tgz. Extracting by manifest.
3789 silly tarball no local data for sonner@https://registry.npmjs.org/sonner/-/sonner-1.7.4.tgz. Extracting by manifest.
3790 silly tarball no local data for recharts@https://registry.npmjs.org/recharts/-/recharts-2.15.4.tgz. Extracting by manifest.
3791 silly tarball no local data for react-use@https://registry.npmjs.org/react-use/-/react-use-17.6.1.tgz. Extracting by manifest.
3792 silly tarball no local data for quill-delta@https://registry.npmjs.org/quill-delta/-/quill-delta-5.1.0.tgz. Extracting by manifest.
3793 silly tarball no local data for react-resizable-panels@https://registry.npmjs.org/react-resizable-panels/-/react-resizable-panels-2.1.9.tgz. Extracting by manifest.
3794 silly tarball no local data for react-quill-new@https://registry.npmjs.org/react-quill-new/-/react-quill-new-3.4.6.tgz. Extracting by manifest.
3795 silly tarball no local data for react-hook-form@https://registry.npmjs.org/react-hook-form/-/react-hook-form-7.83.0.tgz. Extracting by manifest.
3796 silly tarball no local data for react-icons@https://registry.npmjs.org/react-icons/-/react-icons-5.7.0.tgz. Extracting by manifest.
3797 silly tarball no local data for react-day-picker@https://registry.npmjs.org/react-day-picker/-/react-day-picker-9.14.0.tgz. Extracting by manifest.
3798 silly tarball no local data for next-themes@https://registry.npmjs.org/next-themes/-/next-themes-0.4.6.tgz. Extracting by manifest.
3799 silly tarball no local data for motion@https://registry.npmjs.org/motion/-/motion-12.42.2.tgz. Extracting by manifest.
3800 silly tarball no local data for lucide-react@https://registry.npmjs.org/lucide-react/-/lucide-react-0.511.0.tgz. Extracting by manifest.
3801 silly tarball no local data for html2canvas@https://registry.npmjs.org/html2canvas/-/html2canvas-1.4.1.tgz. Extracting by manifest.
3802 silly tarball no local data for input-otp@https://registry.npmjs.org/input-otp/-/input-otp-1.4.2.tgz. Extracting by manifest.
3803 silly tarball no local data for embla-carousel-react@https://registry.npmjs.org/embla-carousel-react/-/embla-carousel-react-8.6.0.tgz. Extracting by manifest.
3804 silly tarball no local data for dotenv-cli@https://registry.npmjs.org/dotenv-cli/-/dotenv-cli-8.0.0.tgz. Extracting by manifest.
3805 silly tarball no local data for dotenv@https://registry.npmjs.org/dotenv/-/dotenv-16.6.1.tgz. Extracting by manifest.
3806 silly tarball no local data for date-fns@https://registry.npmjs.org/date-fns/-/date-fns-3.6.0.tgz. Extracting by manifest.
3807 silly tarball no local data for cmdk@https://registry.npmjs.org/cmdk/-/cmdk-1.1.1.tgz. Extracting by manifest.
3808 silly tarball no local data for clsx@https://registry.npmjs.org/clsx/-/clsx-2.1.1.tgz. Extracting by manifest.
3809 silly tarball no local data for class-variance-authority@https://registry.npmjs.org/class-variance-authority/-/class-variance-authority-0.7.1.tgz. Extracting by manifest.
3810 silly tarball no local data for postcss@https://registry.npmjs.org/postcss/-/postcss-8.5.23.tgz. Extracting by manifest.
3811 silly tarball no local data for autoprefixer@https://registry.npmjs.org/autoprefixer/-/autoprefixer-10.5.4.tgz. Extracting by manifest.
3812 silly tarball no local data for vite@https://registry.npmjs.org/vite/-/vite-5.4.21.tgz. Extracting by manifest.
3813 silly tarball no local data for @types/three@https://registry.npmjs.org/@types/three/-/three-0.176.0.tgz. Extracting by manifest.
3814 silly tarball no local data for @vitejs/plugin-react@https://registry.npmjs.org/@vitejs/plugin-react/-/plugin-react-4.7.0.tgz. Extracting by manifest.
3815 silly tarball no local data for @types/react-dom@https://registry.npmjs.org/@types/react-dom/-/react-dom-19.1.11.tgz. Extracting by manifest.
3816 silly tarball no local data for @types/react@https://registry.npmjs.org/@types/react/-/react-19.1.17.tgz. Extracting by manifest.
3817 silly tarball no local data for @types/node@https://registry.npmjs.org/@types/node/-/node-20.19.43.tgz. Extracting by manifest.
3818 silly tarball no local data for @tanstack/react-router@https://registry.npmjs.org/@tanstack/react-router/-/react-router-1.131.50.tgz. Extracting by manifest.
3819 silly tarball no local data for @tanstack/react-query@https://registry.npmjs.org/@tanstack/react-query/-/react-query-5.101.4.tgz. Extracting by manifest.
3820 silly tarball no local data for tailwindcss@https://registry.npmjs.org/tailwindcss/-/tailwindcss-3.4.19.tgz. Extracting by manifest.
3821 silly tarball no local data for @tailwindcss/typography@https://registry.npmjs.org/@tailwindcss/typography/-/typography-0.5.10.tgz. Extracting by manifest.
3822 silly tarball no local data for @react-three/drei@https://registry.npmjs.org/@react-three/drei/-/drei-10.0.8.tgz. Extracting by manifest.
3823 silly tarball no local data for @tailwindcss/container-queries@https://registry.npmjs.org/@tailwindcss/container-queries/-/container-queries-0.1.1.tgz. Extracting by manifest.
3824 silly tarball no local data for @react-three/fiber@https://registry.npmjs.org/@react-three/fiber/-/fiber-9.1.4.tgz. Extracting by manifest.
3825 silly tarball no local data for three@https://registry.npmjs.org/three/-/three-0.176.0.tgz. Extracting by manifest.
3826 silly tarball no local data for @react-three/cannon@https://registry.npmjs.org/@react-three/cannon/-/cannon-6.6.0.tgz. Extracting by manifest.
3827 silly tarball no local data for @radix-ui/react-tooltip@https://registry.npmjs.org/@radix-ui/react-tooltip/-/react-tooltip-1.2.16.tgz. Extracting by manifest.
3828 silly tarball no local data for @radix-ui/react-toggle-group@https://registry.npmjs.org/@radix-ui/react-toggle-group/-/react-toggle-group-1.1.19.tgz. Extracting by manifest.
3829 silly tarball no local data for @radix-ui/react-toggle@https://registry.npmjs.org/@radix-ui/react-toggle/-/react-toggle-1.1.18.tgz. Extracting by manifest.
3830 silly tarball no local data for @radix-ui/react-tabs@https://registry.npmjs.org/@radix-ui/react-tabs/-/react-tabs-1.1.21.tgz. Extracting by manifest.
3831 silly tarball no local data for @radix-ui/react-slot@https://registry.npmjs.org/@radix-ui/react-slot/-/react-slot-1.3.3.tgz. Extracting by manifest.
3832 silly tarball no local data for @radix-ui/react-slider@https://registry.npmjs.org/@radix-ui/react-slider/-/react-slider-1.4.7.tgz. Extracting by manifest.
3833 silly tarball no local data for @radix-ui/react-separator@https://registry.npmjs.org/@radix-ui/react-separator/-/react-separator-1.1.15.tgz. Extracting by manifest.
3834 silly tarball no local data for @radix-ui/react-switch@https://registry.npmjs.org/@radix-ui/react-switch/-/react-switch-1.3.7.tgz. Extracting by manifest.
3835 silly tarball no local data for @radix-ui/react-select@https://registry.npmjs.org/@radix-ui/react-select/-/react-select-2.3.7.tgz. Extracting by manifest.
3836 silly tarball no local data for @radix-ui/react-radio-group@https://registry.npmjs.org/@radix-ui/react-radio-group/-/react-radio-group-1.4.7.tgz. Extracting by manifest.
3837 silly tarball no local data for @radix-ui/react-scroll-area@https://registry.npmjs.org/@radix-ui/react-scroll-area/-/react-scroll-area-1.2.18.tgz. Extracting by manifest.
3838 silly tarball no local data for @radix-ui/react-progress@https://registry.npmjs.org/@radix-ui/react-progress/-/react-progress-1.1.16.tgz. Extracting by manifest.
3839 silly tarball no local data for @radix-ui/react-popover@https://registry.npmjs.org/@radix-ui/react-popover/-/react-popover-1.1.23.tgz. Extracting by manifest.
3840 silly tarball no local data for @radix-ui/react-navigation-menu@https://registry.npmjs.org/@radix-ui/react-navigation-menu/-/react-navigation-menu-1.2.22.tgz. Extracting by manifest.
3841 silly tarball no local data for @radix-ui/react-menubar@https://registry.npmjs.org/@radix-ui/react-menubar/-/react-menubar-1.1.24.tgz. Extracting by manifest.
3842 silly tarball no local data for @radix-ui/react-label@https://registry.npmjs.org/@radix-ui/react-label/-/react-label-2.1.15.tgz. Extracting by manifest.
3843 silly tarball no local data for @radix-ui/react-hover-card@https://registry.npmjs.org/@radix-ui/react-hover-card/-/react-hover-card-1.1.23.tgz. Extracting by manifest.
3844 silly tarball no local data for @radix-ui/react-dropdown-menu@https://registry.npmjs.org/@radix-ui/react-dropdown-menu/-/react-dropdown-menu-2.1.24.tgz. Extracting by manifest.
3845 silly tarball no local data for @radix-ui/react-dialog@https://registry.npmjs.org/@radix-ui/react-dialog/-/react-dialog-1.1.23.tgz. Extracting by manifest.
3846 silly tarball no local data for @radix-ui/react-context-menu@https://registry.npmjs.org/@radix-ui/react-context-menu/-/react-context-menu-2.3.7.tgz. Extracting by manifest.
3847 silly tarball no local data for @radix-ui/react-collapsible@https://registry.npmjs.org/@radix-ui/react-collapsible/-/react-collapsible-1.1.20.tgz. Extracting by manifest.
3848 silly tarball no local data for @radix-ui/react-checkbox@https://registry.npmjs.org/@radix-ui/react-checkbox/-/react-checkbox-1.3.11.tgz. Extracting by manifest.
3849 silly tarball no local data for @radix-ui/react-avatar@https://registry.npmjs.org/@radix-ui/react-avatar/-/react-avatar-1.2.6.tgz. Extracting by manifest.
3850 silly tarball no local data for @radix-ui/react-alert-dialog@https://registry.npmjs.org/@radix-ui/react-alert-dialog/-/react-alert-dialog-1.1.23.tgz. Extracting by manifest.
3851 silly tarball no local data for react-dom@https://registry.npmjs.org/react-dom/-/react-dom-19.1.9.tgz. Extracting by manifest.
3852 silly tarball no local data for @radix-ui/react-aspect-ratio@https://registry.npmjs.org/@radix-ui/react-aspect-ratio/-/react-aspect-ratio-1.1.15.tgz. Extracting by manifest.
3853 silly tarball no local data for react@https://registry.npmjs.org/react/-/react-19.1.9.tgz. Extracting by manifest.
3854 silly tarball no local data for @biomejs/biome@https://registry.npmjs.org/@biomejs/biome/-/biome-1.9.4.tgz. Extracting by manifest.
3855 silly tarball no local data for @radix-ui/react-accordion@https://registry.npmjs.org/@radix-ui/react-accordion/-/react-accordion-1.2.20.tgz. Extracting by manifest.
3856 silly tarball no local data for picomatch@https://registry.npmjs.org/picomatch/-/picomatch-4.0.5.tgz. Extracting by manifest.
3857 silly tarball no local data for fdir@https://registry.npmjs.org/fdir/-/fdir-6.5.0.tgz. Extracting by manifest.
3858 silly tarball no local data for postcss-selector-parser@https://registry.npmjs.org/postcss-selector-parser/-/postcss-selector-parser-6.1.4.tgz. Extracting by manifest.
3859 silly tarball no local data for glob-parent@https://registry.npmjs.org/glob-parent/-/glob-parent-5.1.2.tgz. Extracting by manifest.
3860 silly tarball no local data for glob-parent@https://registry.npmjs.org/glob-parent/-/glob-parent-5.1.2.tgz. Extracting by manifest.
3861 silly tarball no local data for zustand@https://registry.npmjs.org/zustand/-/zustand-4.5.7.tgz. Extracting by manifest.
3862 silly tarball no local data for react-is@https://registry.npmjs.org/react-is/-/react-is-16.13.1.tgz. Extracting by manifest.
3863 silly tarball no local data for source-map@https://registry.npmjs.org/source-map/-/source-map-0.5.6.tgz. Extracting by manifest.
3864 silly tarball no local data for fflate@https://registry.npmjs.org/fflate/-/fflate-0.6.11.tgz. Extracting by manifest.
3865 silly tarball no local data for three@https://registry.npmjs.org/three/-/three-0.170.0.tgz. Extracting by manifest.
3866 silly tarball no local data for eventemitter3@https://registry.npmjs.org/eventemitter3/-/eventemitter3-4.0.7.tgz. Extracting by manifest.
3867 silly tarball no local data for date-fns@https://registry.npmjs.org/date-fns/-/date-fns-4.4.0.tgz. Extracting by manifest.
3868 silly tarball no local data for postcss-selector-parser@https://registry.npmjs.org/postcss-selector-parser/-/postcss-selector-parser-6.1.4.tgz. Extracting by manifest.
3869 silly tarball no local data for scheduler@https://registry.npmjs.org/scheduler/-/scheduler-0.26.0.tgz. Extracting by manifest.
3870 http fetch POST 200 https://registry.npmjs.org/-/npm/v1/security/advisories/bulk 1081ms
3871 silly audit report {
3871 silly audit report   vite: [
3871 silly audit report     {
3871 silly audit report       id: 1120784,
3871 silly audit report       url: 'https://github.com/advisories/GHSA-v6wh-96g9-6wx3',
3871 silly audit report       title: 'launch-editor: NTLMv2 hash disclosure via UNC path handling on Windows',
3871 silly audit report       severity: 'moderate',
3871 silly audit report       vulnerable_versions: '<=6.4.2',
3871 silly audit report       cwe: [Array],
3871 silly audit report       cvss: [Object]
3871 silly audit report     },
3871 silly audit report     {
3871 silly audit report       id: 1116229,
3871 silly audit report       url: 'https://github.com/advisories/GHSA-4w7w-66w2-5vf9',
3871 silly audit report       title: 'Vite Vulnerable to Path Traversal in Optimized Deps `.map` Handling',
3871 silly audit report       severity: 'moderate',
3871 silly audit report       vulnerable_versions: '<=6.4.1',
3871 silly audit report       cwe: [Array],
3871 silly audit report       cvss: [Object]
3871 silly audit report     },
3871 silly audit report     {
3871 silly audit report       id: 1123525,
3871 silly audit report       url: 'https://github.com/advisories/GHSA-fx2h-pf6j-xcff',
3871 silly audit report       title: 'vite: `server.fs.deny` bypass on Windows alternate paths',
3871 silly audit report       severity: 'high',
3871 silly audit report       vulnerable_versions: '<=6.4.2',
3871 silly audit report       cwe: [Array],
3871 silly audit report       cvss: [Object]
3871 silly audit report     }
3871 silly audit report   ],
3871 silly audit report   quill: [
3871 silly audit report     {
3871 silly audit report       id: 1116451,
3871 silly audit report       url: 'https://github.com/advisories/GHSA-v3m3-f69x-jf25',
3871 silly audit report       title: 'Quill is vulnerable to XSS via HTML export feature',
3871 silly audit report       severity: 'low',
3871 silly audit report       vulnerable_versions: '=2.0.3',
3871 silly audit report       cwe: [Array],
3871 silly audit report       cvss: [Object]
3871 silly audit report     }
3871 silly audit report   ],
3871 silly audit report   esbuild: [
3871 silly audit report     {
3871 silly audit report       id: 1102341,
3871 silly audit report       url: 'https://github.com/advisories/GHSA-67mh-4wv8-2f99',
3871 silly audit report       title: 'esbuild enables any website to send any requests to the development server and read the response',
3871 silly audit report       severity: 'moderate',
3871 silly audit report       vulnerable_versions: '<=0.24.2',
3871 silly audit report       cwe: [Array],
3871 silly audit report       cvss: [Object]
3871 silly audit report     }
3871 silly audit report   ]
3871 silly audit report }
3872 silly packumentCache corgi:https://registry.npmjs.org/vite cache-miss
3873 silly packumentCache corgi:https://registry.npmjs.org/quill cache-miss
3874 silly packumentCache corgi:https://registry.npmjs.org/esbuild cache-miss
3875 http fetch GET 200 https://registry.npmjs.org/isexe/-/isexe-2.0.0.tgz 1778ms (cache miss)
3876 http fetch GET 200 https://registry.npmjs.org/d3-color/-/d3-color-3.1.0.tgz 1775ms (cache miss)
3877 http fetch GET 200 https://registry.npmjs.org/d3-timer/-/d3-timer-3.0.1.tgz 1773ms (cache miss)
3878 http fetch GET 200 https://registry.npmjs.org/internmap/-/internmap-2.0.3.tgz 1773ms (cache miss)
3879 http fetch GET 200 https://registry.npmjs.org/d3-path/-/d3-path-3.1.0.tgz 1777ms (cache miss)
3880 http fetch GET 200 https://registry.npmjs.org/@types/estree/-/estree-1.0.9.tgz 1778ms (cache miss)
3881 http fetch GET 200 https://registry.npmjs.org/@types/d3-color/-/d3-color-3.1.3.tgz 1775ms (cache miss)
3882 http fetch GET 200 https://registry.npmjs.org/d3-ease/-/d3-ease-3.0.1.tgz 1885ms (cache miss)
3883 http fetch GET 200 https://registry.npmjs.org/@types/d3-time/-/d3-time-3.0.4.tgz 1885ms (cache miss)
3884 http fetch GET 200 https://registry.npmjs.org/@types/d3-interpolate/-/d3-interpolate-3.0.4.tgz 1884ms (cache miss)
3885 http fetch GET 200 https://registry.npmjs.org/@types/d3-array/-/d3-array-3.2.2.tgz 1884ms (cache miss)
3886 http fetch GET 200 https://registry.npmjs.org/base64-arraybuffer/-/base64-arraybuffer-1.0.2.tgz 1884ms (cache miss)
3887 http fetch GET 200 https://registry.npmjs.org/d3-time/-/d3-time-3.1.0.tgz 1889ms (cache miss)
3888 http fetch GET 200 https://registry.npmjs.org/@types/d3-path/-/d3-path-3.1.1.tgz 1993ms (cache miss)
3889 http fetch GET 200 https://registry.npmjs.org/@types/d3-ease/-/d3-ease-3.0.2.tgz 1989ms (cache miss)
3890 http fetch GET 200 https://registry.npmjs.org/require-from-string/-/require-from-string-2.0.2.tgz 1990ms (cache miss)
3891 http fetch GET 200 https://registry.npmjs.org/@types/offscreencanvas/-/offscreencanvas-2019.7.3.tgz 1987ms (cache miss)
3892 http fetch GET 200 https://registry.npmjs.org/detect-node-es/-/detect-node-es-1.1.0.tgz 1992ms (cache miss)
3893 http fetch GET 200 https://registry.npmjs.org/@types/draco3d/-/draco3d-1.4.10.tgz 1988ms (cache miss)
3894 http fetch GET 200 https://registry.npmjs.org/@types/d3-scale/-/d3-scale-4.0.9.tgz 2156ms (cache miss)
3895 http fetch GET 200 https://registry.npmjs.org/@types/d3-timer/-/d3-timer-3.0.2.tgz 2157ms (cache miss)
3896 http fetch GET 200 https://registry.npmjs.org/lines-and-columns/-/lines-and-columns-1.2.4.tgz 2150ms (cache miss)
3897 http fetch GET 200 https://registry.npmjs.org/tinyglobby/-/tinyglobby-0.2.17.tgz 2152ms (cache miss)
3898 http fetch GET 200 https://registry.npmjs.org/thenify/-/thenify-3.3.1.tgz 2153ms (cache miss)
3899 http fetch GET 200 https://registry.npmjs.org/pirates/-/pirates-4.0.7.tgz 2151ms (cache miss)
3900 http fetch GET 200 https://registry.npmjs.org/thenify-all/-/thenify-all-1.6.0.tgz 2154ms (cache miss)
3901 http fetch GET 200 https://registry.npmjs.org/escalade/-/escalade-3.2.0.tgz 2287ms (cache miss)
3902 http fetch GET 200 https://registry.npmjs.org/is-number/-/is-number-7.0.0.tgz 2285ms (cache miss)
3903 http fetch GET 200 https://registry.npmjs.org/potpack/-/potpack-1.0.2.tgz 2285ms (cache miss)
3904 http fetch GET 200 https://registry.npmjs.org/queue-microtask/-/queue-microtask-1.2.3.tgz 2281ms (cache miss)
3905 http fetch GET 200 https://registry.npmjs.org/hasown/-/hasown-2.0.4.tgz 2281ms (cache miss)
3906 http fetch GET 200 https://registry.npmjs.org/mz/-/mz-2.7.0.tgz 2282ms (cache miss)
3907 http fetch GET 200 https://registry.npmjs.org/supports-preserve-symlinks-flag/-/supports-preserve-symlinks-flag-1.0.0.tgz 2281ms (cache miss)
3908 http fetch GET 200 https://registry.npmjs.org/function-bind/-/function-bind-1.1.2.tgz 2281ms (cache miss)
3909 http fetch GET 200 https://registry.npmjs.org/esbuild/-/esbuild-0.21.5.tgz 2381ms (cache miss)
3910 http fetch GET 200 https://registry.npmjs.org/@types/d3-shape/-/d3-shape-3.1.8.tgz 2377ms (cache miss)
3911 http fetch GET 200 https://registry.npmjs.org/any-promise/-/any-promise-1.3.0.tgz 2370ms (cache miss)
3912 http fetch GET 200 https://registry.npmjs.org/es-errors/-/es-errors-1.3.0.tgz 2451ms (cache miss)
3913 http fetch GET 200 https://registry.npmjs.org/camelcase-css/-/camelcase-css-2.0.1.tgz 2450ms (cache miss)
3914 http fetch GET 200 https://registry.npmjs.org/pify/-/pify-2.3.0.tgz 2451ms (cache miss)
3915 http fetch GET 200 https://registry.npmjs.org/is-extglob/-/is-extglob-2.1.1.tgz 2450ms (cache miss)
3916 http fetch GET 200 https://registry.npmjs.org/binary-extensions/-/binary-extensions-2.3.0.tgz 2450ms (cache miss)
3917 http fetch GET 200 https://registry.npmjs.org/commander/-/commander-4.1.1.tgz 2459ms (cache miss)
3918 http fetch GET 200 https://registry.npmjs.org/is-core-module/-/is-core-module-2.16.2.tgz 2492ms (cache miss)
3919 http fetch GET 200 https://registry.npmjs.org/run-parallel/-/run-parallel-1.2.0.tgz 2455ms (cache miss)
3920 http fetch GET 200 https://registry.npmjs.org/@nodelib/fs.stat/-/fs.stat-2.0.5.tgz 2454ms (cache miss)
3921 http fetch GET 200 https://registry.npmjs.org/@nodelib/fs.scandir/-/fs.scandir-2.1.5.tgz 2497ms (cache miss)
3922 http fetch GET 200 https://registry.npmjs.org/path-parse/-/path-parse-1.0.7.tgz 2536ms (cache miss)
3923 http fetch GET 200 https://registry.npmjs.org/ts-interface-checker/-/ts-interface-checker-0.1.13.tgz 2544ms (cache miss)
3924 http fetch GET 200 https://registry.npmjs.org/webgl-sdf-generator/-/webgl-sdf-generator-1.1.1.tgz 2548ms (cache miss)
3925 http fetch GET 200 https://registry.npmjs.org/anymatch/-/anymatch-3.1.3.tgz 2497ms (cache miss)
3926 http fetch GET 200 https://registry.npmjs.org/fill-range/-/fill-range-7.1.1.tgz 2499ms (cache miss)
3927 http fetch GET 200 https://registry.npmjs.org/to-regex-range/-/to-regex-range-5.0.1.tgz 2541ms (cache miss)
3928 http fetch GET 200 https://registry.npmjs.org/reusify/-/reusify-1.1.0.tgz 2541ms (cache miss)
3929 http fetch GET 200 https://registry.npmjs.org/read-cache/-/read-cache-1.0.0.tgz 2576ms (cache miss)
3930 http fetch GET 200 https://registry.npmjs.org/is-glob/-/is-glob-4.0.3.tgz 2594ms (cache miss)
3931 http fetch GET 200 https://registry.npmjs.org/glob-parent/-/glob-parent-6.0.2.tgz 2593ms (cache miss)
3932 http fetch GET 200 https://registry.npmjs.org/normalize-path/-/normalize-path-3.0.0.tgz 2597ms (cache miss)
3933 http fetch GET 200 https://registry.npmjs.org/merge2/-/merge2-1.4.1.tgz 2706ms (cache miss)
3934 http fetch GET 200 https://registry.npmjs.org/fastq/-/fastq-1.20.1.tgz 2709ms (cache miss)
3935 http fetch GET 200 https://registry.npmjs.org/@nodelib/fs.walk/-/fs.walk-1.2.8.tgz 2706ms (cache miss)
3936 http fetch GET 200 https://registry.npmjs.org/readdirp/-/readdirp-3.6.0.tgz 2708ms (cache miss)
3937 http fetch GET 200 https://registry.npmjs.org/braces/-/braces-3.0.3.tgz 2707ms (cache miss)
3938 http fetch GET 200 https://registry.npmjs.org/is-binary-path/-/is-binary-path-2.1.0.tgz 2707ms (cache miss)
3939 http fetch GET 200 https://registry.npmjs.org/micromatch/-/micromatch-4.0.8.tgz 2703ms (cache miss)
3940 http fetch GET 200 https://registry.npmjs.org/arg/-/arg-5.0.2.tgz 2700ms (cache miss)
3941 http fetch GET 200 https://registry.npmjs.org/object-hash/-/object-hash-3.0.0.tgz 2704ms (cache miss)
3942 http fetch GET 200 https://registry.npmjs.org/dlv/-/dlv-1.1.3.tgz 2702ms (cache miss)
3943 http fetch GET 200 https://registry.npmjs.org/didyoumean/-/didyoumean-1.2.2.tgz 2702ms (cache miss)
3944 http fetch GET 200 https://registry.npmjs.org/@alloc/quick-lru/-/quick-lru-5.2.0.tgz 2702ms (cache miss)
3945 http fetch GET 200 https://registry.npmjs.org/postcss-load-config/-/postcss-load-config-6.0.1.tgz 2749ms (cache miss)
3946 http fetch GET 200 https://registry.npmjs.org/postcss-js/-/postcss-js-4.1.0.tgz 2748ms (cache miss)
3947 http fetch GET 200 https://registry.npmjs.org/postcss-nested/-/postcss-nested-6.2.0.tgz 2750ms (cache miss)
3948 http fetch GET 200 https://registry.npmjs.org/postcss-import/-/postcss-import-15.1.0.tgz 2790ms (cache miss)
3949 http fetch GET 200 https://registry.npmjs.org/stackframe/-/stackframe-1.3.4.tgz 2785ms (cache miss)
3950 http fetch GET 200 https://registry.npmjs.org/error-stack-parser/-/error-stack-parser-2.1.4.tgz 2784ms (cache miss)
3951 http fetch GET 200 https://registry.npmjs.org/stack-generator/-/stack-generator-2.0.10.tgz 2785ms (cache miss)
3952 http fetch GET 200 https://registry.npmjs.org/shebang-regex/-/shebang-regex-3.0.0.tgz 2784ms (cache miss)
3953 http fetch GET 200 https://registry.npmjs.org/object-assign/-/object-assign-4.1.1.tgz 2785ms (cache miss)
3954 http fetch GET 200 https://registry.npmjs.org/picomatch/-/picomatch-2.3.2.tgz 2832ms (cache miss)
3955 http fetch GET 200 https://registry.npmjs.org/loose-envify/-/loose-envify-1.4.0.tgz 2820ms (cache miss)
3956 http fetch GET 200 https://registry.npmjs.org/lilconfig/-/lilconfig-3.1.3.tgz 2936ms (cache miss)
3957 http fetch GET 200 https://registry.npmjs.org/chokidar/-/chokidar-3.6.0.tgz 3034ms (cache miss)
3958 http fetch GET 200 https://registry.npmjs.org/react-is/-/react-is-18.3.1.tgz 3028ms (cache miss)
3959 http fetch GET 200 https://registry.npmjs.org/throttle-debounce/-/throttle-debounce-3.0.1.tgz 3019ms (cache miss)
3960 http fetch GET 200 https://registry.npmjs.org/screenfull/-/screenfull-5.2.0.tgz 3018ms (cache miss)
3961 http fetch GET 200 https://registry.npmjs.org/fastest-stable-stringify/-/fastest-stable-stringify-2.0.2.tgz 3019ms (cache miss)
3962 http fetch GET 200 https://registry.npmjs.org/set-harmonic-interval/-/set-harmonic-interval-1.0.1.tgz 3019ms (cache miss)
3963 http fetch GET 200 https://registry.npmjs.org/get-nonce/-/get-nonce-1.0.1.tgz 3103ms (cache miss)
3964 http fetch GET 200 https://registry.npmjs.org/@types/js-cookie/-/js-cookie-3.0.6.tgz 3104ms (cache miss)
3965 http fetch GET 200 https://registry.npmjs.org/troika-worker-utils/-/troika-worker-utils-0.52.0.tgz 3277ms (cache miss)
3966 http fetch GET 200 https://registry.npmjs.org/hyphenate-style-name/-/hyphenate-style-name-1.1.0.tgz 3214ms (cache miss)
3967 http fetch GET 200 https://registry.npmjs.org/toggle-selection/-/toggle-selection-1.0.6.tgz 3207ms (cache miss)
3968 http fetch GET 200 https://registry.npmjs.org/ts-easing/-/ts-easing-0.2.0.tgz 3206ms (cache miss)
3969 http fetch GET 200 https://registry.npmjs.org/fast-shallow-equal/-/fast-shallow-equal-1.0.0.tgz 3204ms (cache miss)
3970 http fetch GET 200 https://registry.npmjs.org/js-cookie/-/js-cookie-3.0.8.tgz 3204ms (cache miss)
3971 http fetch GET 200 https://registry.npmjs.org/copy-to-clipboard/-/copy-to-clipboard-3.3.3.tgz 3204ms (cache miss)
3972 http fetch GET 200 https://registry.npmjs.org/eventemitter3/-/eventemitter3-5.0.4.tgz 3201ms (cache miss)
3973 http fetch GET 200 https://registry.npmjs.org/use-callback-ref/-/use-callback-ref-1.3.3.tgz 3203ms (cache miss)
3974 http fetch GET 200 https://registry.npmjs.org/@xobotyi/scrollbar-width/-/scrollbar-width-1.9.5.tgz 3204ms (cache miss)
3975 http fetch GET 200 https://registry.npmjs.org/react-universal-interface/-/react-universal-interface-0.6.2.tgz 3310ms (cache miss)
3976 http fetch GET 200 https://registry.npmjs.org/fast-deep-equal/-/fast-deep-equal-3.1.3.tgz 3311ms (cache miss)
3977 http fetch GET 200 https://registry.npmjs.org/immediate/-/immediate-3.0.6.tgz 3304ms (cache miss)
3978 http fetch GET 200 https://registry.npmjs.org/util-deprecate/-/util-deprecate-1.0.2.tgz 3304ms (cache miss)
3979 http fetch GET 200 https://registry.npmjs.org/cssesc/-/cssesc-3.0.0.tgz 3303ms (cache miss)
3980 http fetch GET 200 https://registry.npmjs.org/lodash.clonedeep/-/lodash.clonedeep-4.5.0.tgz 3306ms (cache miss)
3981 http fetch GET 200 https://registry.npmjs.org/fast-diff/-/fast-diff-1.3.0.tgz 3307ms (cache miss)
3982 http fetch GET 200 https://registry.npmjs.org/react-style-singleton/-/react-style-singleton-2.2.3.tgz 3405ms (cache miss)
3983 http fetch GET 200 https://registry.npmjs.org/use-sidecar/-/use-sidecar-1.1.3.tgz 3407ms (cache miss)
3984 http fetch GET 200 https://registry.npmjs.org/react-remove-scroll-bar/-/react-remove-scroll-bar-2.3.8.tgz 3406ms (cache miss)
3985 http fetch GET 200 https://registry.npmjs.org/lodash.isequal/-/lodash.isequal-4.5.0.tgz 3404ms (cache miss)
3986 warn deprecated lodash.isequal@4.5.0: This package is deprecated. Use require('node:util').isDeepStrictEqual instead.
3987 http fetch GET 200 https://registry.npmjs.org/lie/-/lie-3.3.0.tgz 3457ms (cache miss)
3988 http fetch GET 200 https://registry.npmjs.org/is-promise/-/is-promise-2.2.2.tgz 3457ms (cache miss)
3989 http fetch GET 200 https://registry.npmjs.org/nanoid/-/nanoid-3.3.16.tgz 3458ms (cache miss)
3990 http fetch GET 200 https://registry.npmjs.org/prop-types/-/prop-types-15.8.1.tgz 3816ms (cache miss)
3991 http fetch GET 200 https://registry.npmjs.org/update-browserslist-db/-/update-browserslist-db-1.2.3.tgz 3787ms (cache miss)
3992 http fetch GET 200 https://registry.npmjs.org/path-key/-/path-key-3.1.1.tgz 3788ms (cache miss)
3993 http fetch GET 200 https://registry.npmjs.org/ms/-/ms-2.1.3.tgz 3789ms (cache miss)
3994 http fetch GET 200 https://registry.npmjs.org/ieee754/-/ieee754-1.2.1.tgz 3788ms (cache miss)
3995 http fetch GET 200 https://registry.npmjs.org/embla-carousel-reactive-utils/-/embla-carousel-reactive-utils-8.6.0.tgz 3791ms (cache miss)
3996 http fetch GET 200 https://registry.npmjs.org/dotenv-expand/-/dotenv-expand-10.0.0.tgz 3793ms (cache miss)
3997 http fetch GET 200 https://registry.npmjs.org/yallist/-/yallist-3.1.1.tgz 3888ms (cache miss)
3998 http fetch GET 200 https://registry.npmjs.org/postcss-value-parser/-/postcss-value-parser-4.2.0.tgz 3881ms (cache miss)
3999 http fetch GET 200 https://registry.npmjs.org/cross-spawn/-/cross-spawn-7.0.6.tgz 3884ms (cache miss)
4000 http fetch GET 200 https://registry.npmjs.org/shebang-command/-/shebang-command-2.0.0.tgz 3924ms (cache miss)
4001 http fetch GET 200 https://registry.npmjs.org/node-releases/-/node-releases-2.0.51.tgz 3947ms (cache miss)
4002 http fetch GET 200 https://registry.npmjs.org/@types/babel__traverse/-/babel__traverse-7.28.0.tgz 3946ms (cache miss)
4003 http fetch GET 200 https://registry.npmjs.org/@types/babel__generator/-/babel__generator-7.27.0.tgz 3947ms (cache miss)
4004 http fetch GET 200 https://registry.npmjs.org/@types/babel__template/-/babel__template-7.4.4.tgz 3946ms (cache miss)
4005 http fetch GET 200 https://registry.npmjs.org/@babel/helper-string-parser/-/helper-string-parser-7.29.7.tgz 3946ms (cache miss)
4006 http fetch GET 200 https://registry.npmjs.org/@babel/helper-globals/-/helper-globals-7.29.7.tgz 3946ms (cache miss)
4007 http fetch GET 200 https://registry.npmjs.org/lru-cache/-/lru-cache-5.1.1.tgz 3988ms (cache miss)
4008 http fetch GET 200 https://registry.npmjs.org/@babel/compat-data/-/compat-data-7.29.7.tgz 3988ms (cache miss)
4009 http fetch GET 200 https://registry.npmjs.org/@babel/helper-validator-option/-/helper-validator-option-7.29.7.tgz 3988ms (cache miss)
4010 http fetch GET 200 https://registry.npmjs.org/which/-/which-2.0.2.tgz 4080ms (cache miss)
4011 http fetch GET 200 https://registry.npmjs.org/@babel/helper-module-imports/-/helper-module-imports-7.29.7.tgz 4074ms (cache miss)
4012 http fetch GET 200 https://registry.npmjs.org/js-tokens/-/js-tokens-4.0.0.tgz 4071ms (cache miss)
4013 http fetch GET 200 https://registry.npmjs.org/picocolors/-/picocolors-1.1.1.tgz 4070ms (cache miss)
4014 http fetch GET 200 https://registry.npmjs.org/debug/-/debug-4.4.3.tgz 4070ms (cache miss)
4015 http fetch GET 200 https://registry.npmjs.org/gensync/-/gensync-1.0.0-beta.2.tgz 4070ms (cache miss)
4016 http fetch GET 200 https://registry.npmjs.org/bidi-js/-/bidi-js-1.0.3.tgz 4270ms (cache miss)
4017 http fetch GET 200 https://registry.npmjs.org/@jridgewell/resolve-uri/-/resolve-uri-3.1.2.tgz 4177ms (cache miss)
4018 http fetch GET 200 https://registry.npmjs.org/@babel/helper-plugin-utils/-/helper-plugin-utils-7.29.7.tgz 4174ms (cache miss)
4019 http fetch GET 200 https://registry.npmjs.org/@babel/helper-validator-identifier/-/helper-validator-identifier-7.29.7.tgz 4173ms (cache miss)
4020 http fetch GET 200 https://registry.npmjs.org/jsesc/-/jsesc-3.1.0.tgz 4173ms (cache miss)
4021 http fetch GET 200 https://registry.npmjs.org/convert-source-map/-/convert-source-map-2.0.0.tgz 4170ms (cache miss)
4022 http fetch GET 200 https://registry.npmjs.org/@jridgewell/remapping/-/remapping-2.3.5.tgz 4171ms (cache miss)
4023 http fetch GET 200 https://registry.npmjs.org/stacktrace-gps/-/stacktrace-gps-3.1.2.tgz 4286ms (cache miss)
4024 http fetch GET 200 https://registry.npmjs.org/browserslist/-/browserslist-4.28.7.tgz 4248ms (cache miss)
4025 http fetch GET 200 https://registry.npmjs.org/react-refresh/-/react-refresh-0.17.0.tgz 4243ms (cache miss)
4026 http fetch GET 200 https://registry.npmjs.org/@babel/plugin-transform-react-jsx-source/-/plugin-transform-react-jsx-source-7.29.7.tgz 4243ms (cache miss)
4027 http fetch GET 200 https://registry.npmjs.org/decimal.js-light/-/decimal.js-light-2.5.1.tgz 4424ms (cache miss)
4028 http fetch GET 200 https://registry.npmjs.org/semver/-/semver-6.3.1.tgz 4384ms (cache miss)
4029 http fetch GET 200 https://registry.npmjs.org/@babel/helper-compilation-targets/-/helper-compilation-targets-7.29.7.tgz 4381ms (cache miss)
4030 http fetch GET 200 https://registry.npmjs.org/@babel/plugin-transform-react-jsx-self/-/plugin-transform-react-jsx-self-7.29.7.tgz 4378ms (cache miss)
4031 http fetch GET 200 https://registry.npmjs.org/@babel/code-frame/-/code-frame-7.29.7.tgz 4381ms (cache miss)
4032 http fetch GET 200 https://registry.npmjs.org/@types/babel__core/-/babel__core-7.20.5.tgz 4540ms (cache miss)
4033 http fetch GET 200 https://registry.npmjs.org/@rolldown/pluginutils/-/pluginutils-1.0.0-beta.27.tgz 4542ms (cache miss)
4034 http fetch GET 200 https://registry.npmjs.org/@webgpu/types/-/types-0.1.71.tgz 4510ms (cache miss)
4035 http fetch GET 200 https://registry.npmjs.org/cookie-es/-/cookie-es-1.2.3.tgz 4507ms (cache miss)
4036 http fetch GET 200 https://registry.npmjs.org/tiny-warning/-/tiny-warning-1.0.3.tgz 4506ms (cache miss)
4037 http fetch GET 200 https://registry.npmjs.org/tiny-invariant/-/tiny-invariant-1.3.3.tgz 4505ms (cache miss)
4038 http fetch GET 200 https://registry.npmjs.org/@tanstack/store/-/store-0.7.7.tgz 4508ms (cache miss)
4039 http fetch GET 200 https://registry.npmjs.org/d3-interpolate/-/d3-interpolate-3.0.1.tgz 4714ms (cache miss)
4040 http fetch GET 200 https://registry.npmjs.org/baseline-browser-mapping/-/baseline-browser-mapping-2.11.4.tgz 4651ms (cache miss)
4041 http fetch GET 200 https://registry.npmjs.org/@types/stats.js/-/stats.js-0.17.4.tgz 4610ms (cache miss)
4042 http fetch GET 200 https://registry.npmjs.org/lodash.isplainobject/-/lodash.isplainobject-4.0.6.tgz 4602ms (cache miss)
4043 http fetch GET 200 https://registry.npmjs.org/lodash.castarray/-/lodash.castarray-4.4.0.tgz 4602ms (cache miss)
4044 http fetch GET 200 https://registry.npmjs.org/@tanstack/react-store/-/react-store-0.7.7.tgz 4605ms (cache miss)
4045 http fetch GET 200 https://registry.npmjs.org/lodash.merge/-/lodash.merge-4.6.2.tgz 4603ms (cache miss)
4046 http fetch GET 200 https://registry.npmjs.org/tslib/-/tslib-2.8.1.tgz 4761ms (cache miss)
4047 http fetch GET 200 https://registry.npmjs.org/react-use-measure/-/react-use-measure-2.1.7.tgz 4705ms (cache miss)
4048 http fetch GET 200 https://registry.npmjs.org/base64-js/-/base64-js-1.5.1.tgz 4705ms (cache miss)
4049 http fetch GET 200 https://registry.npmjs.org/its-fine/-/its-fine-2.0.0.tgz 4707ms (cache miss)
4050 http fetch GET 200 https://registry.npmjs.org/@types/webxr/-/webxr-0.5.24.tgz 4803ms (cache miss)
4051 http fetch GET 200 https://registry.npmjs.org/@types/react-reconciler/-/react-reconciler-0.28.9.tgz 4803ms (cache miss)
4052 http fetch GET 200 https://registry.npmjs.org/use-sync-external-store/-/use-sync-external-store-1.6.0.tgz 4803ms (cache miss)
4053 http fetch GET 200 https://registry.npmjs.org/utility-types/-/utility-types-3.11.0.tgz 4803ms (cache miss)
4054 http fetch GET 200 https://registry.npmjs.org/@tweenjs/tween.js/-/tween.js-23.1.3.tgz 5212ms (cache miss)
4055 http fetch GET 200 https://registry.npmjs.org/isbot/-/isbot-5.2.1.tgz 5207ms (cache miss)
4056 http fetch GET 200 https://registry.npmjs.org/suspend-react/-/suspend-react-0.1.3.tgz 5198ms (cache miss)
4057 http fetch GET 200 https://registry.npmjs.org/meshline/-/meshline-3.3.1.tgz 5198ms (cache miss)
4058 http fetch GET 200 https://registry.npmjs.org/stats-gl/-/stats-gl-2.4.2.tgz 5198ms (cache miss)
4059 http fetch GET 200 https://registry.npmjs.org/electron-to-chromium/-/electron-to-chromium-1.5.396.tgz 5469ms (cache miss)
4060 http fetch GET 200 https://registry.npmjs.org/buffer/-/buffer-6.0.3.tgz 5410ms (cache miss)
4061 http fetch GET 200 https://registry.npmjs.org/promise-worker-transferable/-/promise-worker-transferable-1.0.4.tgz 5410ms (cache miss)
4062 http fetch GET 200 https://registry.npmjs.org/stats.js/-/stats.js-0.17.0.tgz 5409ms (cache miss)
4063 http fetch GET 200 https://registry.npmjs.org/@use-gesture/react/-/react-10.3.1.tgz 5405ms (cache miss)
4064 http fetch GET 200 https://registry.npmjs.org/cross-env/-/cross-env-7.0.3.tgz 5522ms (cache miss)
4065 http fetch GET 200 https://registry.npmjs.org/@radix-ui/number/-/number-1.1.3.tgz 5520ms (cache miss)
4066 http fetch GET 200 https://registry.npmjs.org/stylis/-/stylis-4.4.0.tgz 5705ms (cache miss)
4067 http fetch GET 200 https://registry.npmjs.org/@radix-ui/react-arrow/-/react-arrow-1.1.15.tgz 5620ms (cache miss)
4068 http fetch GET 200 https://registry.npmjs.org/@radix-ui/rect/-/rect-1.1.3.tgz 5620ms (cache miss)
4069 http fetch GET 200 https://registry.npmjs.org/@floating-ui/react-dom/-/react-dom-2.1.9.tgz 5620ms (cache miss)
4070 http fetch GET 200 https://registry.npmjs.org/@radix-ui/react-use-rect/-/react-use-rect-1.1.4.tgz 5620ms (cache miss)
4071 http fetch GET 200 https://registry.npmjs.org/d3-scale/-/d3-scale-4.0.2.tgz 5895ms (cache miss)
4072 http fetch GET 200 https://registry.npmjs.org/@floating-ui/utils/-/utils-0.2.12.tgz 5780ms (cache miss)
4073 http fetch GET 200 https://registry.npmjs.org/@radix-ui/react-visually-hidden/-/react-visually-hidden-1.2.11.tgz 5778ms (cache miss)
4074 http fetch GET 200 https://registry.npmjs.org/@radix-ui/react-use-previous/-/react-use-previous-1.1.4.tgz 5780ms (cache miss)
4075 http fetch GET 200 https://registry.npmjs.org/@radix-ui/react-roving-focus/-/react-roving-focus-1.1.19.tgz 5780ms (cache miss)
4076 http fetch GET 200 https://registry.npmjs.org/react-remove-scroll/-/react-remove-scroll-2.7.2.tgz 5778ms (cache miss)
4077 http fetch GET 200 https://registry.npmjs.org/aria-hidden/-/aria-hidden-1.2.6.tgz 5779ms (cache miss)
4078 http fetch GET 200 https://registry.npmjs.org/@radix-ui/react-use-effect-event/-/react-use-effect-event-0.0.5.tgz 5780ms (cache miss)
4079 http fetch GET 200 https://registry.npmjs.org/@radix-ui/react-popper/-/react-popper-1.3.7.tgz 5781ms (cache miss)
4080 http fetch GET 200 https://registry.npmjs.org/@radix-ui/react-portal/-/react-portal-1.1.17.tgz 5780ms (cache miss)
4081 http fetch GET 200 https://registry.npmjs.org/scheduler/-/scheduler-0.25.0.tgz 5833ms (cache miss)
4082 http fetch GET 200 https://registry.npmjs.org/cannon-es-debugger/-/cannon-es-debugger-1.0.0.tgz 5824ms (cache miss)
4083 http fetch GET 200 https://registry.npmjs.org/@radix-ui/react-focus-scope/-/react-focus-scope-1.1.16.tgz 5868ms (cache miss)
4084 http fetch GET 200 https://registry.npmjs.org/@radix-ui/react-use-size/-/react-use-size-1.1.4.tgz 5862ms (cache miss)
4085 http fetch GET 200 https://registry.npmjs.org/@radix-ui/react-use-layout-effect/-/react-use-layout-effect-1.1.4.tgz 5861ms (cache miss)
4086 http fetch GET 200 https://registry.npmjs.org/resize-observer-polyfill/-/resize-observer-polyfill-1.5.1.tgz 6096ms (cache miss)
4087 http fetch GET 200 https://registry.npmjs.org/source-map-js/-/source-map-js-1.2.1.tgz 6086ms (cache miss)
4088 http fetch GET 200 https://registry.npmjs.org/glsl-noise/-/glsl-noise-0.0.0.tgz 6015ms (cache miss)
4089 http fetch GET 200 https://registry.npmjs.org/@radix-ui/react-dismissable-layer/-/react-dismissable-layer-1.1.19.tgz 6005ms (cache miss)
4090 http fetch GET 200 https://registry.npmjs.org/@radix-ui/react-focus-guards/-/react-focus-guards-1.1.6.tgz 6007ms (cache miss)
4091 http fetch GET 200 https://registry.npmjs.org/@radix-ui/react-presence/-/react-presence-1.1.10.tgz 5999ms (cache miss)
4092 http fetch GET 200 https://registry.npmjs.org/@radix-ui/react-use-callback-ref/-/react-use-callback-ref-1.1.4.tgz 5995ms (cache miss)
4093 http fetch GET 200 https://registry.npmjs.org/@radix-ui/react-primitive/-/react-primitive-2.1.10.tgz 5996ms (cache miss)
4094 http fetch GET 200 https://registry.npmjs.org/@radix-ui/react-use-controllable-state/-/react-use-controllable-state-1.2.6.tgz 5996ms (cache miss)
4095 http fetch GET 200 https://registry.npmjs.org/@radix-ui/react-id/-/react-id-1.1.4.tgz 5995ms (cache miss)
4096 http fetch GET 200 https://registry.npmjs.org/@radix-ui/react-direction/-/react-direction-1.1.4.tgz 5995ms (cache miss)
4097 http fetch GET 200 https://registry.npmjs.org/@radix-ui/react-context/-/react-context-1.2.2.tgz 5995ms (cache miss)
4098 http fetch GET 200 https://registry.npmjs.org/minimist/-/minimist-1.2.8.tgz 6180ms (cache miss)
4099 http fetch GET 200 https://registry.npmjs.org/@radix-ui/react-compose-refs/-/react-compose-refs-1.1.5.tgz 6091ms (cache miss)
4100 http fetch GET 200 https://registry.npmjs.org/vite-plugin-environment/-/vite-plugin-environment-1.1.3.tgz 6090ms (cache miss)
4101 http fetch GET 200 https://registry.npmjs.org/@radix-ui/react-use-is-hydrated/-/react-use-is-hydrated-0.1.3.tgz 6177ms (cache miss)
4102 http fetch GET 200 https://registry.npmjs.org/tailwindcss-animate/-/tailwindcss-animate-1.0.7.tgz 6172ms (cache miss)
4103 http fetch GET 200 https://registry.npmjs.org/@babel/template/-/template-7.29.7.tgz 6345ms (cache miss)
4104 http fetch GET 200 https://registry.npmjs.org/@radix-ui/primitive/-/primitive-1.1.7.tgz 6269ms (cache miss)
4105 http fetch GET 200 https://registry.npmjs.org/fast-equals/-/fast-equals-5.4.1.tgz 6417ms (cache miss)
4106 http fetch GET 200 https://registry.npmjs.org/@tanstack/history/-/history-1.131.2.tgz 6332ms (cache miss)
4107 http fetch GET 200 https://registry.npmjs.org/next-themes/-/next-themes-0.4.6.tgz 6352ms (cache miss)
4108 http fetch GET 200 https://registry.npmjs.org/embla-carousel-react/-/embla-carousel-react-8.6.0.tgz 6351ms (cache miss)
4109 http fetch GET 200 https://registry.npmjs.org/class-variance-authority/-/class-variance-authority-0.7.1.tgz 6379ms (cache miss)
4110 http fetch GET 200 https://registry.npmjs.org/fraction.js/-/fraction.js-5.3.4.tgz 6496ms (cache miss)
4111 http fetch GET 200 https://registry.npmjs.org/@babel/helper-module-transforms/-/helper-module-transforms-7.29.7.tgz 6535ms (cache miss)
4112 http fetch GET 200 https://registry.npmjs.org/dotenv-cli/-/dotenv-cli-8.0.0.tgz 6456ms (cache miss)
4113 http fetch GET 200 https://registry.npmjs.org/d3-time-format/-/d3-time-format-4.1.0.tgz 6671ms (cache miss)
4114 http fetch GET 200 https://registry.npmjs.org/recharts-scale/-/recharts-scale-0.4.5.tgz 6599ms (cache miss)
4115 http fetch GET 200 https://registry.npmjs.org/@radix-ui/react-collection/-/react-collection-1.1.15.tgz 6483ms (cache miss)
4116 http fetch GET 200 https://registry.npmjs.org/clsx/-/clsx-2.1.1.tgz 6475ms (cache miss)
4117 http fetch GET 200 https://registry.npmjs.org/@tailwindcss/container-queries/-/container-queries-0.1.1.tgz 6470ms (cache miss)
4118 http fetch GET 200 https://registry.npmjs.org/troika-three-utils/-/troika-three-utils-0.52.5.tgz 6683ms (cache miss)
4119 http fetch GET 200 https://registry.npmjs.org/@tabby_ai/hijri-converter/-/hijri-converter-1.0.5.tgz 6602ms (cache miss)
4120 http fetch GET 200 https://registry.npmjs.org/tunnel-rat/-/tunnel-rat-0.1.2.tgz 6527ms (cache miss)
4121 http fetch GET 200 https://registry.npmjs.org/cmdk/-/cmdk-1.1.1.tgz 6494ms (cache miss)
4122 http fetch GET 200 https://registry.npmjs.org/@radix-ui/react-tabs/-/react-tabs-1.1.21.tgz 6487ms (cache miss)
4123 http fetch GET 200 https://registry.npmjs.org/input-otp/-/input-otp-1.4.2.tgz 6563ms (cache miss)
4124 http fetch GET 200 https://registry.npmjs.org/@radix-ui/react-separator/-/react-separator-1.1.15.tgz 6553ms (cache miss)
4125 http fetch GET 200 https://registry.npmjs.org/@vitejs/plugin-react/-/plugin-react-4.7.0.tgz 6561ms (cache miss)
4126 http fetch GET 200 https://registry.npmjs.org/@radix-ui/react-switch/-/react-switch-1.3.7.tgz 6554ms (cache miss)
4127 http fetch GET 200 https://registry.npmjs.org/@jridgewell/sourcemap-codec/-/sourcemap-codec-1.5.5.tgz 6674ms (cache miss)
4128 http fetch GET 200 https://registry.npmjs.org/@tailwindcss/typography/-/typography-0.5.10.tgz 6576ms (cache miss)
4129 http fetch GET 200 https://registry.npmjs.org/@radix-ui/react-toggle/-/react-toggle-1.1.18.tgz 6574ms (cache miss)
4130 http fetch GET 200 https://registry.npmjs.org/@radix-ui/react-slot/-/react-slot-1.3.3.tgz 6574ms (cache miss)
4131 http fetch GET 200 https://registry.npmjs.org/@radix-ui/react-label/-/react-label-2.1.15.tgz 6571ms (cache miss)
4132 http fetch GET 200 https://registry.npmjs.org/@radix-ui/react-progress/-/react-progress-1.1.16.tgz 6573ms (cache miss)
4133 http fetch GET 200 https://registry.npmjs.org/text-segmentation/-/text-segmentation-1.0.3.tgz 6761ms (cache miss)
4134 http fetch GET 200 https://registry.npmjs.org/dotenv/-/dotenv-16.6.1.tgz 6663ms (cache miss)
4135 http fetch GET 200 https://registry.npmjs.org/@radix-ui/react-toggle-group/-/react-toggle-group-1.1.19.tgz 6658ms (cache miss)
4136 http fetch GET 200 https://registry.npmjs.org/@radix-ui/react-dropdown-menu/-/react-dropdown-menu-2.1.24.tgz 6654ms (cache miss)
4137 http fetch GET 200 https://registry.npmjs.org/@radix-ui/react-collapsible/-/react-collapsible-1.1.20.tgz 6654ms (cache miss)
4138 http fetch GET 200 https://registry.npmjs.org/@radix-ui/react-checkbox/-/react-checkbox-1.3.11.tgz 6653ms (cache miss)
4139 http fetch GET 200 https://registry.npmjs.org/@radix-ui/react-dialog/-/react-dialog-1.1.23.tgz 6655ms (cache miss)
4140 http fetch GET 200 https://registry.npmjs.org/meshoptimizer/-/meshoptimizer-0.18.1.tgz 6737ms (cache miss)
4141 http fetch GET 200 https://registry.npmjs.org/@floating-ui/dom/-/dom-1.8.0.tgz 6711ms (cache miss)
4142 http fetch GET 200 https://registry.npmjs.org/vaul/-/vaul-1.1.2.tgz 6691ms (cache miss)
4143 http fetch GET 200 https://registry.npmjs.org/@radix-ui/react-popover/-/react-popover-1.1.23.tgz 6673ms (cache miss)
4144 http fetch GET 200 https://registry.npmjs.org/@radix-ui/react-avatar/-/react-avatar-1.2.6.tgz 6669ms (cache miss)
4145 http fetch GET 200 https://registry.npmjs.org/@types/react-dom/-/react-dom-19.1.11.tgz 6744ms (cache miss)
4146 http fetch GET 200 https://registry.npmjs.org/glob-parent/-/glob-parent-5.1.2.tgz 6731ms (cache miss)
4147 http fetch GET 200 https://registry.npmjs.org/fdir/-/fdir-6.5.0.tgz 6732ms (cache miss)
4148 http fetch GET 200 https://registry.npmjs.org/json5/-/json5-2.2.3.tgz 6852ms (cache miss)
4149 http fetch GET 200 https://registry.npmjs.org/@floating-ui/core/-/core-1.8.0.tgz 6793ms (cache miss)
4150 http fetch GET 200 https://registry.npmjs.org/@radix-ui/react-hover-card/-/react-hover-card-1.1.23.tgz 6752ms (cache miss)
4151 http fetch GET 200 https://registry.npmjs.org/react-is/-/react-is-16.13.1.tgz 6747ms (cache miss)
4152 http fetch GET 200 https://registry.npmjs.org/scheduler/-/scheduler-0.26.0.tgz 6725ms (cache miss)
4153 http fetch GET 200 https://registry.npmjs.org/eventemitter3/-/eventemitter3-4.0.7.tgz 6747ms (cache miss)
4154 http fetch GET 200 https://registry.npmjs.org/@radix-ui/react-menu/-/react-menu-2.1.24.tgz 6798ms (cache miss)
4155 http fetch GET 200 https://registry.npmjs.org/css-in-js-utils/-/css-in-js-utils-3.1.0.tgz 6925ms (cache miss)
4156 http fetch GET 200 https://registry.npmjs.org/rtl-css-js/-/rtl-css-js-1.16.1.tgz 6918ms (cache miss)
4157 http fetch GET 200 https://registry.npmjs.org/@radix-ui/react-tooltip/-/react-tooltip-1.2.16.tgz 6789ms (cache miss)
4158 http fetch GET 200 https://registry.npmjs.org/@radix-ui/react-radio-group/-/react-radio-group-1.4.7.tgz 6832ms (cache miss)
4159 http fetch GET 200 https://registry.npmjs.org/@radix-ui/react-aspect-ratio/-/react-aspect-ratio-1.1.15.tgz 6827ms (cache miss)
4160 http fetch GET 200 https://registry.npmjs.org/@radix-ui/react-context-menu/-/react-context-menu-2.3.7.tgz 6849ms (cache miss)
4161 http fetch GET 200 https://registry.npmjs.org/picomatch/-/picomatch-4.0.5.tgz 6845ms (cache miss)
4162 http fetch GET 200 https://registry.npmjs.org/glob-parent/-/glob-parent-5.1.2.tgz 6845ms (cache miss)
4163 http fetch GET 200 https://registry.npmjs.org/@jridgewell/gen-mapping/-/gen-mapping-0.3.13.tgz 6967ms (cache miss)
4164 http fetch GET 200 https://registry.npmjs.org/@radix-ui/react-alert-dialog/-/react-alert-dialog-1.1.23.tgz 6861ms (cache miss)
4165 http fetch GET 200 https://registry.npmjs.org/@radix-ui/react-slider/-/react-slider-1.4.7.tgz 6944ms (cache miss)
4166 http fetch GET 200 https://registry.npmjs.org/@radix-ui/react-accordion/-/react-accordion-1.2.20.tgz 6937ms (cache miss)
4167 http fetch GET 200 https://registry.npmjs.org/utrie/-/utrie-1.0.2.tgz 7074ms (cache miss)
4168 http fetch GET 200 https://registry.npmjs.org/quill-delta/-/quill-delta-5.1.0.tgz 6970ms (cache miss)
4169 http fetch GET 200 https://registry.npmjs.org/sonner/-/sonner-1.7.4.tgz 6972ms (cache miss)
4170 http fetch GET 200 https://registry.npmjs.org/@radix-ui/react-scroll-area/-/react-scroll-area-1.2.18.tgz 6959ms (cache miss)
4171 http fetch GET 200 https://registry.npmjs.org/@date-fns/tz/-/tz-1.5.0.tgz 7100ms (cache miss)
4172 http fetch GET 200 https://registry.npmjs.org/@radix-ui/react-menubar/-/react-menubar-1.1.24.tgz 7042ms (cache miss)
4173 http fetch GET 200 https://registry.npmjs.org/camera-controls/-/camera-controls-2.10.1.tgz 7099ms (cache miss)
4174 http fetch GET 200 https://registry.npmjs.org/@radix-ui/react-navigation-menu/-/react-navigation-menu-1.2.22.tgz 7064ms (cache miss)
4175 http fetch GET 200 https://registry.npmjs.org/quill 6495ms (cache miss)
4176 silly packumentCache corgi:https://registry.npmjs.org/quill set size:undefined disposed:false
4177 http fetch GET 200 https://registry.npmjs.org/webgl-constants/-/webgl-constants-1.1.1.tgz 7284ms (cache miss)
4178 http fetch GET 200 https://registry.npmjs.org/react-smooth/-/react-smooth-4.0.4.tgz 7325ms (cache miss)
4179 http fetch GET 200 https://registry.npmjs.org/mdn-data/-/mdn-data-2.0.14.tgz 7318ms (cache miss)
4180 http fetch GET 200 https://registry.npmjs.org/undici-types/-/undici-types-6.21.0.tgz 7302ms (cache miss)
4181 http fetch GET 200 https://registry.npmjs.org/@biomejs/biome/-/biome-1.9.4.tgz 7251ms (cache miss)
4182 http fetch GET 200 https://registry.npmjs.org/d3-array/-/d3-array-3.2.4.tgz 7488ms (cache miss)
4183 http fetch GET 200 https://registry.npmjs.org/@radix-ui/react-select/-/react-select-2.3.7.tgz 7373ms (cache miss)
4184 http fetch GET 200 https://registry.npmjs.org/draco3d/-/draco3d-1.5.7.tgz 7598ms (cache miss)
4185 http fetch GET 200 https://registry.npmjs.org/parchment/-/parchment-3.0.0.tgz 7523ms (cache miss)
4186 http fetch GET 200 https://registry.npmjs.org/d3-format/-/d3-format-3.1.2.tgz 7668ms (cache miss)
4187 http fetch GET 200 https://registry.npmjs.org/css-line-break/-/css-line-break-2.1.0.tgz 7637ms (cache miss)
4188 http fetch GET 200 https://registry.npmjs.org/react-transition-group/-/react-transition-group-4.4.5.tgz 7776ms (cache miss)
4189 http fetch GET 200 https://registry.npmjs.org/@types/react/-/react-19.1.17.tgz 7735ms (cache miss)
4190 http fetch GET 200 https://registry.npmjs.org/@jridgewell/trace-mapping/-/trace-mapping-0.3.31.tgz 7961ms (cache miss)
4191 http fetch GET 200 https://registry.npmjs.org/postcss-selector-parser/-/postcss-selector-parser-6.0.10.tgz 7931ms (cache miss)
4192 http fetch GET 200 https://registry.npmjs.org/fast-glob/-/fast-glob-3.3.3.tgz 8044ms (cache miss)
4193 http fetch GET 200 https://registry.npmjs.org/react-quill-new/-/react-quill-new-3.4.6.tgz 7944ms (cache miss)
4194 http fetch GET 200 https://registry.npmjs.org/react/-/react-19.1.9.tgz 7991ms (cache miss)
4195 http fetch GET 200 https://registry.npmjs.org/inline-style-prefixer/-/inline-style-prefixer-7.0.1.tgz 8145ms (cache miss)
4196 http fetch GET 200 https://registry.npmjs.org/cannon-es/-/cannon-es-0.20.0.tgz 8079ms (cache miss)
4197 http fetch GET 200 https://registry.npmjs.org/d3-shape/-/d3-shape-3.2.0.tgz 8277ms (cache miss)
4198 http fetch GET 200 https://registry.npmjs.org/source-map/-/source-map-0.6.1.tgz 8458ms (cache miss)
4199 http fetch GET 200 https://registry.npmjs.org/motion-utils/-/motion-utils-12.39.0.tgz 8553ms (cache miss)
4200 http fetch GET 200 https://registry.npmjs.org/fflate/-/fflate-0.8.3.tgz 8531ms (cache miss)
4201 http fetch GET 200 https://registry.npmjs.org/fflate/-/fflate-0.6.11.tgz 8682ms (cache miss)
4202 http fetch GET 200 https://registry.npmjs.org/zustand/-/zustand-5.0.14.tgz 8737ms (cache miss)
4203 http fetch GET 200 https://registry.npmjs.org/postcss-selector-parser/-/postcss-selector-parser-6.1.4.tgz 8776ms (cache miss)
4204 http fetch GET 200 https://registry.npmjs.org/csstype/-/csstype-3.2.3.tgz 8910ms (cache miss)
4205 http fetch GET 200 https://registry.npmjs.org/postcss-selector-parser/-/postcss-selector-parser-6.1.4.tgz 8918ms (cache miss)
4206 http fetch GET 200 https://registry.npmjs.org/seroval-plugins/-/seroval-plugins-1.5.6.tgz 9033ms (cache miss)
4207 http fetch GET 200 https://registry.npmjs.org/@babel/generator/-/generator-7.29.7.tgz 9179ms (cache miss)
4208 http fetch GET 200 https://registry.npmjs.org/postcss/-/postcss-8.5.23.tgz 9480ms (cache miss)
4209 http fetch GET 200 https://registry.npmjs.org/esbuild 8831ms (cache miss)
4210 silly packumentCache corgi:https://registry.npmjs.org/esbuild set size:undefined disposed:false
4211 http fetch GET 200 https://registry.npmjs.org/tailwind-merge/-/tailwind-merge-2.6.1.tgz 9526ms (cache miss)
4212 http fetch GET 200 https://registry.npmjs.org/motion/-/motion-12.42.2.tgz 9537ms (cache miss)
4213 http fetch GET 200 https://registry.npmjs.org/@react-three/fiber/-/fiber-9.1.4.tgz 9635ms (cache miss)
4214 http fetch GET 200 https://registry.npmjs.org/source-map/-/source-map-0.5.6.tgz 9764ms (cache miss)
4215 http fetch GET 200 https://registry.npmjs.org/stacktrace-js/-/stacktrace-js-2.0.2.tgz 9931ms (cache miss)
4216 http fetch GET 200 https://registry.npmjs.org/react-reconciler/-/react-reconciler-0.31.0.tgz 10055ms (cache miss)
4217 http fetch GET 200 https://registry.npmjs.org/nano-css/-/nano-css-5.6.2.tgz 10358ms (cache miss)
4218 http fetch GET 200 https://registry.npmjs.org/detect-gpu/-/detect-gpu-5.0.70.tgz 10281ms (cache miss)
4219 http fetch GET 200 https://registry.npmjs.org/troika-three-text/-/troika-three-text-0.52.5.tgz 10365ms (cache miss)
4220 http fetch GET 200 https://registry.npmjs.org/autoprefixer/-/autoprefixer-10.5.4.tgz 10373ms (cache miss)
4221 http fetch GET 200 https://registry.npmjs.org/jiti/-/jiti-1.21.7.tgz 10889ms (cache miss)
4222 http fetch GET 200 https://registry.npmjs.org/@rollup/rollup-linux-x64-gnu/-/rollup-linux-x64-gnu-4.62.3.tgz 11032ms (cache miss)
4223 http fetch GET 200 https://registry.npmjs.org/@babel/traverse/-/traverse-7.29.7.tgz 10985ms (cache miss)
4224 http fetch GET 200 https://registry.npmjs.org/@babel/parser/-/parser-7.29.7.tgz 11198ms (cache miss)
4225 http fetch GET 200 https://registry.npmjs.org/react-resizable-panels/-/react-resizable-panels-2.1.9.tgz 11120ms (cache miss)
4226 http fetch GET 200 https://registry.npmjs.org/@use-gesture/core/-/core-10.3.1.tgz 11310ms (cache miss)
4227 http fetch GET 200 https://registry.npmjs.org/embla-carousel/-/embla-carousel-8.6.0.tgz 11449ms (cache miss)
4228 http fetch GET 200 https://registry.npmjs.org/@react-three/cannon/-/cannon-6.6.0.tgz 11416ms (cache miss)
4229 http fetch GET 200 https://registry.npmjs.org/@monogrid/gainmap-js/-/gainmap-js-3.4.0.tgz 12087ms (cache miss)
4230 http fetch GET 200 https://registry.npmjs.org/maath/-/maath-0.10.8.tgz 12374ms (cache miss)
4231 http fetch GET 200 https://registry.npmjs.org/vite 11715ms (cache miss)
4232 silly packumentCache corgi:https://registry.npmjs.org/vite set size:undefined disposed:false
4233 http fetch GET 200 https://registry.npmjs.org/resolve/-/resolve-1.22.12.tgz 12728ms (cache miss)
4234 silly packumentCache corgi:https://registry.npmjs.org/@vitejs%2fplugin-react cache-miss
4235 silly packumentCache corgi:https://registry.npmjs.org/vite-plugin-environment cache-miss
4236 http fetch GET 200 https://registry.npmjs.org/rollup/-/rollup-4.62.3.tgz 13111ms (cache miss)
4237 http fetch GET 200 https://registry.npmjs.org/zustand/-/zustand-4.5.7.tgz 13027ms (cache miss)
4238 http fetch GET 200 https://registry.npmjs.org/@pmndrs/cannon-worker-api/-/cannon-worker-api-2.4.0.tgz 13547ms (cache miss)
4239 http fetch GET 200 https://registry.npmjs.org/@babel/core/-/core-7.29.7.tgz 13616ms (cache miss)
4240 http fetch GET 200 https://registry.npmjs.org/css-tree/-/css-tree-1.1.3.tgz 13993ms (cache miss)
4241 http fetch GET 200 https://registry.npmjs.org/three-mesh-bvh/-/three-mesh-bvh-0.8.3.tgz 14099ms (cache miss)
4242 http fetch GET 200 https://registry.npmjs.org/vite-plugin-environment 1211ms (cache miss)
4243 silly packumentCache corgi:https://registry.npmjs.org/vite-plugin-environment set size:undefined disposed:false
4244 http fetch GET 200 https://registry.npmjs.org/@vitejs%2fplugin-react 1304ms (cache miss)
4245 silly packumentCache corgi:https://registry.npmjs.org/@vitejs%2fplugin-react set size:undefined disposed:false
4246 http fetch GET 200 https://registry.npmjs.org/seroval/-/seroval-1.5.6.tgz 14423ms (cache miss)
4247 silly packumentCache corgi:https://registry.npmjs.org/react-quill-new cache-miss
4248 http fetch GET 200 https://registry.npmjs.org/@babel/runtime/-/runtime-7.29.7.tgz 14591ms (cache miss)
4249 http fetch GET 200 https://registry.npmjs.org/@types/node/-/node-20.19.43.tgz 14563ms (cache miss)
4250 http fetch GET 200 https://registry.npmjs.org/vite/-/vite-5.4.21.tgz 14784ms (cache miss)
4251 http fetch GET 200 https://registry.npmjs.org/@babel/helpers/-/helpers-7.29.7.tgz 15204ms (cache miss)
4252 http fetch GET 200 https://registry.npmjs.org/react-quill-new 671ms (cache miss)
4253 silly packumentCache corgi:https://registry.npmjs.org/react-quill-new set size:undefined disposed:false
4254 http fetch GET 200 https://registry.npmjs.org/dom-helpers/-/dom-helpers-5.2.1.tgz 15450ms (cache miss)
4255 http fetch GET 200 https://registry.npmjs.org/sucrase/-/sucrase-3.35.1.tgz 15811ms (cache miss)
4256 http fetch GET 200 https://registry.npmjs.org/react-hook-form/-/react-hook-form-7.83.0.tgz 15691ms (cache miss)
4257 http fetch GET 200 https://registry.npmjs.org/victory-vendor/-/victory-vendor-36.9.2.tgz 17125ms (cache miss)
4258 http fetch GET 200 https://registry.npmjs.org/@tanstack/router-core/-/router-core-1.131.50.tgz 17292ms (cache miss)
4259 http fetch GET 200 https://registry.npmjs.org/@babel/types/-/types-7.29.7.tgz 17381ms (cache miss)
4260 http fetch GET 200 https://registry.npmjs.org/@tanstack/react-router/-/react-router-1.131.50.tgz 18710ms (cache miss)
4261 http fetch GET 200 https://registry.npmjs.org/react-dom/-/react-dom-19.1.9.tgz 18815ms (cache miss)
4262 http fetch GET 200 https://registry.npmjs.org/quill/-/quill-2.0.3.tgz 19107ms (cache miss)
4263 http fetch GET 200 https://registry.npmjs.org/@tanstack/query-core/-/query-core-5.101.4.tgz 19141ms (cache miss)
4264 http fetch GET 200 https://registry.npmjs.org/@tanstack/react-query/-/react-query-5.101.4.tgz 19302ms (cache miss)
4265 http fetch GET 200 https://registry.npmjs.org/react-use/-/react-use-17.6.1.tgz 19563ms (cache miss)
4266 http fetch GET 200 https://registry.npmjs.org/@dimforge/rapier3d-compat/-/rapier3d-compat-0.12.0.tgz 20308ms (cache miss)
4267 http fetch GET 200 https://registry.npmjs.org/@react-three/drei/-/drei-10.0.8.tgz 20903ms (cache miss)
4268 http fetch GET 200 https://registry.npmjs.org/lodash-es/-/lodash-es-4.18.1.tgz 21127ms (cache miss)
4269 http fetch GET 200 https://registry.npmjs.org/@esbuild/linux-x64/-/linux-x64-0.21.5.tgz 22057ms (cache miss)
4270 http fetch GET 200 https://registry.npmjs.org/tailwindcss/-/tailwindcss-3.4.19.tgz 21844ms (cache miss)
4271 http fetch GET 200 https://registry.npmjs.org/recharts/-/recharts-2.15.4.tgz 22225ms (cache miss)
4272 warn deprecated recharts@2.15.4: 1.x and 2.x branches are no longer active. Bump to Recharts v3 to receive latest features and bugfixes. See https://github.com/recharts/recharts/wiki/3.0-migration-guide
4273 http fetch GET 200 https://registry.npmjs.org/html2canvas/-/html2canvas-1.4.1.tgz 22614ms (cache miss)
4274 http fetch GET 200 https://registry.npmjs.org/framer-motion/-/framer-motion-12.42.2.tgz 23608ms (cache miss)
4275 http fetch GET 200 https://registry.npmjs.org/motion-dom/-/motion-dom-12.42.2.tgz 24001ms (cache miss)
4276 http fetch GET 200 https://registry.npmjs.org/caniuse-lite/-/caniuse-lite-1.0.30001806.tgz 24536ms (cache miss)
4277 http fetch GET 200 https://registry.npmjs.org/lodash/-/lodash-4.18.1.tgz 25715ms (cache miss)
4278 http fetch GET 200 https://registry.npmjs.org/@types/three/-/three-0.176.0.tgz 26308ms (cache miss)
4279 http fetch GET 200 https://registry.npmjs.org/react-day-picker/-/react-day-picker-9.14.0.tgz 28397ms (cache miss)
4280 http fetch GET 200 https://registry.npmjs.org/@mediapipe/tasks-vision/-/tasks-vision-0.10.17.tgz 29206ms (cache miss)
4281 http fetch GET 200 https://registry.npmjs.org/typescript/-/typescript-5.9.3.tgz 31418ms (cache miss)
4282 http fetch GET 200 https://registry.npmjs.org/hls.js/-/hls.js-1.6.16.tgz 32240ms (cache miss)
4283 http fetch GET 200 https://registry.npmjs.org/@biomejs/cli-linux-x64/-/cli-linux-x64-1.9.4.tgz 33830ms (cache miss)
4284 http fetch GET 200 https://registry.npmjs.org/date-fns-jalali/-/date-fns-jalali-4.1.0-0.tgz 38363ms (cache miss)
4285 http fetch GET 200 https://registry.npmjs.org/three-stdlib/-/three-stdlib-2.36.1.tgz 40265ms (cache miss)
4286 http fetch GET 200 https://registry.npmjs.org/three/-/three-0.170.0.tgz 40405ms (cache miss)
4287 http fetch GET 200 https://registry.npmjs.org/three/-/three-0.176.0.tgz 41412ms (cache miss)
4288 http fetch GET 200 https://registry.npmjs.org/date-fns/-/date-fns-4.4.0.tgz 44788ms (cache miss)
4289 http fetch GET 200 https://registry.npmjs.org/date-fns/-/date-fns-3.6.0.tgz 45218ms (cache miss)
4290 http fetch GET 200 https://registry.npmjs.org/lucide-react/-/lucide-react-0.511.0.tgz 45873ms (cache miss)
4291 http fetch GET 200 https://registry.npmjs.org/react-icons/-/react-icons-5.7.0.tgz 47153ms (cache miss)
4292 info run @biomejs/biome@1.9.4 postinstall node_modules/@biomejs/biome node scripts/postinstall.js
4293 info run esbuild@0.21.5 postinstall node_modules/esbuild node install.js
4294 info run @biomejs/biome@1.9.4 postinstall { code: 127, signal: null }
4295 info run esbuild@0.21.5 postinstall { code: 127, signal: null }
4296 verbose stack Error: command failed
4296 verbose stack     at promiseSpawn (/opt/alt/alt-nodejs22/root/usr/lib/node_modules/npm/node_modules.bundled/@npmcli/promise-spawn/lib/index.js:22:22)
4296 verbose stack     at spawnWithShell (/opt/alt/alt-nodejs22/root/usr/lib/node_modules/npm/node_modules.bundled/@npmcli/promise-spawn/lib/index.js:124:10)
4296 verbose stack     at promiseSpawn (/opt/alt/alt-nodejs22/root/usr/lib/node_modules/npm/node_modules.bundled/@npmcli/promise-spawn/lib/index.js:12:12)
4296 verbose stack     at runScriptPkg (/opt/alt/alt-nodejs22/root/usr/lib/node_modules/npm/node_modules.bundled/@npmcli/run-script/lib/run-script-pkg.js:77:13)
4296 verbose stack     at runScript (/opt/alt/alt-nodejs22/root/usr/lib/node_modules/npm/node_modules.bundled/@npmcli/run-script/lib/run-script.js:9:12)
4296 verbose stack     at /opt/alt/alt-nodejs22/root/usr/lib/node_modules/npm/node_modules.bundled/@npmcli/arborist/lib/arborist/rebuild.js:329:17
4296 verbose stack     at run (/opt/alt/alt-nodejs22/root/usr/lib/node_modules/npm/node_modules.bundled/promise-call-limit/dist/commonjs/index.js:67:22)
4296 verbose stack     at /opt/alt/alt-nodejs22/root/usr/lib/node_modules/npm/node_modules.bundled/promise-call-limit/dist/commonjs/index.js:84:9
4296 verbose stack     at new Promise (<anonymous>)
4296 verbose stack     at callLimit (/opt/alt/alt-nodejs22/root/usr/lib/node_modules/npm/node_modules.bundled/promise-call-limit/dist/commonjs/index.js:35:69)
4297 verbose pkgid @biomejs/biome@1.9.4
4298 error code 127
4299 error path /home/drarmank/source_build/dr.armankabir-main/src/frontend/node_modules/@biomejs/biome
4300 error command failed
4301 error command sh -c node scripts/postinstall.js
4302 error sh: node: command not found
4303 silly unfinished npm timer reify 1785119894786
4304 silly unfinished npm timer reify:build 1785119976406
4305 silly unfinished npm timer build 1785119976408
4306 silly unfinished npm timer build:deps 1785119976408
4307 silly unfinished npm timer build:run:postinstall 1785119976452
4308 silly unfinished npm timer build:run:postinstall:node_modules/@biomejs/biome 1785119976452
4309 silly unfinished npm timer build:run:postinstall:node_modules/esbuild 1785119976476
4310 verbose cwd /home/drarmank/source_build/dr.armankabir-main/src/frontend
4311 verbose os Linux 4.18.0-553.121.1.lve.el8.x86_64
4312 verbose node v22.14.0
4313 verbose npm  v10.9.2
4314 notice
4314 notice New major version of npm available! 10.9.2 -> 12.0.1
4314 notice Changelog: https://github.com/npm/cli/releases/tag/v12.0.1
4314 notice To update run: npm install -g npm@12.0.1
4314 notice  { force: true, [Symbol(proc-log.meta)]: true }
4315 verbose exit 127
4316 verbose code 127
4317 error A complete log of this run can be found in: /home/drarmank/.npm/_logs/2026-07-27T02_38_13_952Z-debug-0.log
