0 verbose cli /opt/alt/alt-nodejs22/root/usr/bin/node /opt/alt/alt-nodejs22/root/usr/bin/npm
1 info using npm@10.9.2
2 info using node@v22.14.0
3 silly config load:file:/opt/alt/alt-nodejs22/root/usr/lib/node_modules/npm/npmrc
4 silly config load:file:/home/drarmank/source_build/dr.armankabir-main/src/frontend/.npmrc
5 silly config load:file:/home/drarmank/.npmrc
6 silly config load:file:/opt/alt/alt-nodejs22/root/usr/etc/npmrc
7 verbose title npm install
8 verbose argv "install"
9 verbose logfile logs-max:10 dir:/home/drarmank/.npm/_logs/2026-07-27T02_39_48_233Z-
10 verbose logfile /home/drarmank/.npm/_logs/2026-07-27T02_39_48_233Z-debug-0.log
11 silly logfile done cleaning log files
12 silly packumentCache heap:4345298944 maxSize:1086324736 maxEntrySize:543162368
13 silly idealTree buildDeps
14 silly fetch manifest @radix-ui/react-accordion@^1.1.2
15 silly packumentCache full:https://registry.npmjs.org/@radix-ui%2freact-accordion cache-miss
16 http cache https://registry.npmjs.org/@radix-ui%2freact-accordion 26ms (cache hit)
17 silly packumentCache full:https://registry.npmjs.org/@radix-ui%2freact-accordion set size:1017825 disposed:false
18 silly fetch manifest @types/react@~19.1.0
19 silly packumentCache full:https://registry.npmjs.org/@types%2freact cache-miss
20 http cache https://registry.npmjs.org/@types%2freact 13ms (cache hit)
21 silly packumentCache full:https://registry.npmjs.org/@types%2freact set size:2632776 disposed:false
22 silly fetch manifest @types/react-dom@~19.1.0
23 silly packumentCache full:https://registry.npmjs.org/@types%2freact-dom cache-miss
24 http cache https://registry.npmjs.org/@types%2freact-dom 6ms (cache hit)
25 silly packumentCache full:https://registry.npmjs.org/@types%2freact-dom set size:429026 disposed:false
26 silly fetch manifest react@~19.1.0
27 silly packumentCache full:https://registry.npmjs.org/react cache-miss
28 http cache https://registry.npmjs.org/react 42ms (cache hit)
29 silly packumentCache full:https://registry.npmjs.org/react set size:6830011 disposed:false
30 silly fetch manifest react-dom@~19.1.0
31 silly packumentCache full:https://registry.npmjs.org/react-dom cache-miss
32 http cache https://registry.npmjs.org/react-dom 111ms (cache hit)
33 silly packumentCache full:https://registry.npmjs.org/react-dom set size:9160340 disposed:false
34 silly fetch manifest @radix-ui/react-alert-dialog@^1.1.2
35 silly packumentCache full:https://registry.npmjs.org/@radix-ui%2freact-alert-dialog cache-miss
36 http cache https://registry.npmjs.org/@radix-ui%2freact-alert-dialog 74ms (cache hit)
37 silly packumentCache full:https://registry.npmjs.org/@radix-ui%2freact-alert-dialog set size:1130181 disposed:false
38 silly fetch manifest @radix-ui/react-aspect-ratio@^1.1.0
39 silly packumentCache full:https://registry.npmjs.org/@radix-ui%2freact-aspect-ratio cache-miss
40 http cache https://registry.npmjs.org/@radix-ui%2freact-aspect-ratio 6ms (cache hit)
41 silly packumentCache full:https://registry.npmjs.org/@radix-ui%2freact-aspect-ratio set size:719416 disposed:false
42 silly fetch manifest @radix-ui/react-avatar@^1.1.0
43 silly packumentCache full:https://registry.npmjs.org/@radix-ui%2freact-avatar cache-miss
44 http cache https://registry.npmjs.org/@radix-ui%2freact-avatar 5ms (cache hit)
45 silly packumentCache full:https://registry.npmjs.org/@radix-ui%2freact-avatar set size:831864 disposed:false
46 silly fetch manifest @radix-ui/react-checkbox@^1.1.1
47 silly packumentCache full:https://registry.npmjs.org/@radix-ui%2freact-checkbox cache-miss
48 http cache https://registry.npmjs.org/@radix-ui%2freact-checkbox 9ms (cache hit)
49 silly packumentCache full:https://registry.npmjs.org/@radix-ui%2freact-checkbox set size:1007067 disposed:false
50 silly fetch manifest @radix-ui/react-collapsible@^1.1.0
51 silly packumentCache full:https://registry.npmjs.org/@radix-ui%2freact-collapsible cache-miss
52 http cache https://registry.npmjs.org/@radix-ui%2freact-collapsible 7ms (cache hit)
53 silly packumentCache full:https://registry.npmjs.org/@radix-ui%2freact-collapsible set size:959318 disposed:false
54 silly fetch manifest @radix-ui/react-context-menu@^2.2.15
55 silly packumentCache full:https://registry.npmjs.org/@radix-ui%2freact-context-menu cache-miss
56 http cache https://registry.npmjs.org/@radix-ui%2freact-context-menu 8ms (cache hit)
57 silly packumentCache full:https://registry.npmjs.org/@radix-ui%2freact-context-menu set size:1224175 disposed:false
58 silly fetch manifest @radix-ui/react-dialog@^1.1.1
59 silly packumentCache full:https://registry.npmjs.org/@radix-ui%2freact-dialog cache-miss
60 http cache https://registry.npmjs.org/@radix-ui%2freact-dialog 11ms (cache hit)
61 silly packumentCache full:https://registry.npmjs.org/@radix-ui%2freact-dialog set size:1243391 disposed:false
62 silly fetch manifest @radix-ui/react-dropdown-menu@^2.1.1
63 silly packumentCache full:https://registry.npmjs.org/@radix-ui%2freact-dropdown-menu cache-miss
64 http cache https://registry.npmjs.org/@radix-ui%2freact-dropdown-menu 48ms (cache hit)
65 silly packumentCache full:https://registry.npmjs.org/@radix-ui%2freact-dropdown-menu set size:1234465 disposed:false
66 silly fetch manifest @radix-ui/react-hover-card@^1.1.2
67 silly packumentCache full:https://registry.npmjs.org/@radix-ui%2freact-hover-card cache-miss
68 http cache https://registry.npmjs.org/@radix-ui%2freact-hover-card 81ms (cache hit)
69 silly packumentCache full:https://registry.npmjs.org/@radix-ui%2freact-hover-card set size:1159674 disposed:false
70 silly fetch manifest @radix-ui/react-label@^2.1.0
71 silly packumentCache full:https://registry.npmjs.org/@radix-ui%2freact-label cache-miss
72 http cache https://registry.npmjs.org/@radix-ui%2freact-label 5ms (cache hit)
73 silly packumentCache full:https://registry.npmjs.org/@radix-ui%2freact-label set size:749327 disposed:false
74 silly fetch manifest @radix-ui/react-menubar@^1.1.1
75 silly packumentCache full:https://registry.npmjs.org/@radix-ui%2freact-menubar cache-miss
76 http cache https://registry.npmjs.org/@radix-ui%2freact-menubar 7ms (cache hit)
77 silly packumentCache full:https://registry.npmjs.org/@radix-ui%2freact-menubar set size:740824 disposed:false
78 silly fetch manifest @radix-ui/react-navigation-menu@^1.2.0
79 silly packumentCache full:https://registry.npmjs.org/@radix-ui%2freact-navigation-menu cache-miss
80 http cache https://registry.npmjs.org/@radix-ui%2freact-navigation-menu 5ms (cache hit)
81 silly packumentCache full:https://registry.npmjs.org/@radix-ui%2freact-navigation-menu set size:1003424 disposed:false
82 silly fetch manifest @radix-ui/react-popover@^1.1.1
83 silly packumentCache full:https://registry.npmjs.org/@radix-ui%2freact-popover cache-miss
84 http cache https://registry.npmjs.org/@radix-ui%2freact-popover 6ms (cache hit)
85 silly packumentCache full:https://registry.npmjs.org/@radix-ui%2freact-popover set size:1289696 disposed:false
86 silly fetch manifest @radix-ui/react-progress@^1.1.0
87 silly packumentCache full:https://registry.npmjs.org/@radix-ui%2freact-progress cache-miss
88 http cache https://registry.npmjs.org/@radix-ui%2freact-progress 5ms (cache hit)
89 silly packumentCache full:https://registry.npmjs.org/@radix-ui%2freact-progress set size:739742 disposed:false
90 silly fetch manifest @radix-ui/react-radio-group@^1.2.0
91 silly packumentCache full:https://registry.npmjs.org/@radix-ui%2freact-radio-group cache-miss
92 http cache https://registry.npmjs.org/@radix-ui%2freact-radio-group 6ms (cache hit)
93 silly packumentCache full:https://registry.npmjs.org/@radix-ui%2freact-radio-group set size:1095058 disposed:false
94 silly fetch manifest @radix-ui/react-scroll-area@^1.2.0
95 silly packumentCache full:https://registry.npmjs.org/@radix-ui%2freact-scroll-area cache-miss
96 http cache https://registry.npmjs.org/@radix-ui%2freact-scroll-area 9ms (cache hit)
97 silly packumentCache full:https://registry.npmjs.org/@radix-ui%2freact-scroll-area set size:1057478 disposed:false
98 silly fetch manifest @radix-ui/react-select@^2.1.2
99 silly packumentCache full:https://registry.npmjs.org/@radix-ui%2freact-select cache-miss
100 http cache https://registry.npmjs.org/@radix-ui%2freact-select 6ms (cache hit)
101 silly packumentCache full:https://registry.npmjs.org/@radix-ui%2freact-select set size:1160674 disposed:false
102 silly fetch manifest @radix-ui/react-separator@^1.1.0
103 silly packumentCache full:https://registry.npmjs.org/@radix-ui%2freact-separator cache-miss
104 http cache https://registry.npmjs.org/@radix-ui%2freact-separator 5ms (cache hit)
105 silly packumentCache full:https://registry.npmjs.org/@radix-ui%2freact-separator set size:717684 disposed:false
106 silly fetch manifest @radix-ui/react-slider@^1.2.0
107 silly packumentCache full:https://registry.npmjs.org/@radix-ui%2freact-slider cache-miss
108 http cache https://registry.npmjs.org/@radix-ui%2freact-slider 5ms (cache hit)
109 silly packumentCache full:https://registry.npmjs.org/@radix-ui%2freact-slider set size:1019786 disposed:false
110 silly fetch manifest @radix-ui/react-slot@^1.1.0
111 silly packumentCache full:https://registry.npmjs.org/@radix-ui%2freact-slot cache-miss
112 http cache https://registry.npmjs.org/@radix-ui%2freact-slot 4ms (cache hit)
113 silly packumentCache full:https://registry.npmjs.org/@radix-ui%2freact-slot set size:484643 disposed:false
114 silly fetch manifest @radix-ui/react-switch@^1.1.1
115 silly packumentCache full:https://registry.npmjs.org/@radix-ui%2freact-switch cache-miss
116 http cache https://registry.npmjs.org/@radix-ui%2freact-switch 11ms (cache hit)
117 silly packumentCache full:https://registry.npmjs.org/@radix-ui%2freact-switch set size:876390 disposed:false
118 silly fetch manifest @radix-ui/react-tabs@^1.1.0
119 silly packumentCache full:https://registry.npmjs.org/@radix-ui%2freact-tabs cache-miss
120 http cache https://registry.npmjs.org/@radix-ui%2freact-tabs 30ms (cache hit)
121 silly packumentCache full:https://registry.npmjs.org/@radix-ui%2freact-tabs set size:1035055 disposed:false
122 silly fetch manifest @radix-ui/react-toggle@^1.1.0
123 silly packumentCache full:https://registry.npmjs.org/@radix-ui%2freact-toggle cache-miss
124 http cache https://registry.npmjs.org/@radix-ui%2freact-toggle 5ms (cache hit)
125 silly packumentCache full:https://registry.npmjs.org/@radix-ui%2freact-toggle set size:794961 disposed:false
126 silly fetch manifest @radix-ui/react-toggle-group@^1.1.0
127 silly packumentCache full:https://registry.npmjs.org/@radix-ui%2freact-toggle-group cache-miss
128 http cache https://registry.npmjs.org/@radix-ui%2freact-toggle-group 5ms (cache hit)
129 silly packumentCache full:https://registry.npmjs.org/@radix-ui%2freact-toggle-group set size:980389 disposed:false
130 silly fetch manifest @radix-ui/react-tooltip@^1.1.2
131 silly packumentCache full:https://registry.npmjs.org/@radix-ui%2freact-tooltip cache-miss
132 http cache https://registry.npmjs.org/@radix-ui%2freact-tooltip 6ms (cache hit)
133 silly packumentCache full:https://registry.npmjs.org/@radix-ui%2freact-tooltip set size:1296941 disposed:false
134 silly fetch manifest @react-three/cannon@~6.6.0
135 silly packumentCache full:https://registry.npmjs.org/@react-three%2fcannon cache-miss
136 http cache https://registry.npmjs.org/@react-three%2fcannon 4ms (cache hit)
137 silly packumentCache full:https://registry.npmjs.org/@react-three%2fcannon set size:265484 disposed:false
138 silly fetch manifest @react-three/fiber@~9.1.2
139 silly packumentCache full:https://registry.npmjs.org/@react-three%2ffiber cache-miss
140 http cache https://registry.npmjs.org/@react-three%2ffiber 5ms (cache hit)
141 silly packumentCache full:https://registry.npmjs.org/@react-three%2ffiber set size:1153721 disposed:false
142 silly fetch manifest expo@>=43.0
143 silly packumentCache full:https://registry.npmjs.org/expo cache-miss
144 http cache https://registry.npmjs.org/expo 19ms (cache hit)
145 silly packumentCache full:https://registry.npmjs.org/expo set size:3969729 disposed:false
146 silly fetch manifest @expo/metro-runtime@*
147 silly packumentCache full:https://registry.npmjs.org/@expo%2fmetro-runtime cache-miss
148 http cache https://registry.npmjs.org/@expo%2fmetro-runtime 5ms (cache hit)
149 silly packumentCache full:https://registry.npmjs.org/@expo%2fmetro-runtime set size:779136 disposed:false
150 silly fetch manifest react-native@*
151 silly packumentCache full:https://registry.npmjs.org/react-native cache-miss
152 http cache https://registry.npmjs.org/react-native 50ms (cache hit)
153 silly packumentCache full:https://registry.npmjs.org/react-native set size:15558287 disposed:false
154 silly fetch manifest @react-native/jest-preset@0.86.0
155 silly packumentCache full:https://registry.npmjs.org/@react-native%2fjest-preset cache-miss
156 http cache https://registry.npmjs.org/@react-native%2fjest-preset 97ms (cache hit)
157 silly packumentCache full:https://registry.npmjs.org/@react-native%2fjest-preset set size:298206 disposed:false
158 silly fetch manifest react@^19.2.3
159 silly packumentCache full:https://registry.npmjs.org/react cache-miss
160 http cache https://registry.npmjs.org/react 83ms (cache hit)
161 silly packumentCache full:https://registry.npmjs.org/react set size:6830011 disposed:false
162 silly fetch manifest react-native-web@*
163 silly packumentCache full:https://registry.npmjs.org/react-native-web cache-miss
164 http cache https://registry.npmjs.org/react-native-web 6ms (cache hit)
165 silly packumentCache full:https://registry.npmjs.org/react-native-web set size:1090416 disposed:false
166 silly fetch manifest react-native-webview@*
167 silly packumentCache full:https://registry.npmjs.org/react-native-webview cache-miss
168 http cache https://registry.npmjs.org/react-native-webview 21ms (cache hit)
169 silly packumentCache full:https://registry.npmjs.org/react-native-webview set size:1379763 disposed:false
170 silly fetch manifest expo-asset@>=8.4
171 silly packumentCache full:https://registry.npmjs.org/expo-asset cache-miss
172 http cache https://registry.npmjs.org/expo-asset 9ms (cache hit)
173 silly packumentCache full:https://registry.npmjs.org/expo-asset set size:1136091 disposed:false
174 silly fetch manifest expo-file-system@>=11.0
175 silly packumentCache full:https://registry.npmjs.org/expo-file-system cache-miss
176 http cache https://registry.npmjs.org/expo-file-system 6ms (cache hit)
177 silly packumentCache full:https://registry.npmjs.org/expo-file-system set size:1148651 disposed:false
178 silly fetch manifest expo-gl@>=11.0
179 silly packumentCache full:https://registry.npmjs.org/expo-gl cache-miss
180 http cache https://registry.npmjs.org/expo-gl 5ms (cache hit)
181 silly packumentCache full:https://registry.npmjs.org/expo-gl set size:1025775 disposed:false
182 silly fetch manifest react-native-reanimated@*
183 silly packumentCache full:https://registry.npmjs.org/react-native-reanimated cache-miss
184 http cache https://registry.npmjs.org/react-native-reanimated 34ms (cache hit)
185 silly packumentCache full:https://registry.npmjs.org/react-native-reanimated set size:11265724 disposed:false
186 silly fetch manifest react-native-worklets@0.10.x - 0.11.x
187 silly packumentCache full:https://registry.npmjs.org/react-native-worklets cache-miss
188 http cache https://registry.npmjs.org/react-native-worklets 10ms (cache hit)
189 silly packumentCache full:https://registry.npmjs.org/react-native-worklets set size:3061442 disposed:false
190 silly fetch manifest @babel/core@*
191 silly packumentCache full:https://registry.npmjs.org/@babel%2fcore cache-miss
192 http cache https://registry.npmjs.org/@babel%2fcore 6ms (cache hit)
193 silly packumentCache full:https://registry.npmjs.org/@babel%2fcore set size:788273 disposed:false
194 silly fetch manifest @react-native/metro-config@*
195 silly packumentCache full:https://registry.npmjs.org/@react-native%2fmetro-config cache-miss
196 http cache https://registry.npmjs.org/@react-native%2fmetro-config 26ms (cache hit)
197 silly packumentCache full:https://registry.npmjs.org/@react-native%2fmetro-config set size:2318211 disposed:false
198 silly fetch manifest three@^0.176.0
199 silly packumentCache full:https://registry.npmjs.org/three cache-miss
200 http cache https://registry.npmjs.org/three 5ms (cache hit)
201 silly packumentCache full:https://registry.npmjs.org/three set size:933563 disposed:false
202 silly fetch manifest @react-three/drei@~10.0.8
203 silly packumentCache full:https://registry.npmjs.org/@react-three%2fdrei cache-miss
204 http cache https://registry.npmjs.org/@react-three%2fdrei 11ms (cache hit)
205 silly packumentCache full:https://registry.npmjs.org/@react-three%2fdrei set size:2751174 disposed:false
206 silly fetch manifest @tanstack/react-query@^5.24.0
207 silly packumentCache full:https://registry.npmjs.org/@tanstack%2freact-query cache-miss
208 http cache https://registry.npmjs.org/@tanstack%2freact-query 12ms (cache hit)
209 silly packumentCache full:https://registry.npmjs.org/@tanstack%2freact-query set size:1624221 disposed:false
210 silly fetch manifest @tanstack/react-router@~1.131.8
211 silly packumentCache full:https://registry.npmjs.org/@tanstack%2freact-router cache-miss
212 http cache https://registry.npmjs.org/@tanstack%2freact-router 13ms (cache hit)
213 silly packumentCache full:https://registry.npmjs.org/@tanstack%2freact-router set size:3624638 disposed:false
214 silly fetch manifest class-variance-authority@^0.7.0
215 silly packumentCache full:https://registry.npmjs.org/class-variance-authority cache-miss
216 http cache https://registry.npmjs.org/class-variance-authority 4ms (cache hit)
217 silly packumentCache full:https://registry.npmjs.org/class-variance-authority set size:96388 disposed:false
218 silly fetch manifest clsx@^2.1.1
219 silly packumentCache full:https://registry.npmjs.org/clsx cache-miss
220 http cache https://registry.npmjs.org/clsx 31ms (cache hit)
221 silly packumentCache full:https://registry.npmjs.org/clsx set size:42506 disposed:false
222 silly fetch manifest cmdk@^1.0.0
223 silly packumentCache full:https://registry.npmjs.org/cmdk cache-miss
224 http cache https://registry.npmjs.org/cmdk 4ms (cache hit)
225 silly packumentCache full:https://registry.npmjs.org/cmdk set size:102891 disposed:false
226 silly fetch manifest date-fns@^3.6.0
227 silly packumentCache full:https://registry.npmjs.org/date-fns cache-miss
228 http cache https://registry.npmjs.org/date-fns 14ms (cache hit)
229 silly packumentCache full:https://registry.npmjs.org/date-fns set size:4144741 disposed:false
230 silly fetch manifest embla-carousel-react@^8.2.1
231 silly packumentCache full:https://registry.npmjs.org/embla-carousel-react cache-miss
232 http cache https://registry.npmjs.org/embla-carousel-react 6ms (cache hit)
233 silly packumentCache full:https://registry.npmjs.org/embla-carousel-react set size:398957 disposed:false
234 silly fetch manifest html2canvas@^1.4.1
235 silly packumentCache full:https://registry.npmjs.org/html2canvas cache-miss
236 http cache https://registry.npmjs.org/html2canvas 4ms (cache hit)
237 silly packumentCache full:https://registry.npmjs.org/html2canvas set size:186292 disposed:false
238 silly fetch manifest input-otp@^1.4.1
239 silly packumentCache full:https://registry.npmjs.org/input-otp cache-miss
240 http cache https://registry.npmjs.org/input-otp 3ms (cache hit)
241 silly packumentCache full:https://registry.npmjs.org/input-otp set size:85904 disposed:false
242 silly fetch manifest lucide-react@0.511.0
243 silly packumentCache full:https://registry.npmjs.org/lucide-react cache-miss
244 http cache https://registry.npmjs.org/lucide-react 9ms (cache hit)
245 silly packumentCache full:https://registry.npmjs.org/lucide-react set size:2299808 disposed:false
246 silly fetch manifest motion@^12.34.3
247 silly packumentCache full:https://registry.npmjs.org/motion cache-miss
248 http cache https://registry.npmjs.org/motion 12ms (cache hit)
249 silly packumentCache full:https://registry.npmjs.org/motion set size:1403357 disposed:false
250 silly fetch manifest @emotion/is-prop-valid@*
251 silly packumentCache full:https://registry.npmjs.org/@emotion%2fis-prop-valid cache-miss
252 http cache https://registry.npmjs.org/@emotion%2fis-prop-valid 4ms (cache hit)
253 silly packumentCache full:https://registry.npmjs.org/@emotion%2fis-prop-valid set size:96539 disposed:false
254 silly fetch manifest next-themes@~0.4.6
255 silly packumentCache full:https://registry.npmjs.org/next-themes cache-miss
256 http cache https://registry.npmjs.org/next-themes 4ms (cache hit)
257 silly packumentCache full:https://registry.npmjs.org/next-themes set size:162039 disposed:false
258 silly fetch manifest react-day-picker@^9.5.0
259 silly packumentCache full:https://registry.npmjs.org/react-day-picker cache-miss
260 http cache https://registry.npmjs.org/react-day-picker 6ms (cache hit)
261 silly packumentCache full:https://registry.npmjs.org/react-day-picker set size:1169083 disposed:false
262 silly fetch manifest react-hook-form@^7.53.0
263 silly packumentCache full:https://registry.npmjs.org/react-hook-form cache-miss
264 http cache https://registry.npmjs.org/react-hook-form 17ms (cache hit)
265 silly packumentCache full:https://registry.npmjs.org/react-hook-form set size:5189031 disposed:false
266 silly fetch manifest react-icons@^5.4.0
267 silly packumentCache full:https://registry.npmjs.org/react-icons cache-miss
268 http cache https://registry.npmjs.org/react-icons 4ms (cache hit)
269 silly packumentCache full:https://registry.npmjs.org/react-icons set size:275121 disposed:false
270 silly fetch manifest react-quill-new@3.4.6
271 silly packumentCache full:https://registry.npmjs.org/react-quill-new cache-miss
272 http cache https://registry.npmjs.org/react-quill-new 4ms (cache hit)
273 silly packumentCache full:https://registry.npmjs.org/react-quill-new set size:80896 disposed:false
274 silly fetch manifest quill-delta@^5.1.0
275 silly packumentCache full:https://registry.npmjs.org/quill-delta cache-miss
276 http cache https://registry.npmjs.org/quill-delta 3ms (cache hit)
277 silly packumentCache full:https://registry.npmjs.org/quill-delta set size:61893 disposed:false
278 silly fetch manifest react-resizable-panels@^2.1.7
279 silly packumentCache full:https://registry.npmjs.org/react-resizable-panels cache-miss
280 http cache https://registry.npmjs.org/react-resizable-panels 5ms (cache hit)
281 silly packumentCache full:https://registry.npmjs.org/react-resizable-panels set size:824952 disposed:false
282 silly fetch manifest react-use@~17.6.0
283 silly packumentCache full:https://registry.npmjs.org/react-use cache-miss
284 http cache https://registry.npmjs.org/react-use 29ms (cache hit)
285 silly packumentCache full:https://registry.npmjs.org/react-use set size:1315123 disposed:false
286 silly fetch manifest recharts@^2.15.1
287 silly packumentCache full:https://registry.npmjs.org/recharts cache-miss
288 http cache https://registry.npmjs.org/recharts 37ms (cache hit)
289 silly packumentCache full:https://registry.npmjs.org/recharts set size:1441197 disposed:false
290 silly fetch manifest sonner@^1.7.4
291 silly packumentCache full:https://registry.npmjs.org/sonner cache-miss
292 http cache https://registry.npmjs.org/sonner 4ms (cache hit)
293 silly packumentCache full:https://registry.npmjs.org/sonner set size:143249 disposed:false
294 silly fetch manifest tailwind-merge@^2.5.2
295 silly packumentCache full:https://registry.npmjs.org/tailwind-merge cache-miss
296 http cache https://registry.npmjs.org/tailwind-merge 9ms (cache hit)
297 silly packumentCache full:https://registry.npmjs.org/tailwind-merge set size:1669841 disposed:false
298 silly fetch manifest vaul@^1.1.2
299 silly packumentCache full:https://registry.npmjs.org/vaul cache-miss
300 http cache https://registry.npmjs.org/vaul 4ms (cache hit)
301 silly packumentCache full:https://registry.npmjs.org/vaul set size:132229 disposed:false
302 silly fetch manifest zustand@~5.0.5
303 silly packumentCache full:https://registry.npmjs.org/zustand cache-miss
304 http cache https://registry.npmjs.org/zustand 5ms (cache hit)
305 silly packumentCache full:https://registry.npmjs.org/zustand set size:486775 disposed:false
306 silly fetch manifest immer@>=9.0.6
307 silly packumentCache full:https://registry.npmjs.org/immer cache-miss
308 http cache https://registry.npmjs.org/immer 5ms (cache hit)
309 silly packumentCache full:https://registry.npmjs.org/immer set size:787228 disposed:false
310 silly fetch manifest use-sync-external-store@>=1.2.0
311 silly packumentCache full:https://registry.npmjs.org/use-sync-external-store cache-miss
312 http cache https://registry.npmjs.org/use-sync-external-store 57ms (cache hit)
313 silly packumentCache full:https://registry.npmjs.org/use-sync-external-store set size:4861581 disposed:false
314 silly fetch manifest @biomejs/biome@^1.9.0
315 silly packumentCache full:https://registry.npmjs.org/@biomejs%2fbiome cache-miss
316 http cache https://registry.npmjs.org/@biomejs%2fbiome 5ms (cache hit)
317 silly packumentCache full:https://registry.npmjs.org/@biomejs%2fbiome set size:352902 disposed:false
318 silly fetch manifest @tailwindcss/container-queries@^0.1.1
319 silly packumentCache full:https://registry.npmjs.org/@tailwindcss%2fcontainer-queries cache-miss
320 http cache https://registry.npmjs.org/@tailwindcss%2fcontainer-queries 5ms (cache hit)
321 silly packumentCache full:https://registry.npmjs.org/@tailwindcss%2fcontainer-queries set size:133760 disposed:false
322 silly fetch manifest tailwindcss@^3.4.17
323 silly packumentCache full:https://registry.npmjs.org/tailwindcss cache-miss
324 http cache https://registry.npmjs.org/tailwindcss 38ms (cache hit)
325 silly packumentCache full:https://registry.npmjs.org/tailwindcss set size:10778950 disposed:false
326 silly fetch manifest @tailwindcss/typography@0.5.10
327 silly packumentCache full:https://registry.npmjs.org/@tailwindcss%2ftypography cache-miss
328 http cache https://registry.npmjs.org/@tailwindcss%2ftypography 6ms (cache hit)
329 silly packumentCache full:https://registry.npmjs.org/@tailwindcss%2ftypography set size:510615 disposed:false
330 silly fetch manifest @types/node@^20.9.0
331 silly packumentCache full:https://registry.npmjs.org/@types%2fnode cache-miss
332 http cache https://registry.npmjs.org/@types%2fnode 41ms (cache hit)
333 silly packumentCache full:https://registry.npmjs.org/@types%2fnode set size:11080817 disposed:false
334 silly fetch manifest @types/three@0.176.0
335 silly packumentCache full:https://registry.npmjs.org/@types%2fthree cache-miss
336 http cache https://registry.npmjs.org/@types%2fthree 5ms (cache hit)
337 silly packumentCache full:https://registry.npmjs.org/@types%2fthree set size:645825 disposed:false
338 silly fetch manifest @vitejs/plugin-react@^4.3.1
339 silly packumentCache full:https://registry.npmjs.org/@vitejs%2fplugin-react cache-miss
340 http cache https://registry.npmjs.org/@vitejs%2fplugin-react 4ms (cache hit)
341 silly packumentCache full:https://registry.npmjs.org/@vitejs%2fplugin-react set size:273554 disposed:false
342 silly fetch manifest vite@^5.4.1
343 silly packumentCache full:https://registry.npmjs.org/vite cache-miss
344 http cache https://registry.npmjs.org/vite 296ms (cache hit)
345 silly packumentCache full:https://registry.npmjs.org/vite set size:38911891 disposed:false
346 silly fetch manifest less@*
347 silly packumentCache full:https://registry.npmjs.org/less cache-miss
348 http cache https://registry.npmjs.org/less 25ms (cache hit)
349 silly packumentCache full:https://registry.npmjs.org/less set size:486919 disposed:false
350 silly fetch manifest lightningcss@^1.21.0
351 silly packumentCache full:https://registry.npmjs.org/lightningcss cache-miss
352 http cache https://registry.npmjs.org/lightningcss 4ms (cache hit)
353 silly packumentCache full:https://registry.npmjs.org/lightningcss set size:191065 disposed:false
354 silly fetch manifest sass@*
355 silly packumentCache full:https://registry.npmjs.org/sass cache-miss
356 http cache https://registry.npmjs.org/sass 5ms (cache hit)
357 silly packumentCache full:https://registry.npmjs.org/sass set size:743214 disposed:false
358 silly fetch manifest sass-embedded@*
359 silly packumentCache full:https://registry.npmjs.org/sass-embedded cache-miss
360 http cache https://registry.npmjs.org/sass-embedded 10ms (cache hit)
361 silly packumentCache full:https://registry.npmjs.org/sass-embedded set size:419718 disposed:false
362 silly fetch manifest stylus@*
363 silly packumentCache full:https://registry.npmjs.org/stylus cache-miss
364 http cache https://registry.npmjs.org/stylus 3ms (cache hit)
365 silly packumentCache full:https://registry.npmjs.org/stylus set size:286766 disposed:false
366 silly fetch manifest sugarss@*
367 silly packumentCache full:https://registry.npmjs.org/sugarss cache-miss
368 http cache https://registry.npmjs.org/sugarss 3ms (cache hit)
369 silly packumentCache full:https://registry.npmjs.org/sugarss set size:44975 disposed:false
370 silly fetch manifest postcss@^8.4.41
371 silly packumentCache full:https://registry.npmjs.org/postcss cache-miss
372 http cache https://registry.npmjs.org/postcss 5ms (cache hit)
373 silly packumentCache full:https://registry.npmjs.org/postcss set size:749954 disposed:false
374 silly fetch manifest terser@^5.4.0
375 silly packumentCache full:https://registry.npmjs.org/terser cache-miss
376 http cache https://registry.npmjs.org/terser 5ms (cache hit)
377 silly packumentCache full:https://registry.npmjs.org/terser set size:806866 disposed:false
378 silly fetch manifest autoprefixer@^10.4.20
379 silly packumentCache full:https://registry.npmjs.org/autoprefixer cache-miss
380 http cache https://registry.npmjs.org/autoprefixer 6ms (cache hit)
381 silly packumentCache full:https://registry.npmjs.org/autoprefixer set size:1366815 disposed:false
382 silly fetch manifest dotenv@^16.5.0
383 silly packumentCache full:https://registry.npmjs.org/dotenv cache-miss
384 http cache https://registry.npmjs.org/dotenv 3ms (cache hit)
385 silly packumentCache full:https://registry.npmjs.org/dotenv set size:277802 disposed:false
386 silly fetch manifest dotenv-cli@^8.0.0
387 silly packumentCache full:https://registry.npmjs.org/dotenv-cli cache-miss
388 http cache https://registry.npmjs.org/dotenv-cli 3ms (cache hit)
389 silly packumentCache full:https://registry.npmjs.org/dotenv-cli set size:76298 disposed:false
390 silly fetch manifest tailwindcss-animate@^1.0.7
391 silly packumentCache full:https://registry.npmjs.org/tailwindcss-animate cache-miss
392 http cache https://registry.npmjs.org/tailwindcss-animate 2ms (cache hit)
393 silly packumentCache full:https://registry.npmjs.org/tailwindcss-animate set size:29893 disposed:false
394 silly fetch manifest typescript@^5.8.3
395 silly packumentCache full:https://registry.npmjs.org/typescript cache-miss
396 http cache https://registry.npmjs.org/typescript 55ms (cache hit)
397 silly packumentCache full:https://registry.npmjs.org/typescript set size:15480461 disposed:false
398 silly fetch manifest vite-plugin-environment@^1.1.3
399 silly packumentCache full:https://registry.npmjs.org/vite-plugin-environment cache-miss
400 http cache https://registry.npmjs.org/vite-plugin-environment 63ms (cache hit)
401 silly packumentCache full:https://registry.npmjs.org/vite-plugin-environment set size:27855 disposed:false
402 silly placeDep ROOT @biomejs/biome@1.9.4 OK for: @caffeine/template-frontend@0.0.0 want: ^1.9.0
403 silly placeDep ROOT @radix-ui/react-accordion@1.2.20 OK for: @caffeine/template-frontend@0.0.0 want: ^1.1.2
404 silly placeDep ROOT react@19.1.9 OK for: @radix-ui/react-accordion@1.2.20 want: ^16.8 || ^17.0 || ^18.0 || ^19.0 || ^19.0.0-rc
405 silly placeDep ROOT react-dom@19.1.9 OK for: @radix-ui/react-accordion@1.2.20 want: ^16.8 || ^17.0 || ^18.0 || ^19.0 || ^19.0.0-rc
406 silly placeDep ROOT @radix-ui/react-alert-dialog@1.1.23 OK for: @caffeine/template-frontend@0.0.0 want: ^1.1.2
407 silly placeDep ROOT @radix-ui/react-aspect-ratio@1.1.15 OK for: @caffeine/template-frontend@0.0.0 want: ^1.1.0
408 silly placeDep ROOT @radix-ui/react-avatar@1.2.6 OK for: @caffeine/template-frontend@0.0.0 want: ^1.1.0
409 silly placeDep ROOT @radix-ui/react-checkbox@1.3.11 OK for: @caffeine/template-frontend@0.0.0 want: ^1.1.1
410 silly placeDep ROOT @radix-ui/react-collapsible@1.1.20 OK for: @caffeine/template-frontend@0.0.0 want: ^1.1.0
411 silly placeDep ROOT @radix-ui/react-context-menu@2.3.7 OK for: @caffeine/template-frontend@0.0.0 want: ^2.2.15
412 silly placeDep ROOT @radix-ui/react-dialog@1.1.23 OK for: @caffeine/template-frontend@0.0.0 want: ^1.1.1
413 silly placeDep ROOT @radix-ui/react-dropdown-menu@2.1.24 OK for: @caffeine/template-frontend@0.0.0 want: ^2.1.1
414 silly placeDep ROOT @radix-ui/react-hover-card@1.1.23 OK for: @caffeine/template-frontend@0.0.0 want: ^1.1.2
415 silly placeDep ROOT @radix-ui/react-label@2.1.15 OK for: @caffeine/template-frontend@0.0.0 want: ^2.1.0
416 silly placeDep ROOT @radix-ui/react-menubar@1.1.24 OK for: @caffeine/template-frontend@0.0.0 want: ^1.1.1
417 silly placeDep ROOT @radix-ui/react-navigation-menu@1.2.22 OK for: @caffeine/template-frontend@0.0.0 want: ^1.2.0
418 silly placeDep ROOT @radix-ui/react-popover@1.1.23 OK for: @caffeine/template-frontend@0.0.0 want: ^1.1.1
419 silly placeDep ROOT @radix-ui/react-progress@1.1.16 OK for: @caffeine/template-frontend@0.0.0 want: ^1.1.0
420 silly placeDep ROOT @radix-ui/react-radio-group@1.4.7 OK for: @caffeine/template-frontend@0.0.0 want: ^1.2.0
421 silly placeDep ROOT @radix-ui/react-scroll-area@1.2.18 OK for: @caffeine/template-frontend@0.0.0 want: ^1.2.0
422 silly placeDep ROOT @radix-ui/react-select@2.3.7 OK for: @caffeine/template-frontend@0.0.0 want: ^2.1.2
423 silly placeDep ROOT @radix-ui/react-separator@1.1.15 OK for: @caffeine/template-frontend@0.0.0 want: ^1.1.0
424 silly placeDep ROOT @radix-ui/react-slider@1.4.7 OK for: @caffeine/template-frontend@0.0.0 want: ^1.2.0
425 silly placeDep ROOT @radix-ui/react-slot@1.3.3 OK for: @caffeine/template-frontend@0.0.0 want: ^1.1.0
426 silly placeDep ROOT @radix-ui/react-switch@1.3.7 OK for: @caffeine/template-frontend@0.0.0 want: ^1.1.1
427 silly placeDep ROOT @radix-ui/react-tabs@1.1.21 OK for: @caffeine/template-frontend@0.0.0 want: ^1.1.0
428 silly placeDep ROOT @radix-ui/react-toggle@1.1.18 OK for: @caffeine/template-frontend@0.0.0 want: ^1.1.0
429 silly placeDep ROOT @radix-ui/react-toggle-group@1.1.19 OK for: @caffeine/template-frontend@0.0.0 want: ^1.1.0
430 silly placeDep ROOT @radix-ui/react-tooltip@1.2.16 OK for: @caffeine/template-frontend@0.0.0 want: ^1.1.2
431 silly placeDep ROOT @react-three/cannon@6.6.0 OK for: @caffeine/template-frontend@0.0.0 want: ~6.6.0
432 silly placeDep ROOT three@0.176.0 OK for: @react-three/cannon@6.6.0 want: >=0.139
433 silly placeDep ROOT @react-three/fiber@9.1.4 OK for: @react-three/cannon@6.6.0 want: >=8
434 silly placeDep ROOT @react-three/drei@10.0.8 OK for: @caffeine/template-frontend@0.0.0 want: ~10.0.8
435 silly placeDep ROOT @tailwindcss/container-queries@0.1.1 OK for: @caffeine/template-frontend@0.0.0 want: ^0.1.1
436 silly placeDep ROOT tailwindcss@3.4.19 OK for: @tailwindcss/container-queries@0.1.1 want: >=3.2.0
437 silly placeDep ROOT @tailwindcss/typography@0.5.10 OK for: @caffeine/template-frontend@0.0.0 want: 0.5.10
438 silly placeDep ROOT @tanstack/react-query@5.101.4 OK for: @caffeine/template-frontend@0.0.0 want: ^5.24.0
439 silly placeDep ROOT @tanstack/react-router@1.131.50 OK for: @caffeine/template-frontend@0.0.0 want: ~1.131.8
440 silly placeDep ROOT @types/node@20.19.43 OK for: @caffeine/template-frontend@0.0.0 want: ^20.9.0
441 silly placeDep ROOT @types/react@19.1.17 OK for: @caffeine/template-frontend@0.0.0 want: ~19.1.0
442 silly placeDep ROOT @types/react-dom@19.1.11 OK for: @caffeine/template-frontend@0.0.0 want: ~19.1.0
443 silly placeDep ROOT @types/three@0.176.0 OK for: @caffeine/template-frontend@0.0.0 want: 0.176.0
444 silly placeDep ROOT @vitejs/plugin-react@4.7.0 OK for: @caffeine/template-frontend@0.0.0 want: ^4.3.1
445 silly placeDep ROOT vite@5.4.21 OK for: @vitejs/plugin-react@4.7.0 want: ^4.2.0 || ^5.0.0 || ^6.0.0 || ^7.0.0
446 silly placeDep ROOT autoprefixer@10.5.4 OK for: @caffeine/template-frontend@0.0.0 want: ^10.4.20
447 silly placeDep ROOT postcss@8.5.23 OK for: autoprefixer@10.5.4 want: ^8.1.0
448 silly placeDep ROOT class-variance-authority@0.7.1 OK for: @caffeine/template-frontend@0.0.0 want: ^0.7.0
449 silly placeDep ROOT clsx@2.1.1 OK for: @caffeine/template-frontend@0.0.0 want: ^2.1.1
450 silly placeDep ROOT cmdk@1.1.1 OK for: @caffeine/template-frontend@0.0.0 want: ^1.0.0
451 silly placeDep ROOT date-fns@3.6.0 OK for: @caffeine/template-frontend@0.0.0 want: ^3.6.0
452 silly placeDep ROOT dotenv@16.6.1 OK for: @caffeine/template-frontend@0.0.0 want: ^16.5.0
453 silly placeDep ROOT dotenv-cli@8.0.0 OK for: @caffeine/template-frontend@0.0.0 want: ^8.0.0
454 silly placeDep ROOT embla-carousel-react@8.6.0 OK for: @caffeine/template-frontend@0.0.0 want: ^8.2.1
455 silly placeDep ROOT html2canvas@1.4.1 OK for: @caffeine/template-frontend@0.0.0 want: ^1.4.1
456 silly placeDep ROOT input-otp@1.4.2 OK for: @caffeine/template-frontend@0.0.0 want: ^1.4.1
457 silly placeDep ROOT lucide-react@0.511.0 OK for: @caffeine/template-frontend@0.0.0 want: 0.511.0
458 silly placeDep ROOT motion@12.42.2 OK for: @caffeine/template-frontend@0.0.0 want: ^12.34.3
459 silly placeDep ROOT next-themes@0.4.6 OK for: @caffeine/template-frontend@0.0.0 want: ~0.4.6
460 silly placeDep ROOT react-day-picker@9.14.0 OK for: @caffeine/template-frontend@0.0.0 want: ^9.5.0
461 silly placeDep ROOT react-hook-form@7.83.0 OK for: @caffeine/template-frontend@0.0.0 want: ^7.53.0
462 silly placeDep ROOT react-icons@5.7.0 OK for: @caffeine/template-frontend@0.0.0 want: ^5.4.0
463 silly placeDep ROOT react-quill-new@3.4.6 OK for: @caffeine/template-frontend@0.0.0 want: 3.4.6
464 silly placeDep ROOT quill-delta@5.1.0 OK for: react-quill-new@3.4.6 want: ^5.1.0
465 silly placeDep ROOT react-resizable-panels@2.1.9 OK for: @caffeine/template-frontend@0.0.0 want: ^2.1.7
466 silly placeDep ROOT react-use@17.6.1 OK for: @caffeine/template-frontend@0.0.0 want: ~17.6.0
467 silly placeDep ROOT recharts@2.15.4 OK for: @caffeine/template-frontend@0.0.0 want: ^2.15.1
468 silly placeDep ROOT sonner@1.7.4 OK for: @caffeine/template-frontend@0.0.0 want: ^1.7.4
469 silly placeDep ROOT tailwind-merge@2.6.1 OK for: @caffeine/template-frontend@0.0.0 want: ^2.5.2
470 silly placeDep ROOT tailwindcss-animate@1.0.7 OK for: @caffeine/template-frontend@0.0.0 want: ^1.0.7
471 silly placeDep ROOT typescript@5.9.3 OK for: @caffeine/template-frontend@0.0.0 want: ^5.8.3
472 silly placeDep ROOT vaul@1.1.2 OK for: @caffeine/template-frontend@0.0.0 want: ^1.1.2
473 silly placeDep ROOT vite-plugin-environment@1.1.3 OK for: @caffeine/template-frontend@0.0.0 want: ^1.1.3
474 silly placeDep ROOT zustand@5.0.14 OK for: @caffeine/template-frontend@0.0.0 want: ~5.0.5
475 silly fetch manifest @biomejs/cli-linux-x64@1.9.4
476 silly packumentCache full:https://registry.npmjs.org/@biomejs%2fcli-linux-x64 cache-miss
477 silly fetch manifest @biomejs/cli-win32-x64@1.9.4
478 silly packumentCache full:https://registry.npmjs.org/@biomejs%2fcli-win32-x64 cache-miss
479 silly fetch manifest @biomejs/cli-darwin-x64@1.9.4
480 silly packumentCache full:https://registry.npmjs.org/@biomejs%2fcli-darwin-x64 cache-miss
481 silly fetch manifest @biomejs/cli-linux-arm64@1.9.4
482 silly packumentCache full:https://registry.npmjs.org/@biomejs%2fcli-linux-arm64 cache-miss
483 silly fetch manifest @biomejs/cli-win32-arm64@1.9.4
484 silly packumentCache full:https://registry.npmjs.org/@biomejs%2fcli-win32-arm64 cache-miss
485 silly fetch manifest @biomejs/cli-darwin-arm64@1.9.4
486 silly packumentCache full:https://registry.npmjs.org/@biomejs%2fcli-darwin-arm64 cache-miss
487 silly fetch manifest @biomejs/cli-linux-x64-musl@1.9.4
488 silly packumentCache full:https://registry.npmjs.org/@biomejs%2fcli-linux-x64-musl cache-miss
489 silly fetch manifest @biomejs/cli-linux-arm64-musl@1.9.4
490 silly packumentCache full:https://registry.npmjs.org/@biomejs%2fcli-linux-arm64-musl cache-miss
491 silly fetch manifest @radix-ui/react-id@1.1.4
492 silly packumentCache full:https://registry.npmjs.org/@radix-ui%2freact-id cache-miss
493 silly fetch manifest @radix-ui/primitive@1.1.7
494 silly packumentCache full:https://registry.npmjs.org/@radix-ui%2fprimitive cache-miss
495 silly fetch manifest @radix-ui/react-context@1.2.2
496 silly packumentCache full:https://registry.npmjs.org/@radix-ui%2freact-context cache-miss
497 silly fetch manifest @radix-ui/react-direction@1.1.4
498 silly packumentCache full:https://registry.npmjs.org/@radix-ui%2freact-direction cache-miss
499 silly fetch manifest @radix-ui/react-primitive@2.1.10
500 silly packumentCache full:https://registry.npmjs.org/@radix-ui%2freact-primitive cache-miss
501 silly fetch manifest @radix-ui/react-collection@1.1.15
502 silly packumentCache full:https://registry.npmjs.org/@radix-ui%2freact-collection cache-miss
503 silly fetch manifest @radix-ui/react-collapsible@1.1.20
504 silly packumentCache full:https://registry.npmjs.org/@radix-ui%2freact-collapsible cache-hit
505 silly fetch manifest @radix-ui/react-compose-refs@1.1.5
506 silly packumentCache full:https://registry.npmjs.org/@radix-ui%2freact-compose-refs cache-miss
507 silly fetch manifest @radix-ui/react-use-controllable-state@1.2.6
508 silly packumentCache full:https://registry.npmjs.org/@radix-ui%2freact-use-controllable-state cache-miss
509 silly fetch manifest scheduler@^0.26.0
510 silly packumentCache full:https://registry.npmjs.org/scheduler cache-miss
511 silly fetch manifest @radix-ui/primitive@1.1.7
512 silly packumentCache full:https://registry.npmjs.org/@radix-ui%2fprimitive cache-miss
513 silly fetch manifest @radix-ui/react-dialog@1.1.23
514 silly packumentCache full:https://registry.npmjs.org/@radix-ui%2freact-dialog cache-miss
515 silly fetch manifest @radix-ui/react-context@1.2.2
516 silly packumentCache full:https://registry.npmjs.org/@radix-ui%2freact-context cache-miss
517 silly fetch manifest @radix-ui/react-primitive@2.1.10
518 silly packumentCache full:https://registry.npmjs.org/@radix-ui%2freact-primitive cache-miss
519 silly fetch manifest @radix-ui/react-compose-refs@1.1.5
520 silly packumentCache full:https://registry.npmjs.org/@radix-ui%2freact-compose-refs cache-miss
521 silly fetch manifest @radix-ui/react-primitive@2.1.10
522 silly packumentCache full:https://registry.npmjs.org/@radix-ui%2freact-primitive cache-miss
523 silly fetch manifest @radix-ui/primitive@1.1.7
524 silly packumentCache full:https://registry.npmjs.org/@radix-ui%2fprimitive cache-miss
525 silly fetch manifest @radix-ui/react-context@1.2.2
526 silly packumentCache full:https://registry.npmjs.org/@radix-ui%2freact-context cache-miss
527 silly fetch manifest @radix-ui/react-primitive@2.1.10
528 silly packumentCache full:https://registry.npmjs.org/@radix-ui%2freact-primitive cache-miss
529 silly fetch manifest @radix-ui/react-use-is-hydrated@0.1.3
530 silly packumentCache full:https://registry.npmjs.org/@radix-ui%2freact-use-is-hydrated cache-miss
531 silly fetch manifest @radix-ui/react-use-callback-ref@1.1.4
532 silly packumentCache full:https://registry.npmjs.org/@radix-ui%2freact-use-callback-ref cache-miss
533 silly fetch manifest @radix-ui/react-use-layout-effect@1.1.4
534 silly packumentCache full:https://registry.npmjs.org/@radix-ui%2freact-use-layout-effect cache-miss
535 silly fetch manifest @radix-ui/primitive@1.1.7
536 silly packumentCache full:https://registry.npmjs.org/@radix-ui%2fprimitive cache-miss
537 silly fetch manifest @radix-ui/react-context@1.2.2
538 silly packumentCache full:https://registry.npmjs.org/@radix-ui%2freact-context cache-miss
539 silly fetch manifest @radix-ui/react-presence@1.1.10
540 silly packumentCache full:https://registry.npmjs.org/@radix-ui%2freact-presence cache-miss
541 silly fetch manifest @radix-ui/react-use-size@1.1.4
542 silly packumentCache full:https://registry.npmjs.org/@radix-ui%2freact-use-size cache-miss
543 silly fetch manifest @radix-ui/react-primitive@2.1.10
544 silly packumentCache full:https://registry.npmjs.org/@radix-ui%2freact-primitive cache-miss
545 silly fetch manifest @radix-ui/react-compose-refs@1.1.5
546 silly packumentCache full:https://registry.npmjs.org/@radix-ui%2freact-compose-refs cache-miss
547 silly fetch manifest @radix-ui/react-use-controllable-state@1.2.6
548 silly packumentCache full:https://registry.npmjs.org/@radix-ui%2freact-use-controllable-state cache-miss
549 silly fetch manifest @radix-ui/react-id@1.1.4
550 silly packumentCache full:https://registry.npmjs.org/@radix-ui%2freact-id cache-miss
551 silly fetch manifest @radix-ui/primitive@1.1.7
552 silly packumentCache full:https://registry.npmjs.org/@radix-ui%2fprimitive cache-miss
553 silly fetch manifest @radix-ui/react-context@1.2.2
554 silly packumentCache full:https://registry.npmjs.org/@radix-ui%2freact-context cache-miss
555 silly fetch manifest @radix-ui/react-presence@1.1.10
556 silly packumentCache full:https://registry.npmjs.org/@radix-ui%2freact-presence cache-miss
557 silly fetch manifest @radix-ui/react-primitive@2.1.10
558 silly packumentCache full:https://registry.npmjs.org/@radix-ui%2freact-primitive cache-miss
559 silly fetch manifest @radix-ui/react-compose-refs@1.1.5
560 silly packumentCache full:https://registry.npmjs.org/@radix-ui%2freact-compose-refs cache-miss
561 silly fetch manifest @radix-ui/react-use-layout-effect@1.1.4
562 silly packumentCache full:https://registry.npmjs.org/@radix-ui%2freact-use-layout-effect cache-miss
563 silly fetch manifest @radix-ui/react-use-controllable-state@1.2.6
564 silly packumentCache full:https://registry.npmjs.org/@radix-ui%2freact-use-controllable-state cache-miss
565 silly fetch manifest @radix-ui/primitive@1.1.7
566 silly packumentCache full:https://registry.npmjs.org/@radix-ui%2fprimitive cache-miss
567 silly fetch manifest @radix-ui/react-menu@2.1.24
568 silly packumentCache full:https://registry.npmjs.org/@radix-ui%2freact-menu cache-miss
569 silly fetch manifest @radix-ui/react-context@1.2.2
570 silly packumentCache full:https://registry.npmjs.org/@radix-ui%2freact-context cache-miss
571 http cache https://registry.npmjs.org/@biomejs%2fcli-linux-arm64 110ms (cache hit)
572 silly packumentCache full:https://registry.npmjs.org/@biomejs%2fcli-linux-arm64 set size:242912 disposed:false
573 silly fetch manifest @radix-ui/react-primitive@2.1.10
574 silly packumentCache full:https://registry.npmjs.org/@radix-ui%2freact-primitive cache-miss
575 http cache https://registry.npmjs.org/@biomejs%2fcli-win32-arm64 172ms (cache hit)
576 silly packumentCache full:https://registry.npmjs.org/@biomejs%2fcli-win32-arm64 set size:240975 disposed:false
577 silly fetch manifest @radix-ui/react-use-controllable-state@1.2.6
578 silly packumentCache full:https://registry.npmjs.org/@radix-ui%2freact-use-controllable-state cache-miss
579 http cache https://registry.npmjs.org/@biomejs%2fcli-darwin-arm64 177ms (cache hit)
580 silly packumentCache full:https://registry.npmjs.org/@biomejs%2fcli-darwin-arm64 set size:241939 disposed:false
581 silly fetch manifest aria-hidden@^1.2.4
582 silly packumentCache full:https://registry.npmjs.org/aria-hidden cache-miss
583 http cache https://registry.npmjs.org/@biomejs%2fcli-linux-x64 183ms (cache hit)
584 silly packumentCache full:https://registry.npmjs.org/@biomejs%2fcli-linux-x64 set size:240942 disposed:false
585 silly fetch manifest @radix-ui/react-id@1.1.4
586 silly packumentCache full:https://registry.npmjs.org/@radix-ui%2freact-id cache-miss
587 http cache https://registry.npmjs.org/@biomejs%2fcli-darwin-x64 186ms (cache hit)
588 silly packumentCache full:https://registry.npmjs.org/@biomejs%2fcli-darwin-x64 set size:240006 disposed:false
589 silly fetch manifest @radix-ui/primitive@1.1.7
590 silly packumentCache full:https://registry.npmjs.org/@radix-ui%2fprimitive cache-miss
591 http cache https://registry.npmjs.org/@biomejs%2fcli-linux-arm64-musl 190ms (cache hit)
592 silly packumentCache full:https://registry.npmjs.org/@biomejs%2fcli-linux-arm64-musl set size:204842 disposed:false
593 silly fetch manifest react-remove-scroll@^2.7.2
594 silly packumentCache full:https://registry.npmjs.org/react-remove-scroll cache-miss
595 http cache https://registry.npmjs.org/@biomejs%2fcli-win32-x64 197ms (cache hit)
596 silly packumentCache full:https://registry.npmjs.org/@biomejs%2fcli-win32-x64 set size:239037 disposed:false
597 silly fetch manifest @radix-ui/react-slot@1.3.3
598 silly packumentCache full:https://registry.npmjs.org/@radix-ui%2freact-slot cache-hit
599 silly fetch manifest @radix-ui/react-portal@1.1.17
600 silly packumentCache full:https://registry.npmjs.org/@radix-ui%2freact-portal cache-miss
601 http cache https://registry.npmjs.org/@radix-ui%2fprimitive 199ms (cache hit)
602 silly packumentCache full:https://registry.npmjs.org/@radix-ui%2fprimitive set size:210937 disposed:false
603 silly fetch manifest @radix-ui/react-context@1.2.2
604 silly packumentCache full:https://registry.npmjs.org/@radix-ui%2freact-context cache-miss
605 http cache https://registry.npmjs.org/@radix-ui%2freact-compose-refs 200ms (cache hit)
606 silly packumentCache full:https://registry.npmjs.org/@radix-ui%2freact-compose-refs set size:252692 disposed:false
607 silly fetch manifest @radix-ui/react-presence@1.1.10
608 silly packumentCache full:https://registry.npmjs.org/@radix-ui%2freact-presence cache-miss
609 http cache https://registry.npmjs.org/@radix-ui%2freact-id 208ms (cache hit)
610 silly packumentCache full:https://registry.npmjs.org/@radix-ui%2freact-id set size:358699 disposed:false
611 silly fetch manifest @radix-ui/react-primitive@2.1.10
612 silly packumentCache full:https://registry.npmjs.org/@radix-ui%2freact-primitive cache-miss
613 http cache https://registry.npmjs.org/@biomejs%2fcli-linux-x64-musl 214ms (cache hit)
614 silly packumentCache full:https://registry.npmjs.org/@biomejs%2fcli-linux-x64-musl set size:203255 disposed:false
615 silly fetch manifest @radix-ui/react-focus-scope@1.1.16
616 silly packumentCache full:https://registry.npmjs.org/@radix-ui%2freact-focus-scope cache-miss
617 http cache https://registry.npmjs.org/@radix-ui%2freact-direction 215ms (cache hit)
618 silly packumentCache full:https://registry.npmjs.org/@radix-ui%2freact-direction set size:311528 disposed:false
619 silly fetch manifest @radix-ui/react-focus-guards@1.1.6
620 silly packumentCache full:https://registry.npmjs.org/@radix-ui%2freact-focus-guards cache-miss
621 http cache https://registry.npmjs.org/@radix-ui%2freact-context 221ms (cache hit)
622 silly packumentCache full:https://registry.npmjs.org/@radix-ui%2freact-context set size:311733 disposed:false
623 silly fetch manifest @radix-ui/react-dismissable-layer@1.1.19
624 silly packumentCache full:https://registry.npmjs.org/@radix-ui%2freact-dismissable-layer cache-miss
625 http cache https://registry.npmjs.org/@radix-ui%2freact-primitive 227ms (cache hit)
626 silly packumentCache full:https://registry.npmjs.org/@radix-ui%2freact-primitive set size:712422 disposed:false
627 silly fetch manifest @radix-ui/react-use-layout-effect@1.1.4
628 silly packumentCache full:https://registry.npmjs.org/@radix-ui%2freact-use-layout-effect cache-miss
629 http cache https://registry.npmjs.org/@radix-ui%2fprimitive 267ms (cache hit)
630 silly packumentCache full:https://registry.npmjs.org/@radix-ui%2fprimitive set size:210937 disposed:false
631 silly packumentCache full:https://registry.npmjs.org/@radix-ui%2fprimitive dispose
632 silly fetch manifest @radix-ui/react-use-controllable-state@1.2.6
633 silly packumentCache full:https://registry.npmjs.org/@radix-ui%2freact-use-controllable-state cache-miss
634 http cache https://registry.npmjs.org/@radix-ui%2freact-compose-refs 269ms (cache hit)
635 silly packumentCache full:https://registry.npmjs.org/@radix-ui%2freact-compose-refs set size:252692 disposed:false
636 silly packumentCache full:https://registry.npmjs.org/@radix-ui%2freact-compose-refs dispose
637 silly fetch manifest @radix-ui/react-menu@2.1.24
638 silly packumentCache full:https://registry.npmjs.org/@radix-ui%2freact-menu cache-miss
639 http cache https://registry.npmjs.org/@radix-ui%2freact-use-controllable-state 277ms (cache hit)
640 silly packumentCache full:https://registry.npmjs.org/@radix-ui%2freact-use-controllable-state set size:342904 disposed:false
641 silly fetch manifest @radix-ui/react-popper@1.3.7
642 silly packumentCache full:https://registry.npmjs.org/@radix-ui%2freact-popper cache-miss
643 http cache https://registry.npmjs.org/@radix-ui%2freact-collection 284ms (cache hit)
644 silly packumentCache full:https://registry.npmjs.org/@radix-ui%2freact-collection set size:792967 disposed:false
645 silly fetch manifest @radix-ui/react-portal@1.1.17
646 silly packumentCache full:https://registry.npmjs.org/@radix-ui%2freact-portal cache-miss
647 http cache https://registry.npmjs.org/@radix-ui%2fprimitive 289ms (cache hit)
648 silly packumentCache full:https://registry.npmjs.org/@radix-ui%2fprimitive set size:210937 disposed:true
649 silly packumentCache full:https://registry.npmjs.org/@radix-ui%2fprimitive dispose
650 silly fetch manifest @radix-ui/react-presence@1.1.10
651 silly packumentCache full:https://registry.npmjs.org/@radix-ui%2freact-presence cache-miss
652 http cache https://registry.npmjs.org/@radix-ui%2freact-context 291ms (cache hit)
653 silly packumentCache full:https://registry.npmjs.org/@radix-ui%2freact-context set size:311733 disposed:false
654 silly packumentCache full:https://registry.npmjs.org/@radix-ui%2freact-context dispose
655 silly fetch manifest @radix-ui/react-dismissable-layer@1.1.19
656 silly packumentCache full:https://registry.npmjs.org/@radix-ui%2freact-dismissable-layer cache-miss
657 http cache https://registry.npmjs.org/@radix-ui%2freact-primitive 300ms (cache hit)
658 silly packumentCache full:https://registry.npmjs.org/@radix-ui%2freact-primitive set size:712422 disposed:false
659 silly packumentCache full:https://registry.npmjs.org/@radix-ui%2freact-primitive dispose
660 silly fetch manifest @radix-ui/react-menu@2.1.24
661 silly packumentCache full:https://registry.npmjs.org/@radix-ui%2freact-menu cache-miss
662 http cache https://registry.npmjs.org/@radix-ui%2freact-context 310ms (cache hit)
663 silly packumentCache full:https://registry.npmjs.org/@radix-ui%2freact-context set size:311733 disposed:true
664 silly packumentCache full:https://registry.npmjs.org/@radix-ui%2freact-context dispose
665 silly fetch manifest @radix-ui/react-roving-focus@1.1.19
666 silly packumentCache full:https://registry.npmjs.org/@radix-ui%2freact-roving-focus cache-miss
667 http cache https://registry.npmjs.org/@radix-ui%2freact-primitive 316ms (cache hit)
668 silly packumentCache full:https://registry.npmjs.org/@radix-ui%2freact-primitive set size:712422 disposed:true
669 silly packumentCache full:https://registry.npmjs.org/@radix-ui%2freact-primitive dispose
670 silly fetch manifest @radix-ui/react-presence@1.1.10
671 silly packumentCache full:https://registry.npmjs.org/@radix-ui%2freact-presence cache-miss
672 http cache https://registry.npmjs.org/@radix-ui%2freact-use-callback-ref 330ms (cache hit)
673 silly packumentCache full:https://registry.npmjs.org/@radix-ui%2freact-use-callback-ref set size:246611 disposed:false
674 silly fetch manifest @radix-ui/react-use-previous@1.1.4
675 silly packumentCache full:https://registry.npmjs.org/@radix-ui%2freact-use-previous cache-miss
676 http cache https://registry.npmjs.org/@radix-ui%2freact-use-is-hydrated 335ms (cache hit)
677 silly packumentCache full:https://registry.npmjs.org/@radix-ui%2freact-use-is-hydrated set size:45079 disposed:false
678 silly fetch manifest @radix-ui/react-visually-hidden@1.2.11
679 silly packumentCache full:https://registry.npmjs.org/@radix-ui%2freact-visually-hidden cache-miss
680 http cache https://registry.npmjs.org/@radix-ui%2freact-context 335ms (cache hit)
681 silly packumentCache full:https://registry.npmjs.org/@radix-ui%2freact-context set size:311733 disposed:true
682 silly packumentCache full:https://registry.npmjs.org/@radix-ui%2freact-context dispose
683 silly fetch manifest @radix-ui/react-dismissable-layer@1.1.19
684 silly packumentCache full:https://registry.npmjs.org/@radix-ui%2freact-dismissable-layer cache-miss
685 http cache https://registry.npmjs.org/@radix-ui%2fprimitive 354ms (cache hit)
686 silly packumentCache full:https://registry.npmjs.org/@radix-ui%2fprimitive set size:210937 disposed:true
687 silly packumentCache full:https://registry.npmjs.org/@radix-ui%2fprimitive dispose
688 silly fetch manifest @radix-ui/react-use-layout-effect@1.1.4
689 silly packumentCache full:https://registry.npmjs.org/@radix-ui%2freact-use-layout-effect cache-miss
690 http cache https://registry.npmjs.org/@radix-ui%2freact-use-size 357ms (cache hit)
691 silly packumentCache full:https://registry.npmjs.org/@radix-ui%2freact-use-size set size:316716 disposed:false
692 silly fetch manifest aria-hidden@^1.2.4
693 silly packumentCache full:https://registry.npmjs.org/aria-hidden cache-miss
694 http cache https://registry.npmjs.org/@radix-ui%2freact-primitive 363ms (cache hit)
695 silly packumentCache full:https://registry.npmjs.org/@radix-ui%2freact-primitive set size:712422 disposed:true
696 silly packumentCache full:https://registry.npmjs.org/@radix-ui%2freact-primitive dispose
697 silly fetch manifest react-remove-scroll@^2.7.2
698 silly packumentCache full:https://registry.npmjs.org/react-remove-scroll cache-miss
699 http cache https://registry.npmjs.org/@radix-ui%2freact-presence 373ms (cache hit)
700 silly packumentCache full:https://registry.npmjs.org/@radix-ui%2freact-presence set size:520130 disposed:false
701 silly fetch manifest @radix-ui/react-popper@1.3.7
702 silly packumentCache full:https://registry.npmjs.org/@radix-ui%2freact-popper cache-miss
703 http cache https://registry.npmjs.org/@radix-ui%2freact-use-layout-effect 380ms (cache hit)
704 silly packumentCache full:https://registry.npmjs.org/@radix-ui%2freact-use-layout-effect set size:247104 disposed:false
705 silly fetch manifest @radix-ui/react-portal@1.1.17
706 silly packumentCache full:https://registry.npmjs.org/@radix-ui%2freact-portal cache-miss
707 http cache https://registry.npmjs.org/@radix-ui%2freact-dialog 390ms (cache hit)
708 silly packumentCache full:https://registry.npmjs.org/@radix-ui%2freact-dialog set size:1243391 disposed:false
709 silly fetch manifest @radix-ui/react-focus-scope@1.1.16
710 silly packumentCache full:https://registry.npmjs.org/@radix-ui%2freact-focus-scope cache-miss
711 http cache https://registry.npmjs.org/@radix-ui%2freact-context 395ms (cache hit)
712 silly packumentCache full:https://registry.npmjs.org/@radix-ui%2freact-context set size:311733 disposed:true
713 silly packumentCache full:https://registry.npmjs.org/@radix-ui%2freact-context dispose
714 silly fetch manifest @radix-ui/react-focus-guards@1.1.6
715 silly packumentCache full:https://registry.npmjs.org/@radix-ui%2freact-focus-guards cache-miss
716 http cache https://registry.npmjs.org/@radix-ui%2freact-id 401ms (cache hit)
717 silly packumentCache full:https://registry.npmjs.org/@radix-ui%2freact-id set size:358699 disposed:false
718 silly packumentCache full:https://registry.npmjs.org/@radix-ui%2freact-id dispose
719 silly fetch manifest @radix-ui/react-dismissable-layer@1.1.19
720 silly packumentCache full:https://registry.npmjs.org/@radix-ui%2freact-dismissable-layer cache-miss
721 http cache https://registry.npmjs.org/@radix-ui%2freact-primitive 411ms (cache hit)
722 silly packumentCache full:https://registry.npmjs.org/@radix-ui%2freact-primitive set size:712422 disposed:true
723 silly packumentCache full:https://registry.npmjs.org/@radix-ui%2freact-primitive dispose
724 silly fetch manifest @radix-ui/react-roving-focus@1.1.19
725 silly packumentCache full:https://registry.npmjs.org/@radix-ui%2freact-roving-focus cache-miss
726 http cache https://registry.npmjs.org/@radix-ui%2freact-use-controllable-state 425ms (cache hit)
727 silly packumentCache full:https://registry.npmjs.org/@radix-ui%2freact-use-controllable-state set size:342904 disposed:false
728 silly packumentCache full:https://registry.npmjs.org/@radix-ui%2freact-use-controllable-state dispose
729 silly fetch manifest @radix-ui/number@1.1.3
730 silly packumentCache full:https://registry.npmjs.org/@radix-ui%2fnumber cache-miss
731 http cache https://registry.npmjs.org/@radix-ui%2freact-compose-refs 430ms (cache hit)
732 silly packumentCache full:https://registry.npmjs.org/@radix-ui%2freact-compose-refs set size:252692 disposed:true
733 silly packumentCache full:https://registry.npmjs.org/@radix-ui%2freact-compose-refs dispose
734 silly fetch manifest aria-hidden@^1.2.4
735 silly packumentCache full:https://registry.npmjs.org/aria-hidden cache-miss
736 http cache https://registry.npmjs.org/@radix-ui%2fprimitive 454ms (cache hit)
737 silly packumentCache full:https://registry.npmjs.org/@radix-ui%2fprimitive set size:210937 disposed:true
738 silly packumentCache full:https://registry.npmjs.org/@radix-ui%2fprimitive dispose
739 silly fetch manifest @radix-ui/number@1.1.3
740 silly packumentCache full:https://registry.npmjs.org/@radix-ui%2fnumber cache-miss
741 http cache https://registry.npmjs.org/@radix-ui%2freact-compose-refs 459ms (cache hit)
742 silly packumentCache full:https://registry.npmjs.org/@radix-ui%2freact-compose-refs set size:252692 disposed:true
743 silly packumentCache full:https://registry.npmjs.org/@radix-ui%2freact-compose-refs dispose
744 silly fetch manifest react-remove-scroll@^2.7.2
745 silly packumentCache full:https://registry.npmjs.org/react-remove-scroll cache-miss
746 http cache https://registry.npmjs.org/@radix-ui%2freact-primitive 467ms (cache hit)
747 silly packumentCache full:https://registry.npmjs.org/@radix-ui%2freact-primitive set size:712422 disposed:true
748 silly packumentCache full:https://registry.npmjs.org/@radix-ui%2freact-primitive dispose
749 silly fetch manifest @radix-ui/react-popper@1.3.7
750 silly packumentCache full:https://registry.npmjs.org/@radix-ui%2freact-popper cache-miss
751 http cache https://registry.npmjs.org/@radix-ui%2freact-use-controllable-state 477ms (cache hit)
752 silly packumentCache full:https://registry.npmjs.org/@radix-ui%2freact-use-controllable-state set size:342904 disposed:true
753 silly packumentCache full:https://registry.npmjs.org/@radix-ui%2freact-use-controllable-state dispose
754 silly fetch manifest @radix-ui/react-portal@1.1.17
755 silly packumentCache full:https://registry.npmjs.org/@radix-ui%2freact-portal cache-miss
756 http cache https://registry.npmjs.org/@radix-ui%2freact-presence 483ms (cache hit)
757 silly packumentCache full:https://registry.npmjs.org/@radix-ui%2freact-presence set size:520130 disposed:false
758 silly packumentCache full:https://registry.npmjs.org/@radix-ui%2freact-presence dispose
759 silly fetch manifest @radix-ui/react-focus-scope@1.1.16
760 silly packumentCache full:https://registry.npmjs.org/@radix-ui%2freact-focus-scope cache-miss
761 http cache https://registry.npmjs.org/scheduler 512ms (cache hit)
762 silly packumentCache full:https://registry.npmjs.org/scheduler set size:5639756 disposed:false
763 silly fetch manifest @radix-ui/react-focus-guards@1.1.6
764 silly packumentCache full:https://registry.npmjs.org/@radix-ui%2freact-focus-guards cache-miss
765 http cache https://registry.npmjs.org/@radix-ui%2fprimitive 855ms (cache hit)
766 silly packumentCache full:https://registry.npmjs.org/@radix-ui%2fprimitive set size:210937 disposed:true
767 silly packumentCache full:https://registry.npmjs.org/@radix-ui%2fprimitive dispose
768 silly fetch manifest @radix-ui/react-use-previous@1.1.4
769 silly packumentCache full:https://registry.npmjs.org/@radix-ui%2freact-use-previous cache-miss
770 http cache https://registry.npmjs.org/@radix-ui%2freact-use-layout-effect 861ms (cache hit)
771 silly packumentCache full:https://registry.npmjs.org/@radix-ui%2freact-use-layout-effect set size:247104 disposed:false
772 silly packumentCache full:https://registry.npmjs.org/@radix-ui%2freact-use-layout-effect dispose
773 silly fetch manifest @radix-ui/react-visually-hidden@1.2.11
774 silly packumentCache full:https://registry.npmjs.org/@radix-ui%2freact-visually-hidden cache-miss
775 http cache https://registry.npmjs.org/@radix-ui%2freact-context 873ms (cache hit)
776 silly packumentCache full:https://registry.npmjs.org/@radix-ui%2freact-context set size:311733 disposed:true
777 silly packumentCache full:https://registry.npmjs.org/@radix-ui%2freact-context dispose
778 silly fetch manifest @radix-ui/react-dismissable-layer@1.1.19
779 silly packumentCache full:https://registry.npmjs.org/@radix-ui%2freact-dismissable-layer cache-miss
780 http cache https://registry.npmjs.org/@radix-ui%2freact-menu 888ms (cache hit)
781 silly packumentCache full:https://registry.npmjs.org/@radix-ui%2freact-menu set size:1377697 disposed:false
782 silly fetch manifest @radix-ui/number@1.1.3
783 silly packumentCache full:https://registry.npmjs.org/@radix-ui%2fnumber cache-miss
784 http cache https://registry.npmjs.org/aria-hidden 820ms (cache hit)
785 silly packumentCache full:https://registry.npmjs.org/aria-hidden set size:40391 disposed:false
786 silly fetch manifest @radix-ui/react-use-previous@1.1.4
787 silly packumentCache full:https://registry.npmjs.org/@radix-ui%2freact-use-previous cache-miss
788 http cache https://registry.npmjs.org/@radix-ui%2freact-use-controllable-state 827ms (cache hit)
789 silly packumentCache full:https://registry.npmjs.org/@radix-ui%2freact-use-controllable-state set size:342904 disposed:true
790 silly packumentCache full:https://registry.npmjs.org/@radix-ui%2freact-use-controllable-state dispose
791 silly fetch manifest @radix-ui/react-roving-focus@1.1.19
792 silly packumentCache full:https://registry.npmjs.org/@radix-ui%2freact-roving-focus cache-miss
793 http cache https://registry.npmjs.org/@radix-ui%2freact-primitive 894ms (cache hit)
794 silly packumentCache full:https://registry.npmjs.org/@radix-ui%2freact-primitive set size:712422 disposed:true
795 silly packumentCache full:https://registry.npmjs.org/@radix-ui%2freact-primitive dispose
796 silly fetch manifest @radix-ui/react-roving-focus@1.1.19
797 silly packumentCache full:https://registry.npmjs.org/@radix-ui%2freact-roving-focus cache-miss
798 http cache https://registry.npmjs.org/@radix-ui%2freact-id 889ms (cache hit)
799 silly packumentCache full:https://registry.npmjs.org/@radix-ui%2freact-id set size:358699 disposed:true
800 silly packumentCache full:https://registry.npmjs.org/@radix-ui%2freact-id dispose
801 silly fetch manifest @radix-ui/react-popper@1.3.7
802 silly packumentCache full:https://registry.npmjs.org/@radix-ui%2freact-popper cache-miss
803 http cache https://registry.npmjs.org/@radix-ui%2fprimitive 889ms (cache hit)
804 silly packumentCache full:https://registry.npmjs.org/@radix-ui%2fprimitive set size:210937 disposed:true
805 silly packumentCache full:https://registry.npmjs.org/@radix-ui%2fprimitive dispose
806 silly fetch manifest @radix-ui/react-portal@1.1.17
807 silly packumentCache full:https://registry.npmjs.org/@radix-ui%2freact-portal cache-miss
808 http cache https://registry.npmjs.org/@radix-ui%2freact-portal 884ms (cache hit)
809 silly packumentCache full:https://registry.npmjs.org/@radix-ui%2freact-portal set size:797237 disposed:false
810 silly fetch manifest @radix-ui/react-visually-hidden@1.2.11
811 silly packumentCache full:https://registry.npmjs.org/@radix-ui%2freact-visually-hidden cache-miss
812 http cache https://registry.npmjs.org/@radix-ui%2freact-context 889ms (cache hit)
813 silly packumentCache full:https://registry.npmjs.org/@radix-ui%2freact-context set size:311733 disposed:true
814 silly packumentCache full:https://registry.npmjs.org/@radix-ui%2freact-context dispose
815 silly fetch manifest @radix-ui/react-dismissable-layer@1.1.19
816 silly packumentCache full:https://registry.npmjs.org/@radix-ui%2freact-dismissable-layer cache-miss
817 http cache https://registry.npmjs.org/@radix-ui%2freact-focus-scope 881ms (cache hit)
818 silly packumentCache full:https://registry.npmjs.org/@radix-ui%2freact-focus-scope set size:791035 disposed:false
819 silly fetch manifest cannon-es@^0.20.0
820 silly packumentCache full:https://registry.npmjs.org/cannon-es cache-miss
821 http cache https://registry.npmjs.org/react-remove-scroll 911ms (cache hit)
822 silly packumentCache full:https://registry.npmjs.org/react-remove-scroll set size:147112 disposed:false
823 silly fetch manifest cannon-es-debugger@^1.0.0
824 silly packumentCache full:https://registry.npmjs.org/cannon-es-debugger cache-miss
825 http cache https://registry.npmjs.org/@radix-ui%2freact-focus-guards 898ms (cache hit)
826 silly packumentCache full:https://registry.npmjs.org/@radix-ui%2freact-focus-guards set size:317709 disposed:false
827 silly fetch manifest @pmndrs/cannon-worker-api@^2.4.0
828 silly packumentCache full:https://registry.npmjs.org/@pmndrs%2fcannon-worker-api cache-miss
829 http cache https://registry.npmjs.org/@radix-ui%2freact-presence 959ms (cache hit)
830 silly packumentCache full:https://registry.npmjs.org/@radix-ui%2freact-presence set size:520130 disposed:true
831 silly packumentCache full:https://registry.npmjs.org/@radix-ui%2freact-presence dispose
832 silly fetch manifest buffer@^6.0.3
833 silly packumentCache full:https://registry.npmjs.org/buffer cache-miss
834 http cache https://registry.npmjs.org/@radix-ui%2freact-use-layout-effect 905ms (cache hit)
835 silly packumentCache full:https://registry.npmjs.org/@radix-ui%2freact-use-layout-effect set size:247104 disposed:true
836 silly packumentCache full:https://registry.npmjs.org/@radix-ui%2freact-use-layout-effect dispose
837 silly fetch manifest zustand@^5.0.3
838 silly packumentCache full:https://registry.npmjs.org/zustand cache-hit
839 silly fetch manifest its-fine@^2.0.0
840 silly packumentCache full:https://registry.npmjs.org/its-fine cache-miss
841 http cache https://registry.npmjs.org/@radix-ui%2freact-use-controllable-state 905ms (cache hit)
842 silly packumentCache full:https://registry.npmjs.org/@radix-ui%2freact-use-controllable-state set size:342904 disposed:true
843 silly packumentCache full:https://registry.npmjs.org/@radix-ui%2freact-use-controllable-state dispose
844 silly fetch manifest base64-js@^1.5.1
845 silly packumentCache full:https://registry.npmjs.org/base64-js cache-miss
846 http cache https://registry.npmjs.org/@radix-ui%2freact-primitive 974ms (cache hit)
847 silly packumentCache full:https://registry.npmjs.org/@radix-ui%2freact-primitive set size:712422 disposed:true
848 silly packumentCache full:https://registry.npmjs.org/@radix-ui%2freact-primitive dispose
849 silly fetch manifest scheduler@^0.25.0
850 silly packumentCache full:https://registry.npmjs.org/scheduler cache-miss
851 http cache https://registry.npmjs.org/@radix-ui%2freact-dismissable-layer 971ms (cache hit)
852 silly packumentCache full:https://registry.npmjs.org/@radix-ui%2freact-dismissable-layer set size:961526 disposed:false
853 silly fetch manifest @types/webxr@*
854 silly packumentCache full:https://registry.npmjs.org/@types%2fwebxr cache-miss
855 http cache https://registry.npmjs.org/@radix-ui%2freact-popper 926ms (cache hit)
856 silly packumentCache full:https://registry.npmjs.org/@radix-ui%2freact-popper set size:955545 disposed:false
857 silly fetch manifest suspend-react@^0.1.3
858 silly packumentCache full:https://registry.npmjs.org/suspend-react cache-miss
859 http cache https://registry.npmjs.org/@radix-ui%2freact-portal 928ms (cache hit)
860 silly packumentCache full:https://registry.npmjs.org/@radix-ui%2freact-portal set size:797237 disposed:false
861 silly packumentCache full:https://registry.npmjs.org/@radix-ui%2freact-portal dispose
862 silly fetch manifest @babel/runtime@^7.17.8
863 silly packumentCache full:https://registry.npmjs.org/@babel%2fruntime cache-miss
864 http cache https://registry.npmjs.org/@radix-ui%2freact-menu 956ms (cache hit)
865 silly packumentCache full:https://registry.npmjs.org/@radix-ui%2freact-menu set size:1377697 disposed:false
866 silly fetch manifest react-reconciler@^0.31.0
867 silly packumentCache full:https://registry.npmjs.org/react-reconciler cache-miss
868 http cache https://registry.npmjs.org/@radix-ui%2freact-presence 956ms (cache hit)
869 silly packumentCache full:https://registry.npmjs.org/@radix-ui%2freact-presence set size:520130 disposed:true
870 silly packumentCache full:https://registry.npmjs.org/@radix-ui%2freact-presence dispose
871 silly fetch manifest react-use-measure@^2.1.7
872 silly packumentCache full:https://registry.npmjs.org/react-use-measure cache-miss
873 http cache https://registry.npmjs.org/@radix-ui%2freact-use-previous 928ms (cache hit)
874 silly packumentCache full:https://registry.npmjs.org/@radix-ui%2freact-use-previous set size:318861 disposed:false
875 silly fetch manifest @types/react-reconciler@^0.28.9
876 silly packumentCache full:https://registry.npmjs.org/@types%2freact-reconciler cache-miss
877 http cache https://registry.npmjs.org/@radix-ui%2freact-roving-focus 974ms (cache hit)
878 silly packumentCache full:https://registry.npmjs.org/@radix-ui%2freact-roving-focus set size:1019597 disposed:false
879 silly fetch manifest use-sync-external-store@^1.4.0
880 silly packumentCache full:https://registry.npmjs.org/use-sync-external-store cache-miss
881 http cache https://registry.npmjs.org/@radix-ui%2freact-presence 976ms (cache hit)
882 silly packumentCache full:https://registry.npmjs.org/@radix-ui%2freact-presence set size:520130 disposed:true
883 silly packumentCache full:https://registry.npmjs.org/@radix-ui%2freact-presence dispose
884 silly fetch manifest maath@^0.10.8
885 silly packumentCache full:https://registry.npmjs.org/maath cache-miss
886 http cache https://registry.npmjs.org/@radix-ui%2freact-dismissable-layer 1066ms (cache hit)
887 silly packumentCache full:https://registry.npmjs.org/@radix-ui%2freact-dismissable-layer set size:961526 disposed:false
888 silly packumentCache full:https://registry.npmjs.org/@radix-ui%2freact-dismissable-layer dispose
889 silly fetch manifest hls.js@^1.5.17
890 silly packumentCache full:https://registry.npmjs.org/hls.js cache-miss
891 http cache https://registry.npmjs.org/@radix-ui%2freact-menu 1069ms (cache hit)
892 silly packumentCache full:https://registry.npmjs.org/@radix-ui%2freact-menu set size:1377697 disposed:false
893 silly fetch manifest zustand@^5.0.1
894 silly packumentCache full:https://registry.npmjs.org/zustand cache-hit
895 silly fetch manifest meshline@^3.3.1
896 silly packumentCache full:https://registry.npmjs.org/meshline cache-miss
897 http cache https://registry.npmjs.org/aria-hidden 1025ms (cache hit)
898 silly packumentCache full:https://registry.npmjs.org/aria-hidden set size:40391 disposed:false
899 silly packumentCache full:https://registry.npmjs.org/aria-hidden dispose
900 silly fetch manifest stats-gl@^2.2.8
901 silly packumentCache full:https://registry.npmjs.org/stats-gl cache-miss
902 http cache https://registry.npmjs.org/react-remove-scroll 1018ms (cache hit)
903 silly packumentCache full:https://registry.npmjs.org/react-remove-scroll set size:147112 disposed:false
904 silly packumentCache full:https://registry.npmjs.org/react-remove-scroll dispose
905 silly fetch manifest stats.js@^0.17.0
906 silly packumentCache full:https://registry.npmjs.org/stats.js cache-miss
907 http cache https://registry.npmjs.org/@radix-ui%2freact-visually-hidden 1060ms (cache hit)
908 silly packumentCache full:https://registry.npmjs.org/@radix-ui%2freact-visually-hidden set size:723558 disposed:false
909 silly fetch manifest cross-env@^7.0.3
910 silly packumentCache full:https://registry.npmjs.org/cross-env cache-miss
911 http cache https://registry.npmjs.org/@radix-ui%2freact-use-layout-effect 1054ms (cache hit)
912 silly packumentCache full:https://registry.npmjs.org/@radix-ui%2freact-use-layout-effect set size:247104 disposed:true
913 silly packumentCache full:https://registry.npmjs.org/@radix-ui%2freact-use-layout-effect dispose
914 silly fetch manifest detect-gpu@^5.0.56
915 silly packumentCache full:https://registry.npmjs.org/detect-gpu cache-miss
916 http cache https://registry.npmjs.org/@radix-ui%2freact-dismissable-layer 1063ms (cache hit)
917 silly packumentCache full:https://registry.npmjs.org/@radix-ui%2freact-dismissable-layer set size:961526 disposed:true
918 silly packumentCache full:https://registry.npmjs.org/@radix-ui%2freact-dismissable-layer dispose
919 silly fetch manifest glsl-noise@^0.0.0
920 silly packumentCache full:https://registry.npmjs.org/glsl-noise cache-miss
921 http cache https://registry.npmjs.org/@radix-ui%2freact-portal 1073ms (cache hit)
922 silly packumentCache full:https://registry.npmjs.org/@radix-ui%2freact-portal set size:797237 disposed:true
923 silly packumentCache full:https://registry.npmjs.org/@radix-ui%2freact-portal dispose
924 silly fetch manifest tunnel-rat@^0.1.2
925 silly packumentCache full:https://registry.npmjs.org/tunnel-rat cache-miss
926 http cache https://registry.npmjs.org/@radix-ui%2freact-focus-guards 1063ms (cache hit)
927 silly packumentCache full:https://registry.npmjs.org/@radix-ui%2freact-focus-guards set size:317709 disposed:false
928 silly packumentCache full:https://registry.npmjs.org/@radix-ui%2freact-focus-guards dispose
929 silly fetch manifest three-stdlib@^2.35.6
930 silly packumentCache full:https://registry.npmjs.org/three-stdlib cache-miss
931 http cache https://registry.npmjs.org/@radix-ui%2freact-focus-scope 1075ms (cache hit)
932 silly packumentCache full:https://registry.npmjs.org/@radix-ui%2freact-focus-scope set size:791035 disposed:false
933 silly packumentCache full:https://registry.npmjs.org/@radix-ui%2freact-focus-scope dispose
934 silly fetch manifest suspend-react@^0.1.3
935 silly packumentCache full:https://registry.npmjs.org/suspend-react cache-miss
936 http cache https://registry.npmjs.org/aria-hidden 1024ms (cache hit)
937 silly packumentCache full:https://registry.npmjs.org/aria-hidden set size:40391 disposed:true
938 silly packumentCache full:https://registry.npmjs.org/aria-hidden dispose
939 silly fetch manifest utility-types@^3.11.0
940 silly packumentCache full:https://registry.npmjs.org/utility-types cache-miss
941 http cache https://registry.npmjs.org/@radix-ui%2freact-popper 1106ms (cache hit)
942 silly packumentCache full:https://registry.npmjs.org/@radix-ui%2freact-popper set size:955545 disposed:false
943 silly packumentCache full:https://registry.npmjs.org/@radix-ui%2freact-popper dispose
944 silly fetch manifest @babel/runtime@^7.26.0
945 silly packumentCache full:https://registry.npmjs.org/@babel%2fruntime cache-miss
946 http cache https://registry.npmjs.org/@radix-ui%2fnumber 1032ms (cache hit)
947 silly packumentCache full:https://registry.npmjs.org/@radix-ui%2fnumber set size:123181 disposed:false
948 silly fetch manifest three-mesh-bvh@^0.8.3
949 silly packumentCache full:https://registry.npmjs.org/three-mesh-bvh cache-miss
950 http cache https://registry.npmjs.org/@radix-ui%2fnumber 1066ms (cache hit)
951 silly packumentCache full:https://registry.npmjs.org/@radix-ui%2fnumber set size:123181 disposed:false
952 silly packumentCache full:https://registry.npmjs.org/@radix-ui%2fnumber dispose
953 silly fetch manifest camera-controls@^2.9.0
954 silly packumentCache full:https://registry.npmjs.org/camera-controls cache-miss
955 http cache https://registry.npmjs.org/@radix-ui%2freact-dismissable-layer 1095ms (cache hit)
956 silly packumentCache full:https://registry.npmjs.org/@radix-ui%2freact-dismissable-layer set size:961526 disposed:true
957 silly packumentCache full:https://registry.npmjs.org/@radix-ui%2freact-dismissable-layer dispose
958 silly fetch manifest troika-three-text@^0.52.4
959 silly packumentCache full:https://registry.npmjs.org/troika-three-text cache-miss
960 http cache https://registry.npmjs.org/react-remove-scroll 1044ms (cache hit)
961 silly packumentCache full:https://registry.npmjs.org/react-remove-scroll set size:147112 disposed:true
962 silly packumentCache full:https://registry.npmjs.org/react-remove-scroll dispose
963 silly fetch manifest @use-gesture/react@^10.3.1
964 silly packumentCache full:https://registry.npmjs.org/@use-gesture%2freact cache-miss
965 http cache https://registry.npmjs.org/@radix-ui%2freact-focus-scope 1022ms (cache hit)
966 silly packumentCache full:https://registry.npmjs.org/@radix-ui%2freact-focus-scope set size:791035 disposed:true
967 silly packumentCache full:https://registry.npmjs.org/@radix-ui%2freact-focus-scope dispose
968 silly fetch manifest @monogrid/gainmap-js@^3.0.6
969 silly packumentCache full:https://registry.npmjs.org/@monogrid%2fgainmap-js cache-miss
970 http cache https://registry.npmjs.org/@radix-ui%2freact-roving-focus 1138ms (cache hit)
971 silly packumentCache full:https://registry.npmjs.org/@radix-ui%2freact-roving-focus set size:1019597 disposed:false
972 silly fetch manifest @mediapipe/tasks-vision@0.10.17
973 silly packumentCache full:https://registry.npmjs.org/@mediapipe%2ftasks-vision cache-miss
974 http cache https://registry.npmjs.org/@radix-ui%2freact-portal 1093ms (cache hit)
975 silly packumentCache full:https://registry.npmjs.org/@radix-ui%2freact-portal set size:797237 disposed:true
976 silly packumentCache full:https://registry.npmjs.org/@radix-ui%2freact-portal dispose
977 silly fetch manifest use-sync-external-store@^1.4.0
978 silly packumentCache full:https://registry.npmjs.org/use-sync-external-store cache-miss
979 http cache https://registry.npmjs.org/@radix-ui%2freact-popper 1111ms (cache hit)
980 silly packumentCache full:https://registry.npmjs.org/@radix-ui%2freact-popper set size:955545 disposed:true
981 silly packumentCache full:https://registry.npmjs.org/@radix-ui%2freact-popper dispose
982 silly fetch manifest arg@^5.0.2
983 silly packumentCache full:https://registry.npmjs.org/arg cache-miss
984 http cache https://registry.npmjs.org/@radix-ui%2freact-focus-guards 744ms (cache hit)
985 silly packumentCache full:https://registry.npmjs.org/@radix-ui%2freact-focus-guards set size:317709 disposed:true
986 silly packumentCache full:https://registry.npmjs.org/@radix-ui%2freact-focus-guards dispose
987 silly fetch manifest dlv@^1.1.3
988 silly packumentCache full:https://registry.npmjs.org/dlv cache-miss
989 http cache https://registry.npmjs.org/@radix-ui%2freact-use-previous 743ms (cache hit)
990 silly packumentCache full:https://registry.npmjs.org/@radix-ui%2freact-use-previous set size:318861 disposed:false
991 silly packumentCache full:https://registry.npmjs.org/@radix-ui%2freact-use-previous dispose
992 silly fetch manifest jiti@^1.21.7
993 silly packumentCache full:https://registry.npmjs.org/jiti cache-miss
994 http cache https://registry.npmjs.org/@radix-ui%2freact-visually-hidden 753ms (cache hit)
995 silly packumentCache full:https://registry.npmjs.org/@radix-ui%2freact-visually-hidden set size:723558 disposed:false
996 silly packumentCache full:https://registry.npmjs.org/@radix-ui%2freact-visually-hidden dispose
997 silly fetch manifest is-glob@^4.0.3
998 silly packumentCache full:https://registry.npmjs.org/is-glob cache-miss
999 http cache https://registry.npmjs.org/@radix-ui%2fnumber 761ms (cache hit)
1000 silly packumentCache full:https://registry.npmjs.org/@radix-ui%2fnumber set size:123181 disposed:true
1001 silly packumentCache full:https://registry.npmjs.org/@radix-ui%2fnumber dispose
1002 silly fetch manifest postcss@^8.4.47
1003 silly packumentCache full:https://registry.npmjs.org/postcss cache-hit
1004 silly fetch manifest resolve@^1.22.8
1005 silly packumentCache full:https://registry.npmjs.org/resolve cache-miss
1006 http cache https://registry.npmjs.org/@radix-ui%2freact-dismissable-layer 782ms (cache hit)
1007 silly packumentCache full:https://registry.npmjs.org/@radix-ui%2freact-dismissable-layer set size:961526 disposed:true
1008 silly packumentCache full:https://registry.npmjs.org/@radix-ui%2freact-dismissable-layer dispose
1009 silly fetch manifest sucrase@^3.35.0
1010 silly packumentCache full:https://registry.npmjs.org/sucrase cache-miss
1011 http cache https://registry.npmjs.org/@radix-ui%2freact-use-previous 876ms (cache hit)
1012 silly packumentCache full:https://registry.npmjs.org/@radix-ui%2freact-use-previous set size:318861 disposed:true
1013 silly packumentCache full:https://registry.npmjs.org/@radix-ui%2freact-use-previous dispose
1014 silly fetch manifest chokidar@^3.6.0
1015 silly packumentCache full:https://registry.npmjs.org/chokidar cache-miss
1016 http cache https://registry.npmjs.org/@radix-ui%2freact-portal 895ms (cache hit)
1017 silly packumentCache full:https://registry.npmjs.org/@radix-ui%2freact-portal set size:797237 disposed:true
1018 silly packumentCache full:https://registry.npmjs.org/@radix-ui%2freact-portal dispose
1019 silly fetch manifest fast-glob@^3.3.2
1020 silly packumentCache full:https://registry.npmjs.org/fast-glob cache-miss
1021 http cache https://registry.npmjs.org/@radix-ui%2freact-roving-focus 1074ms (cache hit)
1022 silly packumentCache full:https://registry.npmjs.org/@radix-ui%2freact-roving-focus set size:1019597 disposed:false
1023 silly fetch manifest lilconfig@^3.1.3
1024 silly packumentCache full:https://registry.npmjs.org/lilconfig cache-miss
1025 http cache https://registry.npmjs.org/@radix-ui%2freact-popper 1018ms (cache hit)
1026 silly packumentCache full:https://registry.npmjs.org/@radix-ui%2freact-popper set size:955545 disposed:true
1027 silly packumentCache full:https://registry.npmjs.org/@radix-ui%2freact-popper dispose
1028 silly fetch manifest didyoumean@^1.2.2
1029 silly packumentCache full:https://registry.npmjs.org/didyoumean cache-miss
1030 http cache https://registry.npmjs.org/@radix-ui%2freact-roving-focus 1035ms (cache hit)
1031 silly packumentCache full:https://registry.npmjs.org/@radix-ui%2freact-roving-focus set size:1019597 disposed:false
1032 silly fetch manifest micromatch@^4.0.8
1033 silly packumentCache full:https://registry.npmjs.org/micromatch cache-miss
1034 http cache https://registry.npmjs.org/cannon-es 1068ms (cache hit)
1035 silly packumentCache full:https://registry.npmjs.org/cannon-es set size:125762 disposed:false
1036 silly fetch manifest picocolors@^1.1.1
1037 silly packumentCache full:https://registry.npmjs.org/picocolors cache-miss
1038 http cache https://registry.npmjs.org/buffer 1001ms (cache hit)
1039 silly packumentCache full:https://registry.npmjs.org/buffer set size:280480 disposed:false
1040 silly fetch manifest postcss-js@^4.0.1
1041 silly packumentCache full:https://registry.npmjs.org/postcss-js cache-miss
1042 http cache https://registry.npmjs.org/@types%2fwebxr 972ms (cache hit)
1043 silly packumentCache full:https://registry.npmjs.org/@types%2fwebxr set size:64472 disposed:false
1044 silly fetch manifest glob-parent@^6.0.2
1045 silly packumentCache full:https://registry.npmjs.org/glob-parent cache-miss
1046 http cache https://registry.npmjs.org/@pmndrs%2fcannon-worker-api 1017ms (cache hit)
1047 silly packumentCache full:https://registry.npmjs.org/@pmndrs%2fcannon-worker-api set size:35076 disposed:false
1048 silly fetch manifest object-hash@^3.0.0
1049 silly packumentCache full:https://registry.npmjs.org/object-hash cache-miss
1050 http cache https://registry.npmjs.org/cannon-es-debugger 1066ms (cache hit)
1051 silly packumentCache full:https://registry.npmjs.org/cannon-es-debugger set size:45440 disposed:false
1052 silly fetch manifest normalize-path@^3.0.0
1053 silly packumentCache full:https://registry.npmjs.org/normalize-path cache-miss
1054 http cache https://registry.npmjs.org/suspend-react 965ms (cache hit)
1055 silly packumentCache full:https://registry.npmjs.org/suspend-react set size:47709 disposed:false
1056 silly fetch manifest postcss-import@^15.1.0
1057 silly packumentCache full:https://registry.npmjs.org/postcss-import cache-miss
1058 http cache https://registry.npmjs.org/its-fine 1009ms (cache hit)
1059 silly packumentCache full:https://registry.npmjs.org/its-fine set size:119242 disposed:false
1060 silly fetch manifest postcss-nested@^6.2.0
1061 silly packumentCache full:https://registry.npmjs.org/postcss-nested cache-miss
1062 http cache https://registry.npmjs.org/@radix-ui%2freact-visually-hidden 1100ms (cache hit)
1063 silly packumentCache full:https://registry.npmjs.org/@radix-ui%2freact-visually-hidden set size:723558 disposed:true
1064 silly packumentCache full:https://registry.npmjs.org/@radix-ui%2freact-visually-hidden dispose
1065 silly fetch manifest @alloc/quick-lru@^5.2.0
1066 silly packumentCache full:https://registry.npmjs.org/@alloc%2fquick-lru cache-miss
1067 http cache https://registry.npmjs.org/base64-js 1017ms (cache hit)
1068 silly packumentCache full:https://registry.npmjs.org/base64-js set size:41270 disposed:false
1069 silly fetch manifest postcss-load-config@^4.0.2 || ^5.0 || ^6.0
1070 silly packumentCache full:https://registry.npmjs.org/postcss-load-config cache-miss
1071 http cache https://registry.npmjs.org/react-use-measure 934ms (cache hit)
1072 silly packumentCache full:https://registry.npmjs.org/react-use-measure set size:92272 disposed:false
1073 silly fetch manifest postcss-selector-parser@^6.1.2
1074 silly packumentCache full:https://registry.npmjs.org/postcss-selector-parser cache-miss
1075 http cache https://registry.npmjs.org/@radix-ui%2freact-dismissable-layer 1113ms (cache hit)
1076 silly packumentCache full:https://registry.npmjs.org/@radix-ui%2freact-dismissable-layer set size:961526 disposed:true
1077 silly packumentCache full:https://registry.npmjs.org/@radix-ui%2freact-dismissable-layer dispose
1078 silly fetch manifest lodash.merge@^4.6.2
1079 silly packumentCache full:https://registry.npmjs.org/lodash.merge cache-miss
1080 http cache https://registry.npmjs.org/maath 851ms (cache hit)
1081 silly packumentCache full:https://registry.npmjs.org/maath set size:87399 disposed:false
1082 silly fetch manifest lodash.castarray@^4.4.0
1083 silly packumentCache full:https://registry.npmjs.org/lodash.castarray cache-miss
1084 http cache https://registry.npmjs.org/@babel%2fruntime 995ms (cache hit)
1085 silly packumentCache full:https://registry.npmjs.org/@babel%2fruntime set size:3471810 disposed:false
1086 silly fetch manifest lodash.isplainobject@^4.0.6
1087 silly packumentCache full:https://registry.npmjs.org/lodash.isplainobject cache-miss
1088 http cache https://registry.npmjs.org/use-sync-external-store 970ms (cache hit)
1089 silly packumentCache full:https://registry.npmjs.org/use-sync-external-store set size:4861581 disposed:false
1090 silly fetch manifest postcss-selector-parser@6.0.10
1091 silly packumentCache full:https://registry.npmjs.org/postcss-selector-parser cache-miss
1092 http cache https://registry.npmjs.org/scheduler 1181ms (cache hit)
1093 silly packumentCache full:https://registry.npmjs.org/scheduler set size:5639756 disposed:false
1094 silly fetch manifest @tanstack/query-core@5.101.4
1095 silly packumentCache full:https://registry.npmjs.org/@tanstack%2fquery-core cache-miss
1096 http cache https://registry.npmjs.org/react-reconciler 1235ms (cache hit)
1097 silly packumentCache full:https://registry.npmjs.org/react-reconciler set size:6200712 disposed:false
1098 silly fetch manifest isbot@^5.1.22
1099 silly packumentCache full:https://registry.npmjs.org/isbot cache-miss
1100 http cache https://registry.npmjs.org/stats.js 1189ms (cache hit)
1101 silly packumentCache full:https://registry.npmjs.org/stats.js set size:10673 disposed:false
1102 silly fetch manifest tiny-warning@^1.0.3
1103 silly packumentCache full:https://registry.npmjs.org/tiny-warning cache-miss
1104 http cache https://registry.npmjs.org/@types%2freact-reconciler 1302ms (cache hit)
1105 silly packumentCache full:https://registry.npmjs.org/@types%2freact-reconciler set size:61372 disposed:false
1106 silly fetch manifest tiny-invariant@^1.3.3
1107 silly packumentCache full:https://registry.npmjs.org/tiny-invariant cache-miss
1108 http cache https://registry.npmjs.org/meshline 1197ms (cache hit)
1109 silly packumentCache full:https://registry.npmjs.org/meshline set size:65486 disposed:false
1110 silly fetch manifest @tanstack/history@1.131.2
1111 silly packumentCache full:https://registry.npmjs.org/@tanstack%2fhistory cache-miss
1112 http cache https://registry.npmjs.org/glsl-noise 1159ms (cache hit)
1113 silly packumentCache full:https://registry.npmjs.org/glsl-noise set size:4188 disposed:false
1114 silly fetch manifest @tanstack/react-store@^0.7.0
1115 silly packumentCache full:https://registry.npmjs.org/@tanstack%2freact-store cache-miss
1116 http cache https://registry.npmjs.org/cross-env 1185ms (cache hit)
1117 silly packumentCache full:https://registry.npmjs.org/cross-env set size:151372 disposed:false
1118 silly fetch manifest @tanstack/router-core@1.131.50
1119 silly packumentCache full:https://registry.npmjs.org/@tanstack%2frouter-core cache-miss
1120 http cache https://registry.npmjs.org/stats-gl 1202ms (cache hit)
1121 silly packumentCache full:https://registry.npmjs.org/stats-gl set size:114158 disposed:false
1122 silly fetch manifest undici-types@~6.21.0
1123 silly packumentCache full:https://registry.npmjs.org/undici-types cache-miss
1124 http cache https://registry.npmjs.org/suspend-react 1114ms (cache hit)
1125 silly packumentCache full:https://registry.npmjs.org/suspend-react set size:47709 disposed:false
1126 silly packumentCache full:https://registry.npmjs.org/suspend-react dispose
1127 silly fetch manifest csstype@^3.0.2
1128 silly packumentCache full:https://registry.npmjs.org/csstype cache-miss
1129 http cache https://registry.npmjs.org/tunnel-rat 1131ms (cache hit)
1130 silly packumentCache full:https://registry.npmjs.org/tunnel-rat set size:33166 disposed:false
1131 silly fetch manifest fflate@~0.8.2
1132 silly packumentCache full:https://registry.npmjs.org/fflate cache-miss
1133 http cache https://registry.npmjs.org/detect-gpu 1184ms (cache hit)
1134 silly packumentCache full:https://registry.npmjs.org/detect-gpu set size:843543 disposed:false
1135 silly fetch manifest @webgpu/types@*
1136 silly packumentCache full:https://registry.npmjs.org/@webgpu%2ftypes cache-miss
1137 http cache https://registry.npmjs.org/three-stdlib 1143ms (cache hit)
1138 silly packumentCache full:https://registry.npmjs.org/three-stdlib set size:639798 disposed:false
1139 silly fetch manifest meshoptimizer@~0.18.1
1140 silly packumentCache full:https://registry.npmjs.org/meshoptimizer cache-miss
1141 http cache https://registry.npmjs.org/three-mesh-bvh 1124ms (cache hit)
1142 silly packumentCache full:https://registry.npmjs.org/three-mesh-bvh set size:289392 disposed:false
1143 silly fetch manifest @types/stats.js@*
1144 silly packumentCache full:https://registry.npmjs.org/@types%2fstats.js cache-miss
1145 http cache https://registry.npmjs.org/utility-types 1143ms (cache hit)
1146 silly packumentCache full:https://registry.npmjs.org/utility-types set size:95104 disposed:false
1147 silly fetch manifest @tweenjs/tween.js@~23.1.3
1148 silly packumentCache full:https://registry.npmjs.org/@tweenjs%2ftween.js cache-miss
1149 http cache https://registry.npmjs.org/@use-gesture%2freact 1113ms (cache hit)
1150 silly packumentCache full:https://registry.npmjs.org/@use-gesture%2freact set size:177708 disposed:false
1151 silly fetch manifest @dimforge/rapier3d-compat@^0.12.0
1152 silly packumentCache full:https://registry.npmjs.org/@dimforge%2frapier3d-compat cache-miss
1153 http cache https://registry.npmjs.org/camera-controls 1132ms (cache hit)
1154 silly packumentCache full:https://registry.npmjs.org/camera-controls set size:507988 disposed:false
1155 silly fetch manifest @babel/core@^7.28.0
1156 silly packumentCache full:https://registry.npmjs.org/@babel%2fcore cache-hit
1157 silly fetch manifest react-refresh@^0.17.0
1158 silly packumentCache full:https://registry.npmjs.org/react-refresh cache-miss
1159 http cache https://registry.npmjs.org/@babel%2fruntime 1172ms (cache hit)
1160 silly packumentCache full:https://registry.npmjs.org/@babel%2fruntime set size:3471810 disposed:false
1161 silly fetch manifest @types/babel__core@^7.20.5
1162 silly packumentCache full:https://registry.npmjs.org/@types%2fbabel__core cache-miss
1163 http cache https://registry.npmjs.org/hls.js 1405ms (cache hit)
1164 silly packumentCache full:https://registry.npmjs.org/hls.js set size:21621135 disposed:false
1165 silly fetch manifest @rolldown/pluginutils@1.0.0-beta.27
1166 silly packumentCache full:https://registry.npmjs.org/@rolldown%2fpluginutils cache-miss
1167 http cache https://registry.npmjs.org/troika-three-text 1498ms (cache hit)
1168 silly packumentCache full:https://registry.npmjs.org/troika-three-text set size:181424 disposed:false
1169 silly fetch manifest @babel/plugin-transform-react-jsx-self@^7.27.1
1170 silly packumentCache full:https://registry.npmjs.org/@babel%2fplugin-transform-react-jsx-self cache-miss
1171 http cache https://registry.npmjs.org/@monogrid%2fgainmap-js 1452ms (cache hit)
1172 silly packumentCache full:https://registry.npmjs.org/@monogrid%2fgainmap-js set size:132175 disposed:false
1173 silly fetch manifest @babel/plugin-transform-react-jsx-source@^7.27.1
1174 silly packumentCache full:https://registry.npmjs.org/@babel%2fplugin-transform-react-jsx-source cache-miss
1175 http cache https://registry.npmjs.org/@mediapipe%2ftasks-vision 1442ms (cache hit)
1176 silly packumentCache full:https://registry.npmjs.org/@mediapipe%2ftasks-vision set size:1055839 disposed:false
1177 silly fetch manifest rollup@^4.20.0
1178 silly packumentCache full:https://registry.npmjs.org/rollup cache-miss
1179 http cache https://registry.npmjs.org/use-sync-external-store 1453ms (cache hit)
1180 silly packumentCache full:https://registry.npmjs.org/use-sync-external-store set size:4861581 disposed:false
1181 silly fetch manifest esbuild@^0.21.3
1182 silly packumentCache full:https://registry.npmjs.org/esbuild cache-miss
1183 http cache https://registry.npmjs.org/dlv 1489ms (cache hit)
1184 silly packumentCache full:https://registry.npmjs.org/dlv set size:16709 disposed:false
1185 silly fetch manifest postcss@^8.4.43
1186 silly packumentCache full:https://registry.npmjs.org/postcss cache-hit
1187 silly fetch manifest fsevents@~2.3.3
1188 silly packumentCache full:https://registry.npmjs.org/fsevents cache-miss
1189 http cache https://registry.npmjs.org/arg 1496ms (cache hit)
1190 silly packumentCache full:https://registry.npmjs.org/arg set size:67036 disposed:false
1191 silly fetch manifest picocolors@^1.1.1
1192 silly packumentCache full:https://registry.npmjs.org/picocolors cache-miss
1193 http cache https://registry.npmjs.org/jiti 1489ms (cache hit)
1194 silly packumentCache full:https://registry.npmjs.org/jiti set size:387989 disposed:false
1195 silly fetch manifest fraction.js@^5.3.4
1196 silly packumentCache full:https://registry.npmjs.org/fraction.js cache-miss
1197 http cache https://registry.npmjs.org/is-glob 1539ms (cache hit)
1198 silly packumentCache full:https://registry.npmjs.org/is-glob set size:40530 disposed:false
1199 silly fetch manifest browserslist@^4.28.6
1200 silly packumentCache full:https://registry.npmjs.org/browserslist cache-miss
1201 http cache https://registry.npmjs.org/resolve 1507ms (cache hit)
1202 silly packumentCache full:https://registry.npmjs.org/resolve set size:244568 disposed:false
1203 silly fetch manifest caniuse-lite@^1.0.30001806
1204 silly packumentCache full:https://registry.npmjs.org/caniuse-lite cache-miss
1205 http cache https://registry.npmjs.org/sucrase 1500ms (cache hit)
1206 silly packumentCache full:https://registry.npmjs.org/sucrase set size:449399 disposed:false
1207 silly fetch manifest postcss-value-parser@^4.2.0
1208 silly packumentCache full:https://registry.npmjs.org/postcss-value-parser cache-miss
1209 http cache https://registry.npmjs.org/chokidar 1406ms (cache hit)
1210 silly packumentCache full:https://registry.npmjs.org/chokidar set size:255902 disposed:false
1211 silly fetch manifest nanoid@^3.3.16
1212 silly packumentCache full:https://registry.npmjs.org/nanoid cache-miss
1213 http cache https://registry.npmjs.org/lilconfig 1383ms (cache hit)
1214 silly packumentCache full:https://registry.npmjs.org/lilconfig set size:45636 disposed:false
1215 silly fetch manifest picocolors@^1.1.1
1216 silly packumentCache full:https://registry.npmjs.org/picocolors cache-miss
1217 http cache https://registry.npmjs.org/didyoumean 1375ms (cache hit)
1218 silly packumentCache full:https://registry.npmjs.org/didyoumean set size:11446 disposed:false
1219 silly fetch manifest source-map-js@^1.2.1
1220 silly packumentCache full:https://registry.npmjs.org/source-map-js cache-miss
1221 http cache https://registry.npmjs.org/postcss-js 1400ms (cache hit)
1222 silly packumentCache full:https://registry.npmjs.org/postcss-js set size:51308 disposed:false
1223 silly fetch manifest @radix-ui/react-id@^1.1.0
1224 silly packumentCache full:https://registry.npmjs.org/@radix-ui%2freact-id cache-hit
1225 silly fetch manifest @radix-ui/react-primitive@^2.0.2
1226 silly packumentCache full:https://registry.npmjs.org/@radix-ui%2freact-primitive cache-hit
1227 silly fetch manifest @radix-ui/react-compose-refs@^1.1.1
1228 silly packumentCache full:https://registry.npmjs.org/@radix-ui%2freact-compose-refs cache-hit
1229 silly fetch manifest minimist@^1.2.6
1230 silly packumentCache full:https://registry.npmjs.org/minimist cache-miss
1231 http cache https://registry.npmjs.org/fast-glob 1513ms (cache hit)
1232 silly packumentCache full:https://registry.npmjs.org/fast-glob set size:220556 disposed:false
1233 silly fetch manifest cross-spawn@^7.0.6
1234 silly packumentCache full:https://registry.npmjs.org/cross-spawn cache-miss
1235 http cache https://registry.npmjs.org/picocolors 1419ms (cache hit)
1236 silly packumentCache full:https://registry.npmjs.org/picocolors set size:16648 disposed:false
1237 silly fetch manifest dotenv-expand@^10.0.0
1238 silly packumentCache full:https://registry.npmjs.org/dotenv-expand cache-miss
1239 http cache https://registry.npmjs.org/normalize-path 1411ms (cache hit)
1240 silly packumentCache full:https://registry.npmjs.org/normalize-path set size:28713 disposed:false
1241 silly fetch manifest embla-carousel@8.6.0
1242 silly packumentCache full:https://registry.npmjs.org/embla-carousel cache-miss
1243 http cache https://registry.npmjs.org/object-hash 1414ms (cache hit)
1244 silly packumentCache full:https://registry.npmjs.org/object-hash set size:100564 disposed:false
1245 silly fetch manifest embla-carousel-reactive-utils@8.6.0
1246 silly packumentCache full:https://registry.npmjs.org/embla-carousel-reactive-utils cache-miss
1247 http cache https://registry.npmjs.org/micromatch 1430ms (cache hit)
1248 silly packumentCache full:https://registry.npmjs.org/micromatch set size:240630 disposed:false
1249 silly fetch manifest css-line-break@^2.1.0
1250 silly packumentCache full:https://registry.npmjs.org/css-line-break cache-miss
1251 http cache https://registry.npmjs.org/glob-parent 1423ms (cache hit)
1252 silly packumentCache full:https://registry.npmjs.org/glob-parent set size:42445 disposed:false
1253 silly fetch manifest text-segmentation@^1.0.3
1254 silly packumentCache full:https://registry.npmjs.org/text-segmentation cache-miss
1255 http cache https://registry.npmjs.org/@alloc%2fquick-lru 1408ms (cache hit)
1256 silly packumentCache full:https://registry.npmjs.org/@alloc%2fquick-lru set size:7269 disposed:false
1257 silly fetch manifest framer-motion@^12.42.2
1258 silly packumentCache full:https://registry.npmjs.org/framer-motion cache-miss
1259 http cache https://registry.npmjs.org/postcss-load-config 1463ms (cache hit)
1260 silly packumentCache full:https://registry.npmjs.org/postcss-load-config set size:86425 disposed:false
1261 silly fetch manifest tslib@^2.4.0
1262 silly packumentCache full:https://registry.npmjs.org/tslib cache-miss
1263 http cache https://registry.npmjs.org/postcss-import 1482ms (cache hit)
1264 silly packumentCache full:https://registry.npmjs.org/postcss-import set size:120971 disposed:false
1265 silly fetch manifest date-fns@^4.1.0
1266 silly packumentCache full:https://registry.npmjs.org/date-fns cache-miss
1267 http cache https://registry.npmjs.org/lodash.castarray 1454ms (cache hit)
1268 silly packumentCache full:https://registry.npmjs.org/lodash.castarray set size:3368 disposed:false
1269 silly fetch manifest @date-fns/tz@^1.4.1
1270 silly packumentCache full:https://registry.npmjs.org/@date-fns%2ftz cache-miss
1271 http cache https://registry.npmjs.org/lodash.merge 1459ms (cache hit)
1272 silly packumentCache full:https://registry.npmjs.org/lodash.merge set size:78575 disposed:false
1273 silly fetch manifest date-fns-jalali@4.1.0-0
1274 silly packumentCache full:https://registry.npmjs.org/date-fns-jalali cache-miss
1275 http cache https://registry.npmjs.org/postcss-nested 1491ms (cache hit)
1276 silly packumentCache full:https://registry.npmjs.org/postcss-nested set size:79120 disposed:false
1277 silly fetch manifest @tabby_ai/hijri-converter@1.0.5
1278 silly packumentCache full:https://registry.npmjs.org/@tabby_ai%2fhijri-converter cache-miss
1279 http cache https://registry.npmjs.org/postcss-selector-parser 1477ms (cache hit)
1280 silly packumentCache full:https://registry.npmjs.org/postcss-selector-parser set size:193966 disposed:false
1281 silly fetch manifest quill@~2.0.2
1282 silly packumentCache full:https://registry.npmjs.org/quill cache-miss
1283 http cache https://registry.npmjs.org/lodash.isplainobject 1419ms (cache hit)
1284 silly packumentCache full:https://registry.npmjs.org/lodash.isplainobject set size:38531 disposed:false
1285 silly fetch manifest lodash-es@^4.17.21
1286 silly packumentCache full:https://registry.npmjs.org/lodash-es cache-miss
1287 http cache https://registry.npmjs.org/postcss-selector-parser 1328ms (cache hit)
1288 silly packumentCache full:https://registry.npmjs.org/postcss-selector-parser set size:193966 disposed:false
1289 silly packumentCache full:https://registry.npmjs.org/postcss-selector-parser dispose
1290 silly fetch manifest fast-diff@^1.3.0
1291 silly packumentCache full:https://registry.npmjs.org/fast-diff cache-miss
1292 http cache https://registry.npmjs.org/@tanstack%2fhistory 1105ms (cache hit)
1293 silly packumentCache full:https://registry.npmjs.org/@tanstack%2fhistory set size:503659 disposed:false
1294 silly fetch manifest lodash.clonedeep@^4.5.0
1295 silly packumentCache full:https://registry.npmjs.org/lodash.clonedeep cache-miss
1296 http cache https://registry.npmjs.org/tiny-warning 1115ms (cache hit)
1297 silly packumentCache full:https://registry.npmjs.org/tiny-warning set size:25899 disposed:false
1298 silly fetch manifest lodash.isequal@^4.5.0
1299 silly packumentCache full:https://registry.npmjs.org/lodash.isequal cache-miss
1300 http cache https://registry.npmjs.org/@tanstack%2fquery-core 1237ms (cache hit)
1301 silly packumentCache full:https://registry.npmjs.org/@tanstack%2fquery-core set size:1112596 disposed:false
1302 silly fetch manifest @types/js-cookie@^3.0.0
1303 silly packumentCache full:https://registry.npmjs.org/@types%2fjs-cookie cache-miss
1304 http cache https://registry.npmjs.org/csstype 1119ms (cache hit)
1305 silly packumentCache full:https://registry.npmjs.org/csstype set size:274189 disposed:false
1306 silly fetch manifest @xobotyi/scrollbar-width@^1.9.5
1307 silly packumentCache full:https://registry.npmjs.org/@xobotyi%2fscrollbar-width cache-miss
1308 http cache https://registry.npmjs.org/isbot 1141ms (cache hit)
1309 silly packumentCache full:https://registry.npmjs.org/isbot set size:730353 disposed:false
1310 silly fetch manifest copy-to-clipboard@^3.3.1
1311 silly packumentCache full:https://registry.npmjs.org/copy-to-clipboard cache-miss
1312 http cache https://registry.npmjs.org/undici-types 1139ms (cache hit)
1313 silly packumentCache full:https://registry.npmjs.org/undici-types set size:247750 disposed:false
1314 silly fetch manifest fast-deep-equal@^3.1.3
1315 silly packumentCache full:https://registry.npmjs.org/fast-deep-equal cache-miss
1316 http cache https://registry.npmjs.org/tiny-invariant 1154ms (cache hit)
1317 silly packumentCache full:https://registry.npmjs.org/tiny-invariant set size:98310 disposed:false
1318 silly fetch manifest fast-shallow-equal@^1.0.0
1319 silly packumentCache full:https://registry.npmjs.org/fast-shallow-equal cache-miss
1320 http cache https://registry.npmjs.org/@tanstack%2frouter-core 1154ms (cache hit)
1321 silly packumentCache full:https://registry.npmjs.org/@tanstack%2frouter-core set size:1619300 disposed:false
1322 silly fetch manifest js-cookie@^3.0.0
1323 silly packumentCache full:https://registry.npmjs.org/js-cookie cache-miss
1324 http cache https://registry.npmjs.org/meshoptimizer 1152ms (cache hit)
1325 silly packumentCache full:https://registry.npmjs.org/meshoptimizer set size:75958 disposed:false
1326 silly fetch manifest nano-css@^5.6.2
1327 silly packumentCache full:https://registry.npmjs.org/nano-css cache-miss
1328 http cache https://registry.npmjs.org/fflate 1177ms (cache hit)
1329 silly packumentCache full:https://registry.npmjs.org/fflate set size:220550 disposed:false
1330 silly fetch manifest react-universal-interface@^0.6.2
1331 silly packumentCache full:https://registry.npmjs.org/react-universal-interface cache-miss
1332 http cache https://registry.npmjs.org/@tanstack%2freact-store 1193ms (cache hit)
1333 silly packumentCache full:https://registry.npmjs.org/@tanstack%2freact-store set size:210393 disposed:false
1334 silly fetch manifest resize-observer-polyfill@^1.5.1
1335 silly packumentCache full:https://registry.npmjs.org/resize-observer-polyfill cache-miss
1336 http cache https://registry.npmjs.org/@tweenjs%2ftween.js 1158ms (cache hit)
1337 silly packumentCache full:https://registry.npmjs.org/@tweenjs%2ftween.js set size:165080 disposed:false
1338 silly fetch manifest screenfull@^5.1.0
1339 silly packumentCache full:https://registry.npmjs.org/screenfull cache-miss
1340 http cache https://registry.npmjs.org/@types%2fstats.js 1165ms (cache hit)
1341 silly packumentCache full:https://registry.npmjs.org/@types%2fstats.js set size:12218 disposed:false
1342 silly fetch manifest set-harmonic-interval@^1.0.1
1343 silly packumentCache full:https://registry.npmjs.org/set-harmonic-interval cache-miss
1344 http cache https://registry.npmjs.org/@webgpu%2ftypes 1180ms (cache hit)
1345 silly packumentCache full:https://registry.npmjs.org/@webgpu%2ftypes set size:270149 disposed:false
1346 silly fetch manifest throttle-debounce@^3.0.1
1347 silly packumentCache full:https://registry.npmjs.org/throttle-debounce cache-miss
1348 http cache https://registry.npmjs.org/@rolldown%2fpluginutils 800ms (cache hit)
1349 silly packumentCache full:https://registry.npmjs.org/@rolldown%2fpluginutils set size:300388 disposed:false
1350 silly fetch manifest ts-easing@^0.2.0
1351 silly packumentCache full:https://registry.npmjs.org/ts-easing cache-miss
1352 http cache https://registry.npmjs.org/@dimforge%2frapier3d-compat 1184ms (cache hit)
1353 silly packumentCache full:https://registry.npmjs.org/@dimforge%2frapier3d-compat set size:250550 disposed:false
1354 silly fetch manifest tslib@^2.1.0
1355 silly packumentCache full:https://registry.npmjs.org/tslib cache-miss
1356 http cache https://registry.npmjs.org/react-refresh 1180ms (cache hit)
1357 silly packumentCache full:https://registry.npmjs.org/react-refresh set size:6484382 disposed:false
1358 silly fetch manifest lodash@^4.17.21
1359 silly packumentCache full:https://registry.npmjs.org/lodash cache-miss
1360 http cache https://registry.npmjs.org/@types%2fbabel__core 1267ms (cache hit)
1361 silly packumentCache full:https://registry.npmjs.org/@types%2fbabel__core set size:88676 disposed:false
1362 silly fetch manifest react-is@^18.3.1
1363 silly packumentCache full:https://registry.npmjs.org/react-is cache-miss
1364 http cache https://registry.npmjs.org/@babel%2fplugin-transform-react-jsx-self 961ms (cache hit)
1365 silly packumentCache full:https://registry.npmjs.org/@babel%2fplugin-transform-react-jsx-self set size:200274 disposed:false
1366 silly fetch manifest react-smooth@^4.0.4
1367 silly packumentCache full:https://registry.npmjs.org/react-smooth cache-miss
1368 http cache https://registry.npmjs.org/@babel%2fplugin-transform-react-jsx-source 962ms (cache hit)
1369 silly packumentCache full:https://registry.npmjs.org/@babel%2fplugin-transform-react-jsx-source set size:205288 disposed:false
1370 silly fetch manifest eventemitter3@^4.0.1
1371 silly packumentCache full:https://registry.npmjs.org/eventemitter3 cache-miss
1372 http cache https://registry.npmjs.org/rollup 964ms (cache hit)
1373 silly packumentCache full:https://registry.npmjs.org/rollup set size:6266245 disposed:false
1374 silly fetch manifest recharts-scale@^0.4.4
1375 silly packumentCache full:https://registry.npmjs.org/recharts-scale cache-miss
1376 http cache https://registry.npmjs.org/esbuild 1017ms (cache hit)
1377 silly packumentCache full:https://registry.npmjs.org/esbuild set size:1259608 disposed:false
1378 silly fetch manifest tiny-invariant@^1.3.1
1379 silly packumentCache full:https://registry.npmjs.org/tiny-invariant cache-hit
1380 silly fetch manifest victory-vendor@^36.6.8
1381 silly packumentCache full:https://registry.npmjs.org/victory-vendor cache-miss
1382 http cache https://registry.npmjs.org/fsevents 1069ms (cache hit)
1383 silly packumentCache full:https://registry.npmjs.org/fsevents set size:182472 disposed:false
1384 http cache https://registry.npmjs.org/picocolors 1070ms (cache hit)
1385 silly packumentCache full:https://registry.npmjs.org/picocolors set size:16648 disposed:false
1386 silly packumentCache full:https://registry.npmjs.org/picocolors dispose
1387 http cache https://registry.npmjs.org/fraction.js 1006ms (cache hit)
1388 silly packumentCache full:https://registry.npmjs.org/fraction.js set size:149386 disposed:false
1389 http cache https://registry.npmjs.org/browserslist 1009ms (cache hit)
1390 silly packumentCache full:https://registry.npmjs.org/browserslist set size:516369 disposed:false
1391 http cache https://registry.npmjs.org/postcss-value-parser 1002ms (cache hit)
1392 silly packumentCache full:https://registry.npmjs.org/postcss-value-parser set size:73526 disposed:false
1393 http cache https://registry.npmjs.org/caniuse-lite 1016ms (cache hit)
1394 silly packumentCache full:https://registry.npmjs.org/caniuse-lite set size:2306880 disposed:false
1395 http cache https://registry.npmjs.org/source-map-js 813ms (cache hit)
1396 silly packumentCache full:https://registry.npmjs.org/source-map-js set size:62640 disposed:false
1397 http cache https://registry.npmjs.org/minimist 707ms (cache hit)
1398 silly packumentCache full:https://registry.npmjs.org/minimist set size:77063 disposed:false
1399 http cache https://registry.npmjs.org/css-line-break 692ms (cache hit)
1400 silly packumentCache full:https://registry.npmjs.org/css-line-break set size:33209 disposed:false
1401 http cache https://registry.npmjs.org/dotenv-expand 703ms (cache hit)
1402 silly packumentCache full:https://registry.npmjs.org/dotenv-expand set size:69432 disposed:false
1403 http cache https://registry.npmjs.org/nanoid 827ms (cache hit)
1404 silly packumentCache full:https://registry.npmjs.org/nanoid set size:335912 disposed:false
1405 http cache https://registry.npmjs.org/cross-spawn 714ms (cache hit)
1406 silly packumentCache full:https://registry.npmjs.org/cross-spawn set size:109066 disposed:false
1407 http cache https://registry.npmjs.org/tslib 696ms (cache hit)
1408 silly packumentCache full:https://registry.npmjs.org/tslib set size:108843 disposed:false
1409 http cache https://registry.npmjs.org/picocolors 889ms (cache hit)
1410 silly packumentCache full:https://registry.npmjs.org/picocolors set size:16648 disposed:true
1411 silly packumentCache full:https://registry.npmjs.org/picocolors dispose
1412 http cache https://registry.npmjs.org/embla-carousel-reactive-utils 769ms (cache hit)
1413 silly packumentCache full:https://registry.npmjs.org/embla-carousel-reactive-utils set size:119115 disposed:false
1414 http cache https://registry.npmjs.org/text-segmentation 764ms (cache hit)
1415 silly packumentCache full:https://registry.npmjs.org/text-segmentation set size:15383 disposed:false
1416 http cache https://registry.npmjs.org/@date-fns%2ftz 698ms (cache hit)
1417 silly packumentCache full:https://registry.npmjs.org/@date-fns%2ftz set size:54909 disposed:false
1418 http cache https://registry.npmjs.org/quill 687ms (cache hit)
1419 silly packumentCache full:https://registry.npmjs.org/quill set size:312602 disposed:false
1420 http cache https://registry.npmjs.org/embla-carousel 786ms (cache hit)
1421 silly packumentCache full:https://registry.npmjs.org/embla-carousel set size:831713 disposed:false
1422 http cache https://registry.npmjs.org/lodash-es 700ms (cache hit)
1423 silly packumentCache full:https://registry.npmjs.org/lodash-es set size:142463 disposed:false
1424 http cache https://registry.npmjs.org/fast-diff 698ms (cache hit)
1425 silly packumentCache full:https://registry.npmjs.org/fast-diff set size:12246 disposed:false
1426 http cache https://registry.npmjs.org/@tabby_ai%2fhijri-converter 714ms (cache hit)
1427 silly packumentCache full:https://registry.npmjs.org/@tabby_ai%2fhijri-converter set size:6877 disposed:false
1428 http cache https://registry.npmjs.org/lodash.isequal 689ms (cache hit)
1429 silly packumentCache full:https://registry.npmjs.org/lodash.isequal set size:48202 disposed:false
1430 http cache https://registry.npmjs.org/copy-to-clipboard 657ms (cache hit)
1431 silly packumentCache full:https://registry.npmjs.org/copy-to-clipboard set size:68194 disposed:false
1432 http cache https://registry.npmjs.org/lodash.clonedeep 695ms (cache hit)
1433 silly packumentCache full:https://registry.npmjs.org/lodash.clonedeep set size:48192 disposed:false
1434 http cache https://registry.npmjs.org/@types%2fjs-cookie 679ms (cache hit)
1435 silly packumentCache full:https://registry.npmjs.org/@types%2fjs-cookie set size:55113 disposed:false
1436 http cache https://registry.npmjs.org/fast-deep-equal 656ms (cache hit)
1437 silly packumentCache full:https://registry.npmjs.org/fast-deep-equal set size:48634 disposed:false
1438 http cache https://registry.npmjs.org/nano-css 622ms (cache hit)
1439 silly packumentCache full:https://registry.npmjs.org/nano-css set size:244835 disposed:false
1440 http cache https://registry.npmjs.org/react-universal-interface 621ms (cache hit)
1441 silly packumentCache full:https://registry.npmjs.org/react-universal-interface set size:49867 disposed:false
1442 http cache https://registry.npmjs.org/fast-shallow-equal 660ms (cache hit)
1443 silly packumentCache full:https://registry.npmjs.org/fast-shallow-equal set size:10102 disposed:false
1444 http cache https://registry.npmjs.org/@xobotyi%2fscrollbar-width 682ms (cache hit)
1445 silly packumentCache full:https://registry.npmjs.org/@xobotyi%2fscrollbar-width set size:98489 disposed:false
1446 http cache https://registry.npmjs.org/set-harmonic-interval 612ms (cache hit)
1447 silly packumentCache full:https://registry.npmjs.org/set-harmonic-interval set size:9015 disposed:false
1448 http cache https://registry.npmjs.org/screenfull 615ms (cache hit)
1449 silly packumentCache full:https://registry.npmjs.org/screenfull set size:71519 disposed:false
1450 http cache https://registry.npmjs.org/resize-observer-polyfill 621ms (cache hit)
1451 silly packumentCache full:https://registry.npmjs.org/resize-observer-polyfill set size:51211 disposed:false
1452 http cache https://registry.npmjs.org/throttle-debounce 600ms (cache hit)
1453 silly packumentCache full:https://registry.npmjs.org/throttle-debounce set size:73345 disposed:false
1454 http cache https://registry.npmjs.org/ts-easing 595ms (cache hit)
1455 silly packumentCache full:https://registry.npmjs.org/ts-easing set size:8262 disposed:false
1456 http cache https://registry.npmjs.org/tslib 590ms (cache hit)
1457 silly packumentCache full:https://registry.npmjs.org/tslib set size:108843 disposed:false
1458 silly packumentCache full:https://registry.npmjs.org/tslib dispose
1459 http cache https://registry.npmjs.org/date-fns-jalali 746ms (cache hit)
1460 silly packumentCache full:https://registry.npmjs.org/date-fns-jalali set size:2351663 disposed:false
1461 http cache https://registry.npmjs.org/js-cookie 698ms (cache hit)
1462 silly packumentCache full:https://registry.npmjs.org/js-cookie set size:107067 disposed:false
1463 http cache https://registry.npmjs.org/react-smooth 495ms (cache hit)
1464 silly packumentCache full:https://registry.npmjs.org/react-smooth set size:197810 disposed:false
1465 http cache https://registry.npmjs.org/date-fns 818ms (cache hit)
1466 silly packumentCache full:https://registry.npmjs.org/date-fns set size:4144741 disposed:false
1467 http cache https://registry.npmjs.org/react-is 903ms (cache hit)
1468 silly packumentCache full:https://registry.npmjs.org/react-is set size:5525939 disposed:false
1469 http cache https://registry.npmjs.org/framer-motion 1329ms (cache hit)
1470 silly packumentCache full:https://registry.npmjs.org/framer-motion set size:10030715 disposed:false
1471 http cache https://registry.npmjs.org/lodash 1202ms (cache hit)
1472 silly packumentCache full:https://registry.npmjs.org/lodash set size:247652 disposed:false
1473 http cache https://registry.npmjs.org/eventemitter3 1199ms (cache hit)
1474 silly packumentCache full:https://registry.npmjs.org/eventemitter3 set size:92292 disposed:false
1475 http cache https://registry.npmjs.org/victory-vendor 1016ms (cache hit)
1476 silly packumentCache full:https://registry.npmjs.org/victory-vendor set size:249209 disposed:false
1477 http cache https://registry.npmjs.org/recharts-scale 1078ms (cache hit)
1478 silly packumentCache full:https://registry.npmjs.org/recharts-scale set size:62529 disposed:false
1479 silly placeDep ROOT @biomejs/cli-darwin-arm64@1.9.4 OK for: @biomejs/biome@1.9.4 want: 1.9.4
1480 silly placeDep ROOT @biomejs/cli-darwin-x64@1.9.4 OK for: @biomejs/biome@1.9.4 want: 1.9.4
1481 silly placeDep ROOT @biomejs/cli-linux-arm64@1.9.4 OK for: @biomejs/biome@1.9.4 want: 1.9.4
1482 silly placeDep ROOT @biomejs/cli-linux-arm64-musl@1.9.4 OK for: @biomejs/biome@1.9.4 want: 1.9.4
1483 silly placeDep ROOT @biomejs/cli-linux-x64@1.9.4 OK for: @biomejs/biome@1.9.4 want: 1.9.4
1484 silly placeDep ROOT @biomejs/cli-linux-x64-musl@1.9.4 OK for: @biomejs/biome@1.9.4 want: 1.9.4
1485 silly placeDep ROOT @biomejs/cli-win32-arm64@1.9.4 OK for: @biomejs/biome@1.9.4 want: 1.9.4
1486 silly placeDep ROOT @biomejs/cli-win32-x64@1.9.4 OK for: @biomejs/biome@1.9.4 want: 1.9.4
1487 silly fetch manifest @types/react@*
1488 silly packumentCache full:https://registry.npmjs.org/@types%2freact cache-miss
1489 http cache https://registry.npmjs.org/@types%2freact 16ms (cache hit)
1490 silly packumentCache full:https://registry.npmjs.org/@types%2freact set size:2632776 disposed:false
1491 silly fetch manifest react@^16.8 || ^17.0 || ^18.0 || ^19.0 || ^19.0.0-rc
1492 silly packumentCache full:https://registry.npmjs.org/react cache-miss
1493 http cache https://registry.npmjs.org/react 29ms (cache hit)
1494 silly packumentCache full:https://registry.npmjs.org/react set size:6830011 disposed:false
1495 silly fetch manifest @types/react-dom@*
1496 silly packumentCache full:https://registry.npmjs.org/@types%2freact-dom cache-hit
1497 silly fetch manifest react-dom@^16.8 || ^17.0 || ^18.0 || ^19.0 || ^19.0.0-rc
1498 silly packumentCache full:https://registry.npmjs.org/react-dom cache-miss
1499 http cache https://registry.npmjs.org/react-dom 33ms (cache hit)
1500 silly packumentCache full:https://registry.npmjs.org/react-dom set size:9160340 disposed:false
1501 silly placeDep ROOT @radix-ui/primitive@1.1.7 OK for: @radix-ui/react-accordion@1.2.20 want: 1.1.7
1502 silly placeDep ROOT @radix-ui/react-collection@1.1.15 OK for: @radix-ui/react-accordion@1.2.20 want: 1.1.15
1503 silly placeDep ROOT @radix-ui/react-compose-refs@1.1.5 OK for: @radix-ui/react-accordion@1.2.20 want: 1.1.5
1504 silly placeDep ROOT @radix-ui/react-context@1.2.2 OK for: @radix-ui/react-accordion@1.2.20 want: 1.2.2
1505 silly placeDep ROOT @radix-ui/react-direction@1.1.4 OK for: @radix-ui/react-accordion@1.2.20 want: 1.1.4
1506 silly placeDep ROOT @radix-ui/react-id@1.1.4 OK for: @radix-ui/react-accordion@1.2.20 want: 1.1.4
1507 silly placeDep ROOT @radix-ui/react-primitive@2.1.10 OK for: @radix-ui/react-accordion@1.2.20 want: 2.1.10
1508 silly placeDep ROOT @radix-ui/react-use-controllable-state@1.2.6 OK for: @radix-ui/react-accordion@1.2.20 want: 1.2.6
1509 silly fetch manifest @radix-ui/react-use-effect-event@0.0.5
1510 silly packumentCache full:https://registry.npmjs.org/@radix-ui%2freact-use-effect-event cache-miss
1511 http cache https://registry.npmjs.org/@radix-ui%2freact-use-effect-event 3ms (cache hit)
1512 silly packumentCache full:https://registry.npmjs.org/@radix-ui%2freact-use-effect-event set size:58358 disposed:false
1513 silly placeDep ROOT @radix-ui/react-use-callback-ref@1.1.4 OK for: @radix-ui/react-avatar@1.2.6 want: 1.1.4
1514 silly placeDep ROOT @radix-ui/react-use-is-hydrated@0.1.3 OK for: @radix-ui/react-avatar@1.2.6 want: 0.1.3
1515 silly placeDep ROOT @radix-ui/react-use-layout-effect@1.1.4 OK for: @radix-ui/react-avatar@1.2.6 want: 1.1.4
1516 silly placeDep ROOT @radix-ui/react-presence@1.1.10 OK for: @radix-ui/react-checkbox@1.3.11 want: 1.1.10
1517 silly placeDep ROOT @radix-ui/react-use-size@1.1.4 OK for: @radix-ui/react-checkbox@1.3.11 want: 1.1.4
1518 silly placeDep ROOT @radix-ui/react-menu@2.1.24 OK for: @radix-ui/react-context-menu@2.3.7 want: 2.1.24
1519 silly placeDep ROOT @radix-ui/react-dismissable-layer@1.1.19 OK for: @radix-ui/react-dialog@1.1.23 want: 1.1.19
1520 silly placeDep ROOT @radix-ui/react-focus-guards@1.1.6 OK for: @radix-ui/react-dialog@1.1.23 want: 1.1.6
1521 silly placeDep ROOT @radix-ui/react-focus-scope@1.1.16 OK for: @radix-ui/react-dialog@1.1.23 want: 1.1.16
1522 silly placeDep ROOT @radix-ui/react-portal@1.1.17 OK for: @radix-ui/react-dialog@1.1.23 want: 1.1.17
1523 silly placeDep ROOT aria-hidden@1.2.6 OK for: @radix-ui/react-dialog@1.1.23 want: ^1.2.4
1524 silly placeDep ROOT react-remove-scroll@2.7.2 OK for: @radix-ui/react-dialog@1.1.23 want: ^2.7.2
1525 silly fetch manifest tslib@^2.0.0
1526 silly packumentCache full:https://registry.npmjs.org/tslib cache-hit
1527 silly fetch manifest react-remove-scroll-bar@^2.3.7
1528 silly packumentCache full:https://registry.npmjs.org/react-remove-scroll-bar cache-miss
1529 silly fetch manifest react-style-singleton@^2.2.3
1530 silly packumentCache full:https://registry.npmjs.org/react-style-singleton cache-miss
1531 silly fetch manifest use-callback-ref@^1.3.3
1532 silly packumentCache full:https://registry.npmjs.org/use-callback-ref cache-miss
1533 silly fetch manifest use-sidecar@^1.1.3
1534 silly packumentCache full:https://registry.npmjs.org/use-sidecar cache-miss
1535 http cache https://registry.npmjs.org/react-remove-scroll-bar 7ms (cache hit)
1536 silly packumentCache full:https://registry.npmjs.org/react-remove-scroll-bar set size:66434 disposed:false
1537 http cache https://registry.npmjs.org/react-style-singleton 8ms (cache hit)
1538 silly packumentCache full:https://registry.npmjs.org/react-style-singleton set size:33682 disposed:false
1539 http cache https://registry.npmjs.org/use-callback-ref 9ms (cache hit)
1540 silly packumentCache full:https://registry.npmjs.org/use-callback-ref set size:47599 disposed:false
1541 http cache https://registry.npmjs.org/use-sidecar 9ms (cache hit)
1542 silly packumentCache full:https://registry.npmjs.org/use-sidecar set size:58998 disposed:false
1543 silly placeDep ROOT @radix-ui/react-use-effect-event@0.0.5 OK for: @radix-ui/react-dismissable-layer@1.1.19 want: 0.0.5
1544 silly placeDep ROOT @radix-ui/react-popper@1.3.7 OK for: @radix-ui/react-hover-card@1.1.23 want: 1.3.7
1545 silly fetch manifest @radix-ui/rect@1.1.3
1546 silly packumentCache full:https://registry.npmjs.org/@radix-ui%2frect cache-miss
1547 silly fetch manifest @radix-ui/react-arrow@1.1.15
1548 silly packumentCache full:https://registry.npmjs.org/@radix-ui%2freact-arrow cache-miss
1549 silly fetch manifest @floating-ui/react-dom@^2.0.0
1550 silly packumentCache full:https://registry.npmjs.org/@floating-ui%2freact-dom cache-miss
1551 silly fetch manifest @radix-ui/react-use-rect@1.1.4
1552 silly packumentCache full:https://registry.npmjs.org/@radix-ui%2freact-use-rect cache-miss
1553 http cache https://registry.npmjs.org/@radix-ui%2freact-arrow 30ms (cache hit)
1554 silly packumentCache full:https://registry.npmjs.org/@radix-ui%2freact-arrow set size:710835 disposed:false
1555 http cache https://registry.npmjs.org/@radix-ui%2frect 40ms (cache hit)
1556 silly packumentCache full:https://registry.npmjs.org/@radix-ui%2frect set size:127893 disposed:false
1557 http cache https://registry.npmjs.org/@floating-ui%2freact-dom 42ms (cache hit)
1558 silly packumentCache full:https://registry.npmjs.org/@floating-ui%2freact-dom set size:168230 disposed:false
1559 http cache https://registry.npmjs.org/@radix-ui%2freact-use-rect 44ms (cache hit)
1560 silly packumentCache full:https://registry.npmjs.org/@radix-ui%2freact-use-rect set size:259639 disposed:false
1561 silly placeDep ROOT @radix-ui/react-roving-focus@1.1.19 OK for: @radix-ui/react-menu@2.1.24 want: 1.1.19
1562 silly placeDep ROOT @radix-ui/react-use-previous@1.1.4 OK for: @radix-ui/react-navigation-menu@1.2.22 want: 1.1.4
1563 silly placeDep ROOT @radix-ui/react-visually-hidden@1.2.11 OK for: @radix-ui/react-navigation-menu@1.2.22 want: 1.2.11
1564 silly placeDep ROOT @floating-ui/react-dom@2.1.9 OK for: @radix-ui/react-popper@1.3.7 want: ^2.0.0
1565 silly placeDep ROOT @radix-ui/react-arrow@1.1.15 OK for: @radix-ui/react-popper@1.3.7 want: 1.1.15
1566 silly placeDep ROOT @radix-ui/react-use-rect@1.1.4 OK for: @radix-ui/react-popper@1.3.7 want: 1.1.4
1567 silly placeDep ROOT @radix-ui/rect@1.1.3 OK for: @radix-ui/react-popper@1.3.7 want: 1.1.3
1568 silly fetch manifest @floating-ui/dom@^1.8.0
1569 silly packumentCache full:https://registry.npmjs.org/@floating-ui%2fdom cache-miss
1570 http cache https://registry.npmjs.org/@floating-ui%2fdom 3ms (cache hit)
1571 silly packumentCache full:https://registry.npmjs.org/@floating-ui%2fdom set size:254552 disposed:false
1572 silly placeDep ROOT @floating-ui/dom@1.8.0 OK for: @floating-ui/react-dom@2.1.9 want: ^1.8.0
1573 silly fetch manifest @floating-ui/core@^1.8.0
1574 silly packumentCache full:https://registry.npmjs.org/@floating-ui%2fcore cache-miss
1575 silly fetch manifest @floating-ui/utils@^0.2.12
1576 silly packumentCache full:https://registry.npmjs.org/@floating-ui%2futils cache-miss
1577 http cache https://registry.npmjs.org/@floating-ui%2futils 3ms (cache hit)
1578 silly packumentCache full:https://registry.npmjs.org/@floating-ui%2futils set size:54354 disposed:false
1579 http cache https://registry.npmjs.org/@floating-ui%2fcore 6ms (cache hit)
1580 silly packumentCache full:https://registry.npmjs.org/@floating-ui%2fcore set size:182076 disposed:false
1581 silly placeDep ROOT @floating-ui/core@1.8.0 OK for: @floating-ui/dom@1.8.0 want: ^1.8.0
1582 silly placeDep ROOT @floating-ui/utils@0.2.12 OK for: @floating-ui/dom@1.8.0 want: ^0.2.12
1583 silly placeDep ROOT @radix-ui/number@1.1.3 OK for: @radix-ui/react-scroll-area@1.2.18 want: 1.1.3
1584 silly fetch manifest three@>=0.139
1585 silly packumentCache full:https://registry.npmjs.org/three cache-hit
1586 silly fetch manifest typescript@>=3.8
1587 silly packumentCache full:https://registry.npmjs.org/typescript cache-miss
1588 http cache https://registry.npmjs.org/typescript 46ms (cache hit)
1589 silly packumentCache full:https://registry.npmjs.org/typescript set size:15480461 disposed:false
1590 silly placeDep ROOT @pmndrs/cannon-worker-api@2.4.0 OK for: @react-three/cannon@6.6.0 want: ^2.4.0
1591 silly placeDep ROOT cannon-es@0.20.0 OK for: @react-three/cannon@6.6.0 want: ^0.20.0
1592 silly placeDep ROOT cannon-es-debugger@1.0.0 OK for: @react-three/cannon@6.6.0 want: ^1.0.0
1593 silly fetch manifest @types/three@>=0.134.0
1594 silly packumentCache full:https://registry.npmjs.org/@types%2fthree cache-hit
1595 silly fetch manifest three@>=0.159
1596 silly packumentCache full:https://registry.npmjs.org/three cache-hit
1597 silly fetch manifest react@^19
1598 silly packumentCache full:https://registry.npmjs.org/react cache-miss
1599 http cache https://registry.npmjs.org/react 23ms (cache hit)
1600 silly packumentCache full:https://registry.npmjs.org/react set size:6830011 disposed:false
1601 silly placeDep ROOT @babel/runtime@7.29.7 OK for: @react-three/drei@10.0.8 want: ^7.26.0
1602 silly placeDep ROOT @mediapipe/tasks-vision@0.10.17 OK for: @react-three/drei@10.0.8 want: 0.10.17
1603 silly placeDep ROOT @monogrid/gainmap-js@3.4.0 OK for: @react-three/drei@10.0.8 want: ^3.0.6
1604 silly placeDep ROOT @use-gesture/react@10.3.1 OK for: @react-three/drei@10.0.8 want: ^10.3.1
1605 silly placeDep ROOT camera-controls@2.10.1 OK for: @react-three/drei@10.0.8 want: ^2.9.0
1606 silly placeDep ROOT cross-env@7.0.3 OK for: @react-three/drei@10.0.8 want: ^7.0.3
1607 silly placeDep ROOT detect-gpu@5.0.70 OK for: @react-three/drei@10.0.8 want: ^5.0.56
1608 silly placeDep ROOT glsl-noise@0.0.0 OK for: @react-three/drei@10.0.8 want: ^0.0.0
1609 silly placeDep ROOT hls.js@1.6.16 OK for: @react-three/drei@10.0.8 want: ^1.5.17
1610 silly placeDep ROOT maath@0.10.8 OK for: @react-three/drei@10.0.8 want: ^0.10.8
1611 silly placeDep ROOT meshline@3.3.1 OK for: @react-three/drei@10.0.8 want: ^3.3.1
1612 silly placeDep ROOT stats-gl@2.4.2 OK for: @react-three/drei@10.0.8 want: ^2.2.8
1613 silly placeDep ROOT stats.js@0.17.0 OK for: @react-three/drei@10.0.8 want: ^0.17.0
1614 silly placeDep ROOT suspend-react@0.1.3 OK for: @react-three/drei@10.0.8 want: ^0.1.3
1615 silly placeDep ROOT three-mesh-bvh@0.8.3 OK for: @react-three/drei@10.0.8 want: ^0.8.3
1616 silly placeDep ROOT three-stdlib@2.36.1 OK for: @react-three/drei@10.0.8 want: ^2.35.6
1617 silly placeDep ROOT troika-three-text@0.52.5 OK for: @react-three/drei@10.0.8 want: ^0.52.4
1618 silly placeDep ROOT tunnel-rat@0.1.2 OK for: @react-three/drei@10.0.8 want: ^0.1.2
1619 silly placeDep ROOT use-sync-external-store@1.6.0 OK for: @react-three/drei@10.0.8 want: ^1.4.0
1620 silly placeDep ROOT utility-types@3.11.0 OK for: @react-three/drei@10.0.8 want: ^3.11.0
1621 silly fetch manifest promise-worker-transferable@^1.0.4
1622 silly packumentCache full:https://registry.npmjs.org/promise-worker-transferable cache-miss
1623 silly fetch manifest @use-gesture/core@10.3.1
1624 silly packumentCache full:https://registry.npmjs.org/@use-gesture%2fcore cache-miss
1625 silly fetch manifest cross-spawn@^7.0.1
1626 silly packumentCache full:https://registry.npmjs.org/cross-spawn cache-hit
1627 silly fetch manifest webgl-constants@^1.1.1
1628 silly packumentCache full:https://registry.npmjs.org/webgl-constants cache-miss
1629 silly fetch manifest three@^0.170.0
1630 silly packumentCache full:https://registry.npmjs.org/three cache-hit
1631 silly fetch manifest @types/draco3d@^1.4.0
1632 silly packumentCache full:https://registry.npmjs.org/@types%2fdraco3d cache-miss
1633 silly fetch manifest @types/offscreencanvas@^2019.6.4
1634 silly packumentCache full:https://registry.npmjs.org/@types%2foffscreencanvas cache-miss
1635 silly fetch manifest @types/webxr@^0.5.2
1636 silly packumentCache full:https://registry.npmjs.org/@types%2fwebxr cache-hit
1637 silly fetch manifest draco3d@^1.4.1
1638 silly packumentCache full:https://registry.npmjs.org/draco3d cache-miss
1639 silly fetch manifest fflate@^0.6.9
1640 silly packumentCache full:https://registry.npmjs.org/fflate cache-hit
1641 silly fetch manifest potpack@^1.0.1
1642 silly packumentCache full:https://registry.npmjs.org/potpack cache-miss
1643 silly fetch manifest bidi-js@^1.0.2
1644 silly packumentCache full:https://registry.npmjs.org/bidi-js cache-miss
1645 silly fetch manifest troika-three-utils@^0.52.5
1646 silly packumentCache full:https://registry.npmjs.org/troika-three-utils cache-miss
1647 silly fetch manifest troika-worker-utils@^0.52.0
1648 silly packumentCache full:https://registry.npmjs.org/troika-worker-utils cache-miss
1649 silly fetch manifest webgl-sdf-generator@1.1.1
1650 silly packumentCache full:https://registry.npmjs.org/webgl-sdf-generator cache-miss
1651 silly fetch manifest zustand@^4.3.2
1652 silly packumentCache full:https://registry.npmjs.org/zustand cache-hit
1653 http cache https://registry.npmjs.org/webgl-constants 22ms (cache hit)
1654 silly packumentCache full:https://registry.npmjs.org/webgl-constants set size:38477 disposed:false
1655 http cache https://registry.npmjs.org/@types%2foffscreencanvas 23ms (cache hit)
1656 silly packumentCache full:https://registry.npmjs.org/@types%2foffscreencanvas set size:23312 disposed:false
1657 http cache https://registry.npmjs.org/@types%2fdraco3d 24ms (cache hit)
1658 silly packumentCache full:https://registry.npmjs.org/@types%2fdraco3d set size:20831 disposed:false
1659 http cache https://registry.npmjs.org/draco3d 53ms (cache hit)
1660 silly packumentCache full:https://registry.npmjs.org/draco3d set size:62198 disposed:false
1661 http cache https://registry.npmjs.org/potpack 54ms (cache hit)
1662 silly packumentCache full:https://registry.npmjs.org/potpack set size:14910 disposed:false
1663 http cache https://registry.npmjs.org/bidi-js 56ms (cache hit)
1664 silly packumentCache full:https://registry.npmjs.org/bidi-js set size:17389 disposed:false
1665 http cache https://registry.npmjs.org/@use-gesture%2fcore 61ms (cache hit)
1666 silly packumentCache full:https://registry.npmjs.org/@use-gesture%2fcore set size:167010 disposed:false
1667 http cache https://registry.npmjs.org/troika-worker-utils 60ms (cache hit)
1668 silly packumentCache full:https://registry.npmjs.org/troika-worker-utils set size:119961 disposed:false
1669 http cache https://registry.npmjs.org/troika-three-utils 63ms (cache hit)
1670 silly packumentCache full:https://registry.npmjs.org/troika-three-utils set size:116350 disposed:false
1671 http cache https://registry.npmjs.org/webgl-sdf-generator 64ms (cache hit)
1672 silly packumentCache full:https://registry.npmjs.org/webgl-sdf-generator set size:17316 disposed:false
1673 http cache https://registry.npmjs.org/promise-worker-transferable 70ms (cache hit)
1674 silly packumentCache full:https://registry.npmjs.org/promise-worker-transferable set size:20096 disposed:false
1675 silly placeDep ROOT promise-worker-transferable@1.0.4 OK for: @monogrid/gainmap-js@3.4.0 want: ^1.0.4
1676 silly fetch manifest is-promise@^2.1.0
1677 silly packumentCache full:https://registry.npmjs.org/is-promise cache-miss
1678 silly fetch manifest lie@^3.0.2
1679 silly packumentCache full:https://registry.npmjs.org/lie cache-miss
1680 http cache https://registry.npmjs.org/is-promise 4ms (cache hit)
1681 silly packumentCache full:https://registry.npmjs.org/is-promise set size:18599 disposed:false
1682 http cache https://registry.npmjs.org/lie 5ms (cache hit)
1683 silly packumentCache full:https://registry.npmjs.org/lie set size:93874 disposed:false
1684 silly fetch manifest react@^19.0.0
1685 silly packumentCache full:https://registry.npmjs.org/react cache-miss
1686 http cache https://registry.npmjs.org/react 19ms (cache hit)
1687 silly packumentCache full:https://registry.npmjs.org/react set size:6830011 disposed:false
1688 silly fetch manifest react-dom@^19.0.0
1689 silly packumentCache full:https://registry.npmjs.org/react-dom cache-miss
1690 http cache https://registry.npmjs.org/react-dom 47ms (cache hit)
1691 silly packumentCache full:https://registry.npmjs.org/react-dom set size:9160340 disposed:false
1692 silly placeDep ROOT @types/react-reconciler@0.28.9 OK for: @react-three/fiber@9.1.4 want: ^0.28.9
1693 silly placeDep ROOT @types/webxr@0.5.24 OK for: @react-three/fiber@9.1.4 want: *
1694 silly placeDep ROOT base64-js@1.5.1 OK for: @react-three/fiber@9.1.4 want: ^1.5.1
1695 silly placeDep ROOT buffer@6.0.3 OK for: @react-three/fiber@9.1.4 want: ^6.0.3
1696 silly placeDep ROOT its-fine@2.0.0 OK for: @react-three/fiber@9.1.4 want: ^2.0.0
1697 silly placeDep ROOT react-reconciler@0.31.0 OK for: @react-three/fiber@9.1.4 want: ^0.31.0
1698 silly placeDep ROOT react-use-measure@2.1.7 OK for: @react-three/fiber@9.1.4 want: ^2.1.7
1699 silly placeDep ROOT scheduler@0.25.0 OK for: @react-three/fiber@9.1.4 want: ^0.25.0
1700 silly fetch manifest ieee754@^1.2.1
1701 silly packumentCache full:https://registry.npmjs.org/ieee754 cache-miss
1702 http cache https://registry.npmjs.org/ieee754 10ms (cache hit)
1703 silly packumentCache full:https://registry.npmjs.org/ieee754 set size:34910 disposed:false
1704 silly placeDep ROOT lodash.castarray@4.4.0 OK for: @tailwindcss/typography@0.5.10 want: ^4.4.0
1705 silly placeDep ROOT lodash.isplainobject@4.0.6 OK for: @tailwindcss/typography@0.5.10 want: ^4.0.6
1706 silly placeDep ROOT lodash.merge@4.6.2 OK for: @tailwindcss/typography@0.5.10 want: ^4.6.2
1707 silly placeDep ROOT postcss-selector-parser@6.0.10 OK for: @tailwindcss/typography@0.5.10 want: 6.0.10
1708 silly fetch manifest cssesc@^3.0.0
1709 silly packumentCache full:https://registry.npmjs.org/cssesc cache-miss
1710 silly fetch manifest util-deprecate@^1.0.2
1711 silly packumentCache full:https://registry.npmjs.org/util-deprecate cache-miss
1712 http cache https://registry.npmjs.org/util-deprecate 4ms (cache hit)
1713 silly packumentCache full:https://registry.npmjs.org/util-deprecate set size:6674 disposed:false
1714 http cache https://registry.npmjs.org/cssesc 7ms (cache hit)
1715 silly packumentCache full:https://registry.npmjs.org/cssesc set size:18815 disposed:false
1716 silly placeDep ROOT @tanstack/query-core@5.101.4 OK for: @tanstack/react-query@5.101.4 want: 5.101.4
1717 silly fetch manifest react@>=18.0.0 || >=19.0.0
1718 silly packumentCache full:https://registry.npmjs.org/react cache-miss
1719 http cache https://registry.npmjs.org/react 24ms (cache hit)
1720 silly packumentCache full:https://registry.npmjs.org/react set size:6830011 disposed:false
1721 silly fetch manifest react-dom@>=18.0.0 || >=19.0.0
1722 silly packumentCache full:https://registry.npmjs.org/react-dom cache-miss
1723 http cache https://registry.npmjs.org/react-dom 42ms (cache hit)
1724 silly packumentCache full:https://registry.npmjs.org/react-dom set size:9160340 disposed:false
1725 silly placeDep ROOT @tanstack/history@1.131.2 OK for: @tanstack/react-router@1.131.50 want: 1.131.2
1726 silly placeDep ROOT @tanstack/react-store@0.7.7 OK for: @tanstack/react-router@1.131.50 want: ^0.7.0
1727 silly placeDep ROOT @tanstack/router-core@1.131.50 OK for: @tanstack/react-router@1.131.50 want: 1.131.50
1728 silly placeDep ROOT isbot@5.2.1 OK for: @tanstack/react-router@1.131.50 want: ^5.1.22
1729 silly placeDep ROOT tiny-invariant@1.3.3 OK for: @tanstack/react-router@1.131.50 want: ^1.3.3
1730 silly placeDep ROOT tiny-warning@1.0.3 OK for: @tanstack/react-router@1.131.50 want: ^1.0.3
1731 silly fetch manifest @tanstack/store@0.7.7
1732 silly packumentCache full:https://registry.npmjs.org/@tanstack%2fstore cache-miss
1733 silly fetch manifest seroval@^1.3.2
1734 silly packumentCache full:https://registry.npmjs.org/seroval cache-miss
1735 silly fetch manifest cookie-es@^1.2.2
1736 silly packumentCache full:https://registry.npmjs.org/cookie-es cache-miss
1737 silly fetch manifest @tanstack/store@^0.7.0
1738 silly packumentCache full:https://registry.npmjs.org/@tanstack%2fstore cache-miss
1739 silly fetch manifest seroval-plugins@^1.3.2
1740 silly packumentCache full:https://registry.npmjs.org/seroval-plugins cache-miss
1741 http cache https://registry.npmjs.org/@tanstack%2fstore 10ms (cache hit)
1742 silly packumentCache full:https://registry.npmjs.org/@tanstack%2fstore set size:166796 disposed:false
1743 http cache https://registry.npmjs.org/seroval 13ms (cache hit)
1744 silly packumentCache full:https://registry.npmjs.org/seroval set size:214734 disposed:false
1745 http cache https://registry.npmjs.org/cookie-es 18ms (cache hit)
1746 silly packumentCache full:https://registry.npmjs.org/cookie-es set size:30011 disposed:false
1747 http cache https://registry.npmjs.org/seroval-plugins 19ms (cache hit)
1748 silly packumentCache full:https://registry.npmjs.org/seroval-plugins set size:61806 disposed:false
1749 http cache https://registry.npmjs.org/@tanstack%2fstore 22ms (cache hit)
1750 silly packumentCache full:https://registry.npmjs.org/@tanstack%2fstore set size:166796 disposed:false
1751 silly packumentCache full:https://registry.npmjs.org/@tanstack%2fstore dispose
1752 silly placeDep ROOT @tanstack/store@0.7.7 OK for: @tanstack/react-store@0.7.7 want: 0.7.7
1753 silly placeDep ROOT cookie-es@1.2.3 OK for: @tanstack/router-core@1.131.50 want: ^1.2.2
1754 silly placeDep ROOT seroval@1.5.6 OK for: @tanstack/router-core@1.131.50 want: ^1.3.2
1755 silly placeDep ROOT seroval-plugins@1.5.6 OK for: @tanstack/router-core@1.131.50 want: ^1.3.2
1756 silly placeDep ROOT undici-types@6.21.0 OK for: @types/node@20.19.43 want: ~6.21.0
1757 silly placeDep ROOT csstype@3.2.3 OK for: @types/react@19.1.17 want: ^3.0.2
1758 silly placeDep ROOT @dimforge/rapier3d-compat@0.12.0 OK for: @types/three@0.176.0 want: ^0.12.0
1759 silly placeDep ROOT @tweenjs/tween.js@23.1.3 OK for: @types/three@0.176.0 want: ~23.1.3
1760 silly placeDep ROOT @types/stats.js@0.17.4 OK for: @types/three@0.176.0 want: *
1761 silly placeDep ROOT @webgpu/types@0.1.71 OK for: @types/three@0.176.0 want: *
1762 silly placeDep ROOT fflate@0.8.3 OK for: @types/three@0.176.0 want: ~0.8.2
1763 silly placeDep ROOT meshoptimizer@0.18.1 OK for: @types/three@0.176.0 want: ~0.18.1
1764 silly placeDep ROOT @use-gesture/core@10.3.1 OK for: @use-gesture/react@10.3.1 want: 10.3.1
1765 silly placeDep ROOT @babel/core@7.29.7 OK for: @vitejs/plugin-react@4.7.0 want: ^7.28.0
1766 silly placeDep ROOT @babel/plugin-transform-react-jsx-self@7.29.7 OK for: @vitejs/plugin-react@4.7.0 want: ^7.27.1
1767 silly placeDep ROOT @babel/plugin-transform-react-jsx-source@7.29.7 OK for: @vitejs/plugin-react@4.7.0 want: ^7.27.1
1768 silly placeDep ROOT @rolldown/pluginutils@1.0.0-beta.27 OK for: @vitejs/plugin-react@4.7.0 want: 1.0.0-beta.27
1769 silly placeDep ROOT @types/babel__core@7.20.5 OK for: @vitejs/plugin-react@4.7.0 want: ^7.20.5
1770 silly placeDep ROOT react-refresh@0.17.0 OK for: @vitejs/plugin-react@4.7.0 want: ^0.17.0
1771 silly fetch manifest debug@^4.1.0
1772 silly packumentCache full:https://registry.npmjs.org/debug cache-miss
1773 silly fetch manifest json5@^2.2.3
1774 silly packumentCache full:https://registry.npmjs.org/json5 cache-miss
1775 silly fetch manifest semver@^6.3.1
1776 silly packumentCache full:https://registry.npmjs.org/semver cache-miss
1777 silly fetch manifest gensync@^1.0.0-beta.2
1778 silly packumentCache full:https://registry.npmjs.org/gensync cache-miss
1779 silly fetch manifest @babel/types@^7.29.7
1780 silly packumentCache full:https://registry.npmjs.org/@babel%2ftypes cache-miss
1781 silly fetch manifest @babel/parser@^7.29.7
1782 silly packumentCache full:https://registry.npmjs.org/@babel%2fparser cache-miss
1783 silly fetch manifest @babel/helpers@^7.29.7
1784 silly packumentCache full:https://registry.npmjs.org/@babel%2fhelpers cache-miss
1785 silly fetch manifest @babel/template@^7.29.7
1786 silly packumentCache full:https://registry.npmjs.org/@babel%2ftemplate cache-miss
1787 silly fetch manifest @babel/traverse@^7.29.7
1788 silly packumentCache full:https://registry.npmjs.org/@babel%2ftraverse cache-miss
1789 silly fetch manifest @babel/generator@^7.29.7
1790 silly packumentCache full:https://registry.npmjs.org/@babel%2fgenerator cache-miss
1791 silly fetch manifest @babel/code-frame@^7.29.7
1792 silly packumentCache full:https://registry.npmjs.org/@babel%2fcode-frame cache-miss
1793 silly fetch manifest convert-source-map@^2.0.0
1794 silly packumentCache full:https://registry.npmjs.org/convert-source-map cache-miss
1795 silly fetch manifest @jridgewell/remapping@^2.3.5
1796 silly packumentCache full:https://registry.npmjs.org/@jridgewell%2fremapping cache-miss
1797 silly fetch manifest @babel/helper-module-transforms@^7.29.7
1798 silly packumentCache full:https://registry.npmjs.org/@babel%2fhelper-module-transforms cache-miss
1799 silly fetch manifest @babel/helper-compilation-targets@^7.29.7
1800 silly packumentCache full:https://registry.npmjs.org/@babel%2fhelper-compilation-targets cache-miss
1801 silly fetch manifest @babel/helper-plugin-utils@^7.29.7
1802 silly packumentCache full:https://registry.npmjs.org/@babel%2fhelper-plugin-utils cache-miss
1803 silly fetch manifest @babel/helper-plugin-utils@^7.29.7
1804 silly packumentCache full:https://registry.npmjs.org/@babel%2fhelper-plugin-utils cache-miss
1805 silly fetch manifest @babel/types@^7.20.7
1806 silly packumentCache full:https://registry.npmjs.org/@babel%2ftypes cache-miss
1807 silly fetch manifest @babel/parser@^7.20.7
1808 silly packumentCache full:https://registry.npmjs.org/@babel%2fparser cache-miss
1809 silly fetch manifest @types/babel__template@*
1810 silly packumentCache full:https://registry.npmjs.org/@types%2fbabel__template cache-miss
1811 silly fetch manifest @types/babel__traverse@*
1812 silly packumentCache full:https://registry.npmjs.org/@types%2fbabel__traverse cache-miss
1813 silly fetch manifest @types/babel__generator@*
1814 silly packumentCache full:https://registry.npmjs.org/@types%2fbabel__generator cache-miss
1815 http cache https://registry.npmjs.org/gensync 36ms (cache hit)
1816 silly packumentCache full:https://registry.npmjs.org/gensync set size:15068 disposed:false
1817 http cache https://registry.npmjs.org/semver 39ms (cache hit)
1818 silly packumentCache full:https://registry.npmjs.org/semver set size:246069 disposed:false
1819 http cache https://registry.npmjs.org/json5 85ms (cache hit)
1820 silly packumentCache full:https://registry.npmjs.org/json5 set size:86136 disposed:false
1821 http cache https://registry.npmjs.org/@babel%2ftemplate 87ms (cache hit)
1822 silly packumentCache full:https://registry.npmjs.org/@babel%2ftemplate set size:237074 disposed:false
1823 http cache https://registry.npmjs.org/@babel%2ftypes 94ms (cache hit)
1824 silly packumentCache full:https://registry.npmjs.org/@babel%2ftypes set size:500625 disposed:false
1825 http cache https://registry.npmjs.org/@babel%2ftraverse 103ms (cache hit)
1826 silly packumentCache full:https://registry.npmjs.org/@babel%2ftraverse set size:562384 disposed:false
1827 http cache https://registry.npmjs.org/@babel%2fhelpers 112ms (cache hit)
1828 silly packumentCache full:https://registry.npmjs.org/@babel%2fhelpers set size:398496 disposed:false
1829 http cache https://registry.npmjs.org/@babel%2fgenerator 123ms (cache hit)
1830 silly packumentCache full:https://registry.npmjs.org/@babel%2fgenerator set size:520504 disposed:false
1831 http cache https://registry.npmjs.org/@jridgewell%2fremapping 129ms (cache hit)
1832 silly packumentCache full:https://registry.npmjs.org/@jridgewell%2fremapping set size:23809 disposed:false
1833 http cache https://registry.npmjs.org/convert-source-map 131ms (cache hit)
1834 silly packumentCache full:https://registry.npmjs.org/convert-source-map set size:66997 disposed:false
1835 http cache https://registry.npmjs.org/@babel%2fhelper-compilation-targets 132ms (cache hit)
1836 silly packumentCache full:https://registry.npmjs.org/@babel%2fhelper-compilation-targets set size:229541 disposed:false
1837 http cache https://registry.npmjs.org/@babel%2fhelper-module-transforms 137ms (cache hit)
1838 silly packumentCache full:https://registry.npmjs.org/@babel%2fhelper-module-transforms set size:346454 disposed:false
1839 http cache https://registry.npmjs.org/@babel%2fhelper-plugin-utils 142ms (cache hit)
1840 silly packumentCache full:https://registry.npmjs.org/@babel%2fhelper-plugin-utils set size:175564 disposed:false
1841 http cache https://registry.npmjs.org/@types%2fbabel__template 144ms (cache hit)
1842 silly packumentCache full:https://registry.npmjs.org/@types%2fbabel__template set size:22631 disposed:false
1843 http cache https://registry.npmjs.org/@babel%2ftypes 165ms (cache hit)
1844 silly packumentCache full:https://registry.npmjs.org/@babel%2ftypes set size:500625 disposed:false
1845 silly packumentCache full:https://registry.npmjs.org/@babel%2ftypes dispose
1846 http cache https://registry.npmjs.org/@babel%2fparser 181ms (cache hit)
1847 silly packumentCache full:https://registry.npmjs.org/@babel%2fparser set size:735431 disposed:false
1848 http cache https://registry.npmjs.org/@types%2fbabel__traverse 193ms (cache hit)
1849 silly packumentCache full:https://registry.npmjs.org/@types%2fbabel__traverse set size:107819 disposed:false
1850 http cache https://registry.npmjs.org/@babel%2fparser 199ms (cache hit)
1851 silly packumentCache full:https://registry.npmjs.org/@babel%2fparser set size:735431 disposed:false
1852 silly packumentCache full:https://registry.npmjs.org/@babel%2fparser dispose
1853 http cache https://registry.npmjs.org/@babel%2fhelper-plugin-utils 215ms (cache hit)
1854 silly packumentCache full:https://registry.npmjs.org/@babel%2fhelper-plugin-utils set size:175564 disposed:false
1855 silly packumentCache full:https://registry.npmjs.org/@babel%2fhelper-plugin-utils dispose
1856 http cache https://registry.npmjs.org/@babel%2fcode-frame 220ms (cache hit)
1857 silly packumentCache full:https://registry.npmjs.org/@babel%2fcode-frame set size:206617 disposed:false
1858 http cache https://registry.npmjs.org/@types%2fbabel__generator 221ms (cache hit)
1859 silly packumentCache full:https://registry.npmjs.org/@types%2fbabel__generator set size:31587 disposed:false
1860 http cache https://registry.npmjs.org/debug 274ms (cache hit)
1861 silly packumentCache full:https://registry.npmjs.org/debug set size:195840 disposed:false
1862 silly fetch manifest @babel/core@^7.0.0
1863 silly packumentCache full:https://registry.npmjs.org/@babel%2fcore cache-hit
1864 silly placeDep ROOT @babel/code-frame@7.29.7 OK for: @babel/core@7.29.7 want: ^7.29.7
1865 silly placeDep ROOT @babel/generator@7.29.7 OK for: @babel/core@7.29.7 want: ^7.29.7
1866 silly placeDep ROOT @babel/helper-compilation-targets@7.29.7 OK for: @babel/core@7.29.7 want: ^7.29.7
1867 silly placeDep ROOT @babel/helper-module-transforms@7.29.7 OK for: @babel/core@7.29.7 want: ^7.29.7
1868 silly placeDep ROOT @babel/helpers@7.29.7 OK for: @babel/core@7.29.7 want: ^7.29.7
1869 silly placeDep ROOT @babel/parser@7.29.7 OK for: @babel/core@7.29.7 want: ^7.29.7
1870 silly placeDep ROOT @babel/template@7.29.7 OK for: @babel/core@7.29.7 want: ^7.29.7
1871 silly placeDep ROOT @babel/traverse@7.29.7 OK for: @babel/core@7.29.7 want: ^7.29.7
1872 silly placeDep ROOT @babel/types@7.29.7 OK for: @babel/core@7.29.7 want: ^7.29.7
1873 silly placeDep ROOT @jridgewell/remapping@2.3.5 OK for: @babel/core@7.29.7 want: ^2.3.5
1874 silly placeDep ROOT convert-source-map@2.0.0 OK for: @babel/core@7.29.7 want: ^2.0.0
1875 silly placeDep ROOT debug@4.4.3 OK for: @babel/core@7.29.7 want: ^4.1.0
1876 silly placeDep ROOT gensync@1.0.0-beta.2 OK for: @babel/core@7.29.7 want: ^1.0.0-beta.2
1877 silly placeDep ROOT json5@2.2.3 OK for: @babel/core@7.29.7 want: ^2.2.3
1878 silly placeDep ROOT semver@6.3.1 OK for: @babel/core@7.29.7 want: ^6.3.1
1879 silly fetch manifest js-tokens@^4.0.0
1880 silly packumentCache full:https://registry.npmjs.org/js-tokens cache-miss
1881 silly fetch manifest @babel/helper-validator-identifier@^7.29.7
1882 silly packumentCache full:https://registry.npmjs.org/@babel%2fhelper-validator-identifier cache-miss
1883 silly fetch manifest jsesc@^3.0.2
1884 silly packumentCache full:https://registry.npmjs.org/jsesc cache-miss
1885 silly fetch manifest @jridgewell/gen-mapping@^0.3.12
1886 silly packumentCache full:https://registry.npmjs.org/@jridgewell%2fgen-mapping cache-miss
1887 silly fetch manifest @jridgewell/trace-mapping@^0.3.28
1888 silly packumentCache full:https://registry.npmjs.org/@jridgewell%2ftrace-mapping cache-miss
1889 silly fetch manifest lru-cache@^5.1.1
1890 silly packumentCache full:https://registry.npmjs.org/lru-cache cache-miss
1891 silly fetch manifest browserslist@^4.24.0
1892 silly packumentCache full:https://registry.npmjs.org/browserslist cache-hit
1893 silly fetch manifest @babel/compat-data@^7.29.7
1894 silly packumentCache full:https://registry.npmjs.org/@babel%2fcompat-data cache-miss
1895 silly fetch manifest @babel/helper-validator-option@^7.29.7
1896 silly packumentCache full:https://registry.npmjs.org/@babel%2fhelper-validator-option cache-miss
1897 silly fetch manifest @babel/helper-module-imports@^7.29.7
1898 silly packumentCache full:https://registry.npmjs.org/@babel%2fhelper-module-imports cache-miss
1899 silly fetch manifest @babel/helper-validator-identifier@^7.29.7
1900 silly packumentCache full:https://registry.npmjs.org/@babel%2fhelper-validator-identifier cache-miss
1901 silly fetch manifest debug@^4.3.1
1902 silly packumentCache full:https://registry.npmjs.org/debug cache-hit
1903 silly fetch manifest @babel/helper-globals@^7.29.7
1904 silly packumentCache full:https://registry.npmjs.org/@babel%2fhelper-globals cache-miss
1905 silly fetch manifest @babel/helper-string-parser@^7.29.7
1906 silly packumentCache full:https://registry.npmjs.org/@babel%2fhelper-string-parser cache-miss
1907 silly fetch manifest @babel/helper-validator-identifier@^7.29.7
1908 silly packumentCache full:https://registry.npmjs.org/@babel%2fhelper-validator-identifier cache-miss
1909 silly fetch manifest @jridgewell/gen-mapping@^0.3.5
1910 silly packumentCache full:https://registry.npmjs.org/@jridgewell%2fgen-mapping cache-miss
1911 silly fetch manifest @jridgewell/trace-mapping@^0.3.24
1912 silly packumentCache full:https://registry.npmjs.org/@jridgewell%2ftrace-mapping cache-miss
1913 silly fetch manifest ms@^2.1.3
1914 silly packumentCache full:https://registry.npmjs.org/ms cache-miss
1915 http cache https://registry.npmjs.org/@jridgewell%2fgen-mapping 79ms (cache hit)
1916 silly packumentCache full:https://registry.npmjs.org/@jridgewell%2fgen-mapping set size:75941 disposed:false
1917 http cache https://registry.npmjs.org/@babel%2fhelper-validator-identifier 84ms (cache hit)
1918 silly packumentCache full:https://registry.npmjs.org/@babel%2fhelper-validator-identifier set size:130133 disposed:false
1919 http cache https://registry.npmjs.org/js-tokens 89ms (cache hit)
1920 silly packumentCache full:https://registry.npmjs.org/js-tokens set size:41947 disposed:false
1921 http cache https://registry.npmjs.org/jsesc 95ms (cache hit)
1922 silly packumentCache full:https://registry.npmjs.org/jsesc set size:61512 disposed:false
1923 http cache https://registry.npmjs.org/@jridgewell%2ftrace-mapping 95ms (cache hit)
1924 silly packumentCache full:https://registry.npmjs.org/@jridgewell%2ftrace-mapping set size:170909 disposed:false
1925 http cache https://registry.npmjs.org/@babel%2fhelper-validator-option 96ms (cache hit)
1926 silly packumentCache full:https://registry.npmjs.org/@babel%2fhelper-validator-option set size:101303 disposed:false
1927 http cache https://registry.npmjs.org/lru-cache 100ms (cache hit)
1928 silly packumentCache full:https://registry.npmjs.org/lru-cache set size:460407 disposed:false
1929 http cache https://registry.npmjs.org/@babel%2fcompat-data 109ms (cache hit)
1930 silly packumentCache full:https://registry.npmjs.org/@babel%2fcompat-data set size:318807 disposed:false
1931 http cache https://registry.npmjs.org/@babel%2fhelper-string-parser 105ms (cache hit)
1932 silly packumentCache full:https://registry.npmjs.org/@babel%2fhelper-string-parser set size:91563 disposed:false
1933 http cache https://registry.npmjs.org/@babel%2fhelper-validator-identifier 106ms (cache hit)
1934 silly packumentCache full:https://registry.npmjs.org/@babel%2fhelper-validator-identifier set size:130133 disposed:false
1935 silly packumentCache full:https://registry.npmjs.org/@babel%2fhelper-validator-identifier dispose
1936 http cache https://registry.npmjs.org/@jridgewell%2fgen-mapping 107ms (cache hit)
1937 silly packumentCache full:https://registry.npmjs.org/@jridgewell%2fgen-mapping set size:75941 disposed:false
1938 silly packumentCache full:https://registry.npmjs.org/@jridgewell%2fgen-mapping dispose
1939 http cache https://registry.npmjs.org/@babel%2fhelper-validator-identifier 117ms (cache hit)
1940 silly packumentCache full:https://registry.npmjs.org/@babel%2fhelper-validator-identifier set size:130133 disposed:true
1941 silly packumentCache full:https://registry.npmjs.org/@babel%2fhelper-validator-identifier dispose
1942 http cache https://registry.npmjs.org/@babel%2fhelper-globals 114ms (cache hit)
1943 silly packumentCache full:https://registry.npmjs.org/@babel%2fhelper-globals set size:25155 disposed:false
1944 http cache https://registry.npmjs.org/@babel%2fhelper-module-imports 121ms (cache hit)
1945 silly packumentCache full:https://registry.npmjs.org/@babel%2fhelper-module-imports set size:203392 disposed:false
1946 http cache https://registry.npmjs.org/ms 133ms (cache hit)
1947 silly packumentCache full:https://registry.npmjs.org/ms set size:92208 disposed:false
1948 http cache https://registry.npmjs.org/@jridgewell%2ftrace-mapping 137ms (cache hit)
1949 silly packumentCache full:https://registry.npmjs.org/@jridgewell%2ftrace-mapping set size:170909 disposed:false
1950 silly packumentCache full:https://registry.npmjs.org/@jridgewell%2ftrace-mapping dispose
1951 silly placeDep ROOT @babel/helper-validator-identifier@7.29.7 OK for: @babel/code-frame@7.29.7 want: ^7.29.7
1952 silly placeDep ROOT js-tokens@4.0.0 OK for: @babel/code-frame@7.29.7 want: ^4.0.0
1953 silly placeDep ROOT picocolors@1.1.1 OK for: @babel/code-frame@7.29.7 want: ^1.1.1
1954 silly placeDep ROOT @jridgewell/gen-mapping@0.3.13 OK for: @babel/generator@7.29.7 want: ^0.3.12
1955 silly placeDep ROOT @jridgewell/trace-mapping@0.3.31 OK for: @babel/generator@7.29.7 want: ^0.3.28
1956 silly placeDep ROOT jsesc@3.1.0 OK for: @babel/generator@7.29.7 want: ^3.0.2
1957 silly fetch manifest @jridgewell/sourcemap-codec@^1.5.0
1958 silly packumentCache full:https://registry.npmjs.org/@jridgewell%2fsourcemap-codec cache-miss
1959 silly fetch manifest @jridgewell/resolve-uri@^3.1.0
1960 silly packumentCache full:https://registry.npmjs.org/@jridgewell%2fresolve-uri cache-miss
1961 silly fetch manifest @jridgewell/sourcemap-codec@^1.4.14
1962 silly packumentCache full:https://registry.npmjs.org/@jridgewell%2fsourcemap-codec cache-miss
1963 http cache https://registry.npmjs.org/@jridgewell%2fresolve-uri 6ms (cache hit)
1964 silly packumentCache full:https://registry.npmjs.org/@jridgewell%2fresolve-uri set size:57361 disposed:false
1965 http cache https://registry.npmjs.org/@jridgewell%2fsourcemap-codec 9ms (cache hit)
1966 silly packumentCache full:https://registry.npmjs.org/@jridgewell%2fsourcemap-codec set size:51856 disposed:false
1967 http cache https://registry.npmjs.org/@jridgewell%2fsourcemap-codec 9ms (cache hit)
1968 silly packumentCache full:https://registry.npmjs.org/@jridgewell%2fsourcemap-codec set size:51856 disposed:false
1969 silly packumentCache full:https://registry.npmjs.org/@jridgewell%2fsourcemap-codec dispose
1970 silly placeDep ROOT @babel/compat-data@7.29.7 OK for: @babel/helper-compilation-targets@7.29.7 want: ^7.29.7
1971 silly placeDep ROOT @babel/helper-validator-option@7.29.7 OK for: @babel/helper-compilation-targets@7.29.7 want: ^7.29.7
1972 silly placeDep ROOT browserslist@4.28.7 OK for: @babel/helper-compilation-targets@7.29.7 want: ^4.24.0
1973 silly placeDep ROOT lru-cache@5.1.1 OK for: @babel/helper-compilation-targets@7.29.7 want: ^5.1.1
1974 silly fetch manifest node-releases@^2.0.51
1975 silly packumentCache full:https://registry.npmjs.org/node-releases cache-miss
1976 silly fetch manifest electron-to-chromium@^1.5.393
1977 silly packumentCache full:https://registry.npmjs.org/electron-to-chromium cache-miss
1978 silly fetch manifest update-browserslist-db@^1.2.3
1979 silly packumentCache full:https://registry.npmjs.org/update-browserslist-db cache-miss
1980 silly fetch manifest baseline-browser-mapping@^2.10.44
1981 silly packumentCache full:https://registry.npmjs.org/baseline-browser-mapping cache-miss
1982 silly fetch manifest yallist@^3.0.2
1983 silly packumentCache full:https://registry.npmjs.org/yallist cache-miss
1984 http cache https://registry.npmjs.org/node-releases 11ms (cache hit)
1985 silly packumentCache full:https://registry.npmjs.org/node-releases set size:290209 disposed:false
1986 http cache https://registry.npmjs.org/update-browserslist-db 16ms (cache hit)
1987 silly packumentCache full:https://registry.npmjs.org/update-browserslist-db set size:62000 disposed:false
1988 http cache https://registry.npmjs.org/baseline-browser-mapping 19ms (cache hit)
1989 silly packumentCache full:https://registry.npmjs.org/baseline-browser-mapping set size:556588 disposed:false
1990 http cache https://registry.npmjs.org/electron-to-chromium 38ms (cache hit)
1991 silly packumentCache full:https://registry.npmjs.org/electron-to-chromium set size:4874832 disposed:false
1992 http cache https://registry.npmjs.org/yallist 112ms (cache hit)
1993 silly packumentCache full:https://registry.npmjs.org/yallist set size:34610 disposed:false
1994 silly placeDep ROOT @babel/helper-module-imports@7.29.7 OK for: @babel/helper-module-transforms@7.29.7 want: ^7.29.7
1995 silly placeDep ROOT @babel/helper-plugin-utils@7.29.7 OK for: @babel/plugin-transform-react-jsx-self@7.29.7 want: ^7.29.7
1996 silly placeDep ROOT @babel/helper-globals@7.29.7 OK for: @babel/traverse@7.29.7 want: ^7.29.7
1997 silly placeDep ROOT @babel/helper-string-parser@7.29.7 OK for: @babel/types@7.29.7 want: ^7.29.7
1998 silly placeDep ROOT @jridgewell/sourcemap-codec@1.5.5 OK for: @jridgewell/gen-mapping@0.3.13 want: ^1.5.0
1999 silly placeDep ROOT @jridgewell/resolve-uri@3.1.2 OK for: @jridgewell/trace-mapping@0.3.31 want: ^3.1.0
2000 silly placeDep ROOT @types/babel__generator@7.27.0 OK for: @types/babel__core@7.20.5 want: *
2001 silly placeDep ROOT @types/babel__template@7.4.4 OK for: @types/babel__core@7.20.5 want: *
2002 silly placeDep ROOT @types/babel__traverse@7.28.0 OK for: @types/babel__core@7.20.5 want: *
2003 silly placeDep ROOT tslib@2.8.1 OK for: aria-hidden@1.2.6 want: ^2.0.0
2004 silly placeDep ROOT caniuse-lite@1.0.30001806 OK for: autoprefixer@10.5.4 want: ^1.0.30001806
2005 silly placeDep ROOT fraction.js@5.3.4 OK for: autoprefixer@10.5.4 want: ^5.3.4
2006 silly placeDep ROOT postcss-value-parser@4.2.0 OK for: autoprefixer@10.5.4 want: ^4.2.0
2007 silly fetch manifest browserslist@>= 4.21.0
2008 silly packumentCache full:https://registry.npmjs.org/browserslist cache-hit
2009 silly placeDep ROOT baseline-browser-mapping@2.11.4 OK for: browserslist@4.28.7 want: ^2.10.44
2010 silly placeDep ROOT electron-to-chromium@1.5.396 OK for: browserslist@4.28.7 want: ^1.5.393
2011 silly placeDep ROOT node-releases@2.0.51 OK for: browserslist@4.28.7 want: ^2.0.51
2012 silly placeDep ROOT update-browserslist-db@1.2.3 OK for: browserslist@4.28.7 want: ^1.2.3
2013 silly fetch manifest escalade@^3.2.0
2014 silly packumentCache full:https://registry.npmjs.org/escalade cache-miss
2015 http cache https://registry.npmjs.org/escalade 9ms (cache hit)
2016 silly packumentCache full:https://registry.npmjs.org/escalade set size:33724 disposed:false
2017 silly placeDep ROOT ieee754@1.2.1 OK for: buffer@6.0.3 want: ^1.2.1
2018 silly placeDep ROOT cross-spawn@7.0.6 OK for: cross-env@7.0.3 want: ^7.0.1
2019 silly fetch manifest which@^2.0.1
2020 silly packumentCache full:https://registry.npmjs.org/which cache-miss
2021 silly fetch manifest path-key@^3.1.0
2022 silly packumentCache full:https://registry.npmjs.org/path-key cache-miss
2023 silly fetch manifest shebang-command@^2.0.0
2024 silly packumentCache full:https://registry.npmjs.org/shebang-command cache-miss
2025 http cache https://registry.npmjs.org/which 5ms (cache hit)
2026 silly packumentCache full:https://registry.npmjs.org/which set size:70087 disposed:false
2027 http cache https://registry.npmjs.org/shebang-command 7ms (cache hit)
2028 silly packumentCache full:https://registry.npmjs.org/shebang-command set size:8525 disposed:false
2029 http cache https://registry.npmjs.org/path-key 8ms (cache hit)
2030 silly packumentCache full:https://registry.npmjs.org/path-key set size:16975 disposed:false
2031 silly placeDep ROOT path-key@3.1.1 OK for: cross-spawn@7.0.6 want: ^3.1.0
2032 silly placeDep ROOT shebang-command@2.0.0 OK for: cross-spawn@7.0.6 want: ^2.0.0
2033 silly placeDep ROOT which@2.0.2 OK for: cross-spawn@7.0.6 want: ^2.0.1
2034 silly fetch manifest shebang-regex@^3.0.0
2035 silly packumentCache full:https://registry.npmjs.org/shebang-regex cache-miss
2036 silly fetch manifest isexe@^2.0.0
2037 silly packumentCache full:https://registry.npmjs.org/isexe cache-miss
2038 http cache https://registry.npmjs.org/shebang-regex 3ms (cache hit)
2039 silly packumentCache full:https://registry.npmjs.org/shebang-regex set size:9763 disposed:false
2040 http cache https://registry.npmjs.org/isexe 5ms (cache hit)
2041 silly packumentCache full:https://registry.npmjs.org/isexe set size:31756 disposed:false
2042 silly placeDep ROOT ms@2.1.3 OK for: debug@4.4.3 want: ^2.1.3
2043 silly placeDep ROOT webgl-constants@1.1.1 OK for: detect-gpu@5.0.70 want: ^1.1.1
2044 silly placeDep ROOT dotenv-expand@10.0.0 OK for: dotenv-cli@8.0.0 want: ^10.0.0
2045 silly placeDep ROOT minimist@1.2.8 OK for: dotenv-cli@8.0.0 want: ^1.2.6
2046 silly placeDep ROOT embla-carousel@8.6.0 OK for: embla-carousel-react@8.6.0 want: 8.6.0
2047 silly placeDep ROOT embla-carousel-reactive-utils@8.6.0 OK for: embla-carousel-react@8.6.0 want: 8.6.0
2048 silly placeDep ROOT css-line-break@2.1.0 OK for: html2canvas@1.4.1 want: ^2.1.0
2049 silly placeDep ROOT text-segmentation@1.0.3 OK for: html2canvas@1.4.1 want: ^1.0.3
2050 silly fetch manifest utrie@^1.0.2
2051 silly packumentCache full:https://registry.npmjs.org/utrie cache-miss
2052 silly fetch manifest utrie@^1.0.2
2053 silly packumentCache full:https://registry.npmjs.org/utrie cache-miss
2054 http cache https://registry.npmjs.org/utrie 4ms (cache hit)
2055 silly packumentCache full:https://registry.npmjs.org/utrie set size:10249 disposed:false
2056 http cache https://registry.npmjs.org/utrie 4ms (cache hit)
2057 silly packumentCache full:https://registry.npmjs.org/utrie set size:10249 disposed:false
2058 silly packumentCache full:https://registry.npmjs.org/utrie dispose
2059 silly placeDep ROOT utrie@1.0.2 OK for: css-line-break@2.1.0 want: ^1.0.2
2060 silly fetch manifest base64-arraybuffer@^1.0.2
2061 silly packumentCache full:https://registry.npmjs.org/base64-arraybuffer cache-miss
2062 http cache https://registry.npmjs.org/base64-arraybuffer 3ms (cache hit)
2063 silly packumentCache full:https://registry.npmjs.org/base64-arraybuffer set size:21740 disposed:false
2064 silly placeDep ROOT yallist@3.1.1 OK for: lru-cache@5.1.1 want: ^3.0.2
2065 silly fetch manifest react@^18.0.0 || ^19.0.0
2066 silly packumentCache full:https://registry.npmjs.org/react cache-miss
2067 http cache https://registry.npmjs.org/react 22ms (cache hit)
2068 silly packumentCache full:https://registry.npmjs.org/react set size:6830011 disposed:false
2069 silly fetch manifest react-dom@^18.0.0 || ^19.0.0
2070 silly packumentCache full:https://registry.npmjs.org/react-dom cache-miss
2071 http cache https://registry.npmjs.org/react-dom 34ms (cache hit)
2072 silly packumentCache full:https://registry.npmjs.org/react-dom set size:9160340 disposed:false
2073 silly placeDep ROOT framer-motion@12.42.2 OK for: motion@12.42.2 want: ^12.42.2
2074 silly fetch manifest motion-dom@^12.42.2
2075 silly packumentCache full:https://registry.npmjs.org/motion-dom cache-miss
2076 silly fetch manifest motion-utils@^12.39.0
2077 silly packumentCache full:https://registry.npmjs.org/motion-utils cache-miss
2078 http cache https://registry.npmjs.org/motion-utils 22ms (cache hit)
2079 silly packumentCache full:https://registry.npmjs.org/motion-utils set size:66443 disposed:false
2080 http cache https://registry.npmjs.org/motion-dom 27ms (cache hit)
2081 silly packumentCache full:https://registry.npmjs.org/motion-dom set size:285217 disposed:false
2082 silly placeDep ROOT motion-dom@12.42.2 OK for: framer-motion@12.42.2 want: ^12.42.2
2083 silly placeDep ROOT motion-utils@12.39.0 OK for: framer-motion@12.42.2 want: ^12.39.0
2084 silly placeDep ROOT nanoid@3.3.16 OK for: postcss@8.5.23 want: ^3.3.16
2085 silly placeDep ROOT source-map-js@1.2.1 OK for: postcss@8.5.23 want: ^1.2.1
2086 silly placeDep ROOT cssesc@3.0.0 OK for: postcss-selector-parser@6.0.10 want: ^3.0.0
2087 silly placeDep ROOT util-deprecate@1.0.2 OK for: postcss-selector-parser@6.0.10 want: ^1.0.2
2088 silly placeDep ROOT is-promise@2.2.2 OK for: promise-worker-transferable@1.0.4 want: ^2.1.0
2089 silly placeDep ROOT lie@3.3.0 OK for: promise-worker-transferable@1.0.4 want: ^3.0.2
2090 silly fetch manifest immediate@~3.0.5
2091 silly packumentCache full:https://registry.npmjs.org/immediate cache-miss
2092 http cache https://registry.npmjs.org/immediate 4ms (cache hit)
2093 silly packumentCache full:https://registry.npmjs.org/immediate set size:66460 disposed:false
2094 silly placeDep ROOT immediate@3.0.6 OK for: lie@3.3.0 want: ~3.0.5
2095 silly placeDep ROOT fast-diff@1.3.0 OK for: quill-delta@5.1.0 want: ^1.3.0
2096 silly placeDep ROOT lodash.clonedeep@4.5.0 OK for: quill-delta@5.1.0 want: ^4.5.0
2097 silly placeDep ROOT lodash.isequal@4.5.0 OK for: quill-delta@5.1.0 want: ^4.5.0
2098 silly placeDep ROOT @date-fns/tz@1.5.0 OK for: react-day-picker@9.14.0 want: ^1.4.1
2099 silly placeDep ROOT @tabby_ai/hijri-converter@1.0.5 OK for: react-day-picker@9.14.0 want: 1.0.5
2100 silly placeDep node_modules/react-day-picker date-fns@4.4.0 OK for: react-day-picker@9.14.0 want: ^4.1.0
2101 silly placeDep ROOT date-fns-jalali@4.1.0-0 OK for: react-day-picker@9.14.0 want: 4.1.0-0
2102 silly placeDep node_modules/react-dom scheduler@0.26.0 OK for: react-dom@19.1.9 want: ^0.26.0
2103 silly placeDep ROOT lodash-es@4.18.1 OK for: react-quill-new@3.4.6 want: ^4.17.21
2104 silly placeDep ROOT quill@2.0.3 OK for: react-quill-new@3.4.6 want: ~2.0.2
2105 silly fetch manifest parchment@^3.0.0
2106 silly packumentCache full:https://registry.npmjs.org/parchment cache-miss
2107 silly fetch manifest eventemitter3@^5.0.1
2108 silly packumentCache full:https://registry.npmjs.org/eventemitter3 cache-hit
2109 http cache https://registry.npmjs.org/parchment 5ms (cache hit)
2110 silly packumentCache full:https://registry.npmjs.org/parchment set size:239130 disposed:false
2111 silly placeDep ROOT eventemitter3@5.0.4 OK for: quill@2.0.3 want: ^5.0.1
2112 silly placeDep ROOT parchment@3.0.0 OK for: quill@2.0.3 want: ^3.0.0
2113 silly fetch manifest react@^16.8.0 || ^17.0.0 || ^18.0.0 || ^19.0.0 || ^19.0.0-rc
2114 silly packumentCache full:https://registry.npmjs.org/react cache-miss
2115 http cache https://registry.npmjs.org/react 35ms (cache hit)
2116 silly packumentCache full:https://registry.npmjs.org/react set size:6830011 disposed:false
2117 silly placeDep ROOT react-remove-scroll-bar@2.3.8 OK for: react-remove-scroll@2.7.2 want: ^2.3.7
2118 silly placeDep ROOT react-style-singleton@2.2.3 OK for: react-remove-scroll@2.7.2 want: ^2.2.3
2119 silly placeDep ROOT use-callback-ref@1.3.3 OK for: react-remove-scroll@2.7.2 want: ^1.3.3
2120 silly placeDep ROOT use-sidecar@1.1.3 OK for: react-remove-scroll@2.7.2 want: ^1.1.3
2121 silly fetch manifest react-style-singleton@^2.2.2
2122 silly packumentCache full:https://registry.npmjs.org/react-style-singleton cache-hit
2123 silly fetch manifest get-nonce@^1.0.0
2124 silly packumentCache full:https://registry.npmjs.org/get-nonce cache-miss
2125 silly fetch manifest detect-node-es@^1.1.0
2126 silly packumentCache full:https://registry.npmjs.org/detect-node-es cache-miss
2127 http cache https://registry.npmjs.org/get-nonce 7ms (cache hit)
2128 silly packumentCache full:https://registry.npmjs.org/get-nonce set size:8902 disposed:false
2129 http cache https://registry.npmjs.org/detect-node-es 8ms (cache hit)
2130 silly packumentCache full:https://registry.npmjs.org/detect-node-es set size:6554 disposed:false
2131 silly placeDep ROOT get-nonce@1.0.1 OK for: react-style-singleton@2.2.3 want: ^1.0.0
2132 silly fetch manifest react@*
2133 silly packumentCache full:https://registry.npmjs.org/react cache-miss
2134 http cache https://registry.npmjs.org/react 30ms (cache hit)
2135 silly packumentCache full:https://registry.npmjs.org/react set size:6830011 disposed:false
2136 silly fetch manifest react-dom@*
2137 silly packumentCache full:https://registry.npmjs.org/react-dom cache-miss
2138 http cache https://registry.npmjs.org/react-dom 28ms (cache hit)
2139 silly packumentCache full:https://registry.npmjs.org/react-dom set size:9160340 disposed:false
2140 silly placeDep ROOT @types/js-cookie@3.0.6 OK for: react-use@17.6.1 want: ^3.0.0
2141 silly placeDep ROOT @xobotyi/scrollbar-width@1.9.5 OK for: react-use@17.6.1 want: ^1.9.5
2142 silly placeDep ROOT copy-to-clipboard@3.3.3 OK for: react-use@17.6.1 want: ^3.3.1
2143 silly placeDep ROOT fast-deep-equal@3.1.3 OK for: react-use@17.6.1 want: ^3.1.3
2144 silly placeDep ROOT fast-shallow-equal@1.0.0 OK for: react-use@17.6.1 want: ^1.0.0
2145 silly placeDep ROOT js-cookie@3.0.8 OK for: react-use@17.6.1 want: ^3.0.0
2146 silly placeDep ROOT nano-css@5.6.2 OK for: react-use@17.6.1 want: ^5.6.2
2147 silly placeDep ROOT react-universal-interface@0.6.2 OK for: react-use@17.6.1 want: ^0.6.2
2148 silly placeDep ROOT resize-observer-polyfill@1.5.1 OK for: react-use@17.6.1 want: ^1.5.1
2149 silly placeDep ROOT screenfull@5.2.0 OK for: react-use@17.6.1 want: ^5.1.0
2150 silly placeDep ROOT set-harmonic-interval@1.0.1 OK for: react-use@17.6.1 want: ^1.0.1
2151 silly placeDep ROOT throttle-debounce@3.0.1 OK for: react-use@17.6.1 want: ^3.0.1
2152 silly placeDep ROOT ts-easing@0.2.0 OK for: react-use@17.6.1 want: ^0.2.0
2153 silly fetch manifest toggle-selection@^1.0.6
2154 silly packumentCache full:https://registry.npmjs.org/toggle-selection cache-miss
2155 silly fetch manifest css-tree@^1.1.2
2156 silly packumentCache full:https://registry.npmjs.org/css-tree cache-miss
2157 silly fetch manifest fastest-stable-stringify@^2.0.2
2158 silly packumentCache full:https://registry.npmjs.org/fastest-stable-stringify cache-miss
2159 silly fetch manifest inline-style-prefixer@^7.0.1
2160 silly packumentCache full:https://registry.npmjs.org/inline-style-prefixer cache-miss
2161 silly fetch manifest rtl-css-js@^1.16.1
2162 silly packumentCache full:https://registry.npmjs.org/rtl-css-js cache-miss
2163 silly fetch manifest stacktrace-js@^2.0.2
2164 silly packumentCache full:https://registry.npmjs.org/stacktrace-js cache-miss
2165 silly fetch manifest stylis@^4.3.0
2166 silly packumentCache full:https://registry.npmjs.org/stylis cache-miss
2167 http cache https://registry.npmjs.org/rtl-css-js 13ms (cache hit)
2168 silly packumentCache full:https://registry.npmjs.org/rtl-css-js set size:108398 disposed:false
2169 http cache https://registry.npmjs.org/stacktrace-js 16ms (cache hit)
2170 silly packumentCache full:https://registry.npmjs.org/stacktrace-js set size:61851 disposed:false
2171 http cache https://registry.npmjs.org/css-tree 25ms (cache hit)
2172 silly packumentCache full:https://registry.npmjs.org/css-tree set size:229638 disposed:false
2173 http cache https://registry.npmjs.org/fastest-stable-stringify 30ms (cache hit)
2174 silly packumentCache full:https://registry.npmjs.org/fastest-stable-stringify set size:12031 disposed:false
2175 http cache https://registry.npmjs.org/toggle-selection 32ms (cache hit)
2176 silly packumentCache full:https://registry.npmjs.org/toggle-selection set size:14741 disposed:false
2177 http cache https://registry.npmjs.org/inline-style-prefixer 33ms (cache hit)
2178 silly packumentCache full:https://registry.npmjs.org/inline-style-prefixer set size:232334 disposed:false
2179 http cache https://registry.npmjs.org/stylis 38ms (cache hit)
2180 silly packumentCache full:https://registry.npmjs.org/stylis set size:338111 disposed:false
2181 silly placeDep ROOT toggle-selection@1.0.6 OK for: copy-to-clipboard@3.3.3 want: ^1.0.6
2182 silly placeDep ROOT css-tree@1.1.3 OK for: nano-css@5.6.2 want: ^1.1.2
2183 silly placeDep ROOT fastest-stable-stringify@2.0.2 OK for: nano-css@5.6.2 want: ^2.0.2
2184 silly placeDep ROOT inline-style-prefixer@7.0.1 OK for: nano-css@5.6.2 want: ^7.0.1
2185 silly placeDep ROOT rtl-css-js@1.16.1 OK for: nano-css@5.6.2 want: ^1.16.1
2186 silly placeDep ROOT stacktrace-js@2.0.2 OK for: nano-css@5.6.2 want: ^2.0.2
2187 silly placeDep ROOT stylis@4.4.0 OK for: nano-css@5.6.2 want: ^4.3.0
2188 silly fetch manifest mdn-data@2.0.14
2189 silly packumentCache full:https://registry.npmjs.org/mdn-data cache-miss
2190 silly fetch manifest source-map@^0.6.1
2191 silly packumentCache full:https://registry.npmjs.org/source-map cache-miss
2192 silly fetch manifest css-in-js-utils@^3.1.0
2193 silly packumentCache full:https://registry.npmjs.org/css-in-js-utils cache-miss
2194 silly fetch manifest error-stack-parser@^2.0.6
2195 silly packumentCache full:https://registry.npmjs.org/error-stack-parser cache-miss
2196 silly fetch manifest stack-generator@^2.0.5
2197 silly packumentCache full:https://registry.npmjs.org/stack-generator cache-miss
2198 silly fetch manifest stacktrace-gps@^3.0.4
2199 silly packumentCache full:https://registry.npmjs.org/stacktrace-gps cache-miss
2200 http cache https://registry.npmjs.org/css-in-js-utils 12ms (cache hit)
2201 silly packumentCache full:https://registry.npmjs.org/css-in-js-utils set size:42676 disposed:false
2202 http cache https://registry.npmjs.org/error-stack-parser 13ms (cache hit)
2203 silly packumentCache full:https://registry.npmjs.org/error-stack-parser set size:89379 disposed:false
2204 http cache https://registry.npmjs.org/stacktrace-gps 16ms (cache hit)
2205 silly packumentCache full:https://registry.npmjs.org/stacktrace-gps set size:81184 disposed:false
2206 http cache https://registry.npmjs.org/mdn-data 22ms (cache hit)
2207 silly packumentCache full:https://registry.npmjs.org/mdn-data set size:177770 disposed:false
2208 http cache https://registry.npmjs.org/stack-generator 25ms (cache hit)
2209 silly packumentCache full:https://registry.npmjs.org/stack-generator set size:51542 disposed:false
2210 http cache https://registry.npmjs.org/source-map 28ms (cache hit)
2211 silly packumentCache full:https://registry.npmjs.org/source-map set size:231637 disposed:false
2212 silly placeDep ROOT mdn-data@2.0.14 OK for: css-tree@1.1.3 want: 2.0.14
2213 silly placeDep ROOT source-map@0.6.1 OK for: css-tree@1.1.3 want: ^0.6.1
2214 silly placeDep ROOT css-in-js-utils@3.1.0 OK for: inline-style-prefixer@7.0.1 want: ^3.1.0
2215 silly fetch manifest hyphenate-style-name@^1.0.3
2216 silly packumentCache full:https://registry.npmjs.org/hyphenate-style-name cache-miss
2217 http cache https://registry.npmjs.org/hyphenate-style-name 3ms (cache hit)
2218 silly packumentCache full:https://registry.npmjs.org/hyphenate-style-name set size:17078 disposed:false
2219 silly placeDep ROOT hyphenate-style-name@1.1.0 OK for: css-in-js-utils@3.1.0 want: ^1.0.3
2220 silly fetch manifest react@^16.0.0 || ^17.0.0 || ^18.0.0 || ^19.0.0
2221 silly packumentCache full:https://registry.npmjs.org/react cache-miss
2222 http cache https://registry.npmjs.org/react 26ms (cache hit)
2223 silly packumentCache full:https://registry.npmjs.org/react set size:6830011 disposed:false
2224 silly fetch manifest react-dom@^16.0.0 || ^17.0.0 || ^18.0.0 || ^19.0.0
2225 silly packumentCache full:https://registry.npmjs.org/react-dom cache-miss
2226 http cache https://registry.npmjs.org/react-dom 66ms (cache hit)
2227 silly packumentCache full:https://registry.npmjs.org/react-dom set size:9160340 disposed:false
2228 silly placeDep node_modules/recharts eventemitter3@4.0.7 OK for: recharts@2.15.4 want: ^4.0.1
2229 silly placeDep ROOT lodash@4.18.1 OK for: recharts@2.15.4 want: ^4.17.21
2230 silly placeDep ROOT react-is@18.3.1 OK for: recharts@2.15.4 want: ^18.3.1
2231 silly placeDep ROOT react-smooth@4.0.4 OK for: recharts@2.15.4 want: ^4.0.4
2232 silly placeDep ROOT recharts-scale@0.4.5 OK for: recharts@2.15.4 want: ^0.4.4
2233 silly placeDep ROOT victory-vendor@36.9.2 OK for: recharts@2.15.4 want: ^36.6.8
2234 silly fetch manifest fast-equals@^5.0.1
2235 silly packumentCache full:https://registry.npmjs.org/fast-equals cache-miss
2236 silly fetch manifest prop-types@^15.8.1
2237 silly packumentCache full:https://registry.npmjs.org/prop-types cache-miss
2238 silly fetch manifest react-transition-group@^4.4.5
2239 silly packumentCache full:https://registry.npmjs.org/react-transition-group cache-miss
2240 silly fetch manifest decimal.js-light@^2.4.1
2241 silly packumentCache full:https://registry.npmjs.org/decimal.js-light cache-miss
2242 silly fetch manifest d3-ease@^3.0.1
2243 silly packumentCache full:https://registry.npmjs.org/d3-ease cache-miss
2244 silly fetch manifest d3-time@^3.0.0
2245 silly packumentCache full:https://registry.npmjs.org/d3-time cache-miss
2246 silly fetch manifest d3-array@^3.1.6
2247 silly packumentCache full:https://registry.npmjs.org/d3-array cache-miss
2248 silly fetch manifest d3-scale@^4.0.2
2249 silly packumentCache full:https://registry.npmjs.org/d3-scale cache-miss
2250 silly fetch manifest d3-shape@^3.1.0
2251 silly packumentCache full:https://registry.npmjs.org/d3-shape cache-miss
2252 silly fetch manifest d3-timer@^3.0.1
2253 silly packumentCache full:https://registry.npmjs.org/d3-timer cache-miss
2254 silly fetch manifest @types/d3-ease@^3.0.0
2255 silly packumentCache full:https://registry.npmjs.org/@types%2fd3-ease cache-miss
2256 silly fetch manifest @types/d3-time@^3.0.0
2257 silly packumentCache full:https://registry.npmjs.org/@types%2fd3-time cache-miss
2258 silly fetch manifest d3-interpolate@^3.0.1
2259 silly packumentCache full:https://registry.npmjs.org/d3-interpolate cache-miss
2260 silly fetch manifest @types/d3-array@^3.0.3
2261 silly packumentCache full:https://registry.npmjs.org/@types%2fd3-array cache-miss
2262 silly fetch manifest @types/d3-scale@^4.0.2
2263 silly packumentCache full:https://registry.npmjs.org/@types%2fd3-scale cache-miss
2264 silly fetch manifest @types/d3-shape@^3.1.0
2265 silly packumentCache full:https://registry.npmjs.org/@types%2fd3-shape cache-miss
2266 silly fetch manifest @types/d3-timer@^3.0.0
2267 silly packumentCache full:https://registry.npmjs.org/@types%2fd3-timer cache-miss
2268 silly fetch manifest @types/d3-interpolate@^3.0.1
2269 silly packumentCache full:https://registry.npmjs.org/@types%2fd3-interpolate cache-miss
2270 http cache https://registry.npmjs.org/prop-types 25ms (cache hit)
2271 silly packumentCache full:https://registry.npmjs.org/prop-types set size:76747 disposed:false
2272 http cache https://registry.npmjs.org/decimal.js-light 26ms (cache hit)
2273 silly packumentCache full:https://registry.npmjs.org/decimal.js-light set size:38254 disposed:false
2274 http cache https://registry.npmjs.org/react-transition-group 27ms (cache hit)
2275 silly packumentCache full:https://registry.npmjs.org/react-transition-group set size:110654 disposed:false
2276 http cache https://registry.npmjs.org/fast-equals 30ms (cache hit)
2277 silly packumentCache full:https://registry.npmjs.org/fast-equals set size:328087 disposed:false
2278 http cache https://registry.npmjs.org/d3-ease 35ms (cache hit)
2279 silly packumentCache full:https://registry.npmjs.org/d3-ease set size:109490 disposed:false
2280 http cache https://registry.npmjs.org/d3-time 37ms (cache hit)
2281 silly packumentCache full:https://registry.npmjs.org/d3-time set size:150406 disposed:false
2282 http cache https://registry.npmjs.org/@types%2fd3-ease 39ms (cache hit)
2283 silly packumentCache full:https://registry.npmjs.org/@types%2fd3-ease set size:41281 disposed:false
2284 http cache https://registry.npmjs.org/d3-timer 40ms (cache hit)
2285 silly packumentCache full:https://registry.npmjs.org/d3-timer set size:101516 disposed:false
2286 http cache https://registry.npmjs.org/@types%2fd3-time 41ms (cache hit)
2287 silly packumentCache full:https://registry.npmjs.org/@types%2fd3-time set size:52652 disposed:false
2288 http cache https://registry.npmjs.org/d3-scale 45ms (cache hit)
2289 silly packumentCache full:https://registry.npmjs.org/d3-scale set size:514172 disposed:false
2290 http cache https://registry.npmjs.org/d3-shape 51ms (cache hit)
2291 silly packumentCache full:https://registry.npmjs.org/d3-shape set size:275657 disposed:false
2292 http cache https://registry.npmjs.org/d3-interpolate 69ms (cache hit)
2293 silly packumentCache full:https://registry.npmjs.org/d3-interpolate set size:162337 disposed:false
2294 http cache https://registry.npmjs.org/d3-array 75ms (cache hit)
2295 silly packumentCache full:https://registry.npmjs.org/d3-array set size:246308 disposed:false
2296 http cache https://registry.npmjs.org/@types%2fd3-array 79ms (cache hit)
2297 silly packumentCache full:https://registry.npmjs.org/@types%2fd3-array set size:130543 disposed:false
2298 http cache https://registry.npmjs.org/@types%2fd3-scale 81ms (cache hit)
2299 silly packumentCache full:https://registry.npmjs.org/@types%2fd3-scale set size:131176 disposed:false
2300 http cache https://registry.npmjs.org/@types%2fd3-shape 85ms (cache hit)
2301 silly packumentCache full:https://registry.npmjs.org/@types%2fd3-shape set size:115816 disposed:false
2302 http cache https://registry.npmjs.org/@types%2fd3-timer 87ms (cache hit)
2303 silly packumentCache full:https://registry.npmjs.org/@types%2fd3-timer set size:38776 disposed:false
2304 http cache https://registry.npmjs.org/@types%2fd3-interpolate 88ms (cache hit)
2305 silly packumentCache full:https://registry.npmjs.org/@types%2fd3-interpolate set size:56692 disposed:false
2306 silly fetch manifest react@^16.8.0 || ^17.0.0 || ^18.0.0 || ^19.0.0
2307 silly packumentCache full:https://registry.npmjs.org/react cache-miss
2308 http cache https://registry.npmjs.org/react 19ms (cache hit)
2309 silly packumentCache full:https://registry.npmjs.org/react set size:6830011 disposed:false
2310 silly fetch manifest react-dom@^16.8.0 || ^17.0.0 || ^18.0.0 || ^19.0.0
2311 silly packumentCache full:https://registry.npmjs.org/react-dom cache-miss
2312 http cache https://registry.npmjs.org/react-dom 85ms (cache hit)
2313 silly packumentCache full:https://registry.npmjs.org/react-dom set size:9160340 disposed:false
2314 silly placeDep ROOT fast-equals@5.4.1 OK for: react-smooth@4.0.4 want: ^5.0.1
2315 silly placeDep ROOT prop-types@15.8.1 OK for: react-smooth@4.0.4 want: ^15.8.1
2316 silly placeDep ROOT react-transition-group@4.4.5 OK for: react-smooth@4.0.4 want: ^4.4.5
2317 silly fetch manifest loose-envify@^1.4.0
2318 silly packumentCache full:https://registry.npmjs.org/loose-envify cache-miss
2319 silly fetch manifest object-assign@^4.1.1
2320 silly packumentCache full:https://registry.npmjs.org/object-assign cache-miss
2321 silly fetch manifest react-is@^16.13.1
2322 silly packumentCache full:https://registry.npmjs.org/react-is cache-miss
2323 silly fetch manifest dom-helpers@^5.0.1
2324 silly packumentCache full:https://registry.npmjs.org/dom-helpers cache-miss
2325 silly fetch manifest loose-envify@^1.4.0
2326 silly packumentCache full:https://registry.npmjs.org/loose-envify cache-miss
2327 http cache https://registry.npmjs.org/dom-helpers 13ms (cache hit)
2328 silly packumentCache full:https://registry.npmjs.org/dom-helpers set size:76331 disposed:false
2329 http cache https://registry.npmjs.org/loose-envify 15ms (cache hit)
2330 silly packumentCache full:https://registry.npmjs.org/loose-envify set size:12559 disposed:false
2331 http cache https://registry.npmjs.org/loose-envify 17ms (cache hit)
2332 silly packumentCache full:https://registry.npmjs.org/loose-envify set size:12559 disposed:false
2333 silly packumentCache full:https://registry.npmjs.org/loose-envify dispose
2334 http cache https://registry.npmjs.org/object-assign 18ms (cache hit)
2335 silly packumentCache full:https://registry.npmjs.org/object-assign set size:28988 disposed:false
2336 http cache https://registry.npmjs.org/react-is 33ms (cache hit)
2337 silly packumentCache full:https://registry.npmjs.org/react-is set size:5525939 disposed:false
2338 silly placeDep ROOT loose-envify@1.4.0 OK for: prop-types@15.8.1 want: ^1.4.0
2339 silly placeDep ROOT object-assign@4.1.1 OK for: prop-types@15.8.1 want: ^4.1.1
2340 silly placeDep node_modules/prop-types react-is@16.13.1 OK for: prop-types@15.8.1 want: ^16.13.1
2341 silly placeDep ROOT dom-helpers@5.2.1 OK for: react-transition-group@4.4.5 want: ^5.0.1
2342 silly placeDep ROOT decimal.js-light@2.5.1 OK for: recharts-scale@0.4.5 want: ^2.4.1
2343 silly placeDep ROOT shebang-regex@3.0.0 OK for: shebang-command@2.0.0 want: ^3.0.0
2344 silly placeDep ROOT error-stack-parser@2.1.4 OK for: stacktrace-js@2.0.2 want: ^2.0.6
2345 silly placeDep ROOT stack-generator@2.0.10 OK for: stacktrace-js@2.0.2 want: ^2.0.5
2346 silly placeDep ROOT stacktrace-gps@3.1.2 OK for: stacktrace-js@2.0.2 want: ^3.0.4
2347 silly fetch manifest stackframe@^1.3.4
2348 silly packumentCache full:https://registry.npmjs.org/stackframe cache-miss
2349 silly fetch manifest stackframe@^1.3.4
2350 silly packumentCache full:https://registry.npmjs.org/stackframe cache-miss
2351 silly fetch manifest source-map@0.5.6
2352 silly packumentCache full:https://registry.npmjs.org/source-map cache-hit
2353 silly fetch manifest stackframe@^1.3.4
2354 silly packumentCache full:https://registry.npmjs.org/stackframe cache-miss
2355 http cache https://registry.npmjs.org/stackframe 12ms (cache hit)
2356 silly packumentCache full:https://registry.npmjs.org/stackframe set size:54134 disposed:false
2357 http cache https://registry.npmjs.org/stackframe 12ms (cache hit)
2358 silly packumentCache full:https://registry.npmjs.org/stackframe set size:54134 disposed:false
2359 silly packumentCache full:https://registry.npmjs.org/stackframe dispose
2360 http cache https://registry.npmjs.org/stackframe 14ms (cache hit)
2361 silly packumentCache full:https://registry.npmjs.org/stackframe set size:54134 disposed:true
2362 silly packumentCache full:https://registry.npmjs.org/stackframe dispose
2363 silly placeDep ROOT stackframe@1.3.4 OK for: error-stack-parser@2.1.4 want: ^1.3.4
2364 silly placeDep node_modules/stacktrace-gps source-map@0.5.6 OK for: stacktrace-gps@3.1.2 want: 0.5.6
2365 silly placeDep node_modules/stats-gl three@0.170.0 OK for: stats-gl@2.4.2 want: ^0.170.0
2366 silly fetch manifest tsx@^4.8.1
2367 silly packumentCache full:https://registry.npmjs.org/tsx cache-miss
2368 http cache https://registry.npmjs.org/tsx 3ms (cache hit)
2369 silly packumentCache full:https://registry.npmjs.org/tsx set size:312195 disposed:false
2370 silly fetch manifest yaml@^2.4.2
2371 silly packumentCache full:https://registry.npmjs.org/yaml cache-miss
2372 http cache https://registry.npmjs.org/yaml 11ms (cache hit)
2373 silly packumentCache full:https://registry.npmjs.org/yaml set size:385754 disposed:false
2374 silly placeDep ROOT @alloc/quick-lru@5.2.0 OK for: tailwindcss@3.4.19 want: ^5.2.0
2375 silly placeDep ROOT arg@5.0.2 OK for: tailwindcss@3.4.19 want: ^5.0.2
2376 silly placeDep ROOT chokidar@3.6.0 OK for: tailwindcss@3.4.19 want: ^3.6.0
2377 silly placeDep ROOT didyoumean@1.2.2 OK for: tailwindcss@3.4.19 want: ^1.2.2
2378 silly placeDep ROOT dlv@1.1.3 OK for: tailwindcss@3.4.19 want: ^1.1.3
2379 silly placeDep ROOT fast-glob@3.3.3 OK for: tailwindcss@3.4.19 want: ^3.3.2
2380 silly placeDep ROOT glob-parent@6.0.2 OK for: tailwindcss@3.4.19 want: ^6.0.2
2381 silly placeDep ROOT is-glob@4.0.3 OK for: tailwindcss@3.4.19 want: ^4.0.3
2382 silly placeDep ROOT jiti@1.21.7 OK for: tailwindcss@3.4.19 want: ^1.21.7
2383 silly placeDep ROOT lilconfig@3.1.3 OK for: tailwindcss@3.4.19 want: ^3.1.3
2384 silly placeDep ROOT micromatch@4.0.8 OK for: tailwindcss@3.4.19 want: ^4.0.8
2385 silly placeDep ROOT normalize-path@3.0.0 OK for: tailwindcss@3.4.19 want: ^3.0.0
2386 silly placeDep ROOT object-hash@3.0.0 OK for: tailwindcss@3.4.19 want: ^3.0.0
2387 silly placeDep ROOT postcss-import@15.1.0 OK for: tailwindcss@3.4.19 want: ^15.1.0
2388 silly placeDep ROOT postcss-js@4.1.0 OK for: tailwindcss@3.4.19 want: ^4.0.1
2389 silly placeDep ROOT postcss-load-config@6.0.1 OK for: tailwindcss@3.4.19 want: ^4.0.2 || ^5.0 || ^6.0
2390 silly placeDep ROOT postcss-nested@6.2.0 OK for: tailwindcss@3.4.19 want: ^6.2.0
2391 silly placeDep node_modules/tailwindcss postcss-selector-parser@6.1.4 OK for: tailwindcss@3.4.19 want: ^6.1.2
2392 silly placeDep ROOT resolve@1.22.12 OK for: tailwindcss@3.4.19 want: ^1.22.8
2393 silly placeDep ROOT sucrase@3.35.1 OK for: tailwindcss@3.4.19 want: ^3.35.0
2394 silly fetch manifest braces@~3.0.2
2395 silly packumentCache full:https://registry.npmjs.org/braces cache-miss
2396 silly fetch manifest is-glob@~4.0.1
2397 silly packumentCache full:https://registry.npmjs.org/is-glob cache-hit
2398 silly fetch manifest anymatch@~3.1.2
2399 silly packumentCache full:https://registry.npmjs.org/anymatch cache-miss
2400 silly fetch manifest readdirp@~3.6.0
2401 silly packumentCache full:https://registry.npmjs.org/readdirp cache-miss
2402 silly fetch manifest glob-parent@~5.1.2
2403 silly packumentCache full:https://registry.npmjs.org/glob-parent cache-hit
2404 silly fetch manifest is-binary-path@~2.1.0
2405 silly packumentCache full:https://registry.npmjs.org/is-binary-path cache-miss
2406 silly fetch manifest normalize-path@~3.0.0
2407 silly packumentCache full:https://registry.npmjs.org/normalize-path cache-hit
2408 silly fetch manifest fsevents@~2.3.2
2409 silly packumentCache full:https://registry.npmjs.org/fsevents cache-hit
2410 silly fetch manifest @nodelib/fs.stat@^2.0.2
2411 silly packumentCache full:https://registry.npmjs.org/@nodelib%2ffs.stat cache-miss
2412 silly fetch manifest @nodelib/fs.walk@^1.2.3
2413 silly packumentCache full:https://registry.npmjs.org/@nodelib%2ffs.walk cache-miss
2414 silly fetch manifest glob-parent@^5.1.2
2415 silly packumentCache full:https://registry.npmjs.org/glob-parent cache-hit
2416 silly fetch manifest merge2@^1.3.0
2417 silly packumentCache full:https://registry.npmjs.org/merge2 cache-miss
2418 silly fetch manifest is-extglob@^2.1.1
2419 silly packumentCache full:https://registry.npmjs.org/is-extglob cache-miss
2420 silly fetch manifest braces@^3.0.3
2421 silly packumentCache full:https://registry.npmjs.org/braces cache-miss
2422 silly fetch manifest picomatch@^2.3.1
2423 silly packumentCache full:https://registry.npmjs.org/picomatch cache-miss
2424 silly fetch manifest resolve@^1.1.7
2425 silly packumentCache full:https://registry.npmjs.org/resolve cache-hit
2426 silly fetch manifest read-cache@^1.0.0
2427 silly packumentCache full:https://registry.npmjs.org/read-cache cache-miss
2428 silly fetch manifest camelcase-css@^2.0.1
2429 silly packumentCache full:https://registry.npmjs.org/camelcase-css cache-miss
2430 silly fetch manifest postcss-selector-parser@^6.1.1
2431 silly packumentCache full:https://registry.npmjs.org/postcss-selector-parser cache-hit
2432 silly fetch manifest es-errors@^1.3.0
2433 silly packumentCache full:https://registry.npmjs.org/es-errors cache-miss
2434 silly fetch manifest path-parse@^1.0.7
2435 silly packumentCache full:https://registry.npmjs.org/path-parse cache-miss
2436 silly fetch manifest is-core-module@^2.16.1
2437 silly packumentCache full:https://registry.npmjs.org/is-core-module cache-miss
2438 silly fetch manifest supports-preserve-symlinks-flag@^1.0.0
2439 silly packumentCache full:https://registry.npmjs.org/supports-preserve-symlinks-flag cache-miss
2440 silly fetch manifest commander@^4.0.0
2441 silly packumentCache full:https://registry.npmjs.org/commander cache-miss
2442 silly fetch manifest lines-and-columns@^1.1.6
2443 silly packumentCache full:https://registry.npmjs.org/lines-and-columns cache-miss
2444 silly fetch manifest mz@^2.7.0
2445 silly packumentCache full:https://registry.npmjs.org/mz cache-miss
2446 silly fetch manifest pirates@^4.0.1
2447 silly packumentCache full:https://registry.npmjs.org/pirates cache-miss
2448 silly fetch manifest tinyglobby@^0.2.11
2449 silly packumentCache full:https://registry.npmjs.org/tinyglobby cache-miss
2450 silly fetch manifest ts-interface-checker@^0.1.9
2451 silly packumentCache full:https://registry.npmjs.org/ts-interface-checker cache-miss
2452 http cache https://registry.npmjs.org/braces 43ms (cache hit)
2453 silly packumentCache full:https://registry.npmjs.org/braces set size:114529 disposed:false
2454 http cache https://registry.npmjs.org/anymatch 46ms (cache hit)
2455 silly packumentCache full:https://registry.npmjs.org/anymatch set size:42974 disposed:false
2456 http cache https://registry.npmjs.org/@nodelib%2ffs.walk 44ms (cache hit)
2457 silly packumentCache full:https://registry.npmjs.org/@nodelib%2ffs.walk set size:41589 disposed:false
2458 http cache https://registry.npmjs.org/readdirp 48ms (cache hit)
2459 silly packumentCache full:https://registry.npmjs.org/readdirp set size:107589 disposed:false
2460 http cache https://registry.npmjs.org/merge2 48ms (cache hit)
2461 silly packumentCache full:https://registry.npmjs.org/merge2 set size:46159 disposed:false
2462 http cache https://registry.npmjs.org/is-binary-path 52ms (cache hit)
2463 silly packumentCache full:https://registry.npmjs.org/is-binary-path set size:13475 disposed:false
2464 http cache https://registry.npmjs.org/braces 46ms (cache hit)
2465 silly packumentCache full:https://registry.npmjs.org/braces set size:114529 disposed:false
2466 silly packumentCache full:https://registry.npmjs.org/braces dispose
2467 http cache https://registry.npmjs.org/is-extglob 51ms (cache hit)
2468 silly packumentCache full:https://registry.npmjs.org/is-extglob set size:11766 disposed:false
2469 http cache https://registry.npmjs.org/@nodelib%2ffs.stat 58ms (cache hit)
2470 silly packumentCache full:https://registry.npmjs.org/@nodelib%2ffs.stat set size:36993 disposed:false
2471 http cache https://registry.npmjs.org/picomatch 52ms (cache hit)
2472 silly packumentCache full:https://registry.npmjs.org/picomatch set size:128942 disposed:false
2473 http cache https://registry.npmjs.org/read-cache 55ms (cache hit)
2474 silly packumentCache full:https://registry.npmjs.org/read-cache set size:3003 disposed:false
2475 http cache https://registry.npmjs.org/camelcase-css 54ms (cache hit)
2476 silly packumentCache full:https://registry.npmjs.org/camelcase-css set size:9392 disposed:false
2477 http cache https://registry.npmjs.org/supports-preserve-symlinks-flag 53ms (cache hit)
2478 silly packumentCache full:https://registry.npmjs.org/supports-preserve-symlinks-flag set size:6802 disposed:false
2479 http cache https://registry.npmjs.org/path-parse 55ms (cache hit)
2480 silly packumentCache full:https://registry.npmjs.org/path-parse set size:14523 disposed:false
2481 http cache https://registry.npmjs.org/is-core-module 54ms (cache hit)
2482 silly packumentCache full:https://registry.npmjs.org/is-core-module set size:74378 disposed:false
2483 http cache https://registry.npmjs.org/es-errors 57ms (cache hit)
2484 silly packumentCache full:https://registry.npmjs.org/es-errors set size:16918 disposed:false
2485 http cache https://registry.npmjs.org/lines-and-columns 55ms (cache hit)
2486 silly packumentCache full:https://registry.npmjs.org/lines-and-columns set size:73796 disposed:false
2487 http cache https://registry.npmjs.org/pirates 56ms (cache hit)
2488 silly packumentCache full:https://registry.npmjs.org/pirates set size:51327 disposed:false
2489 http cache https://registry.npmjs.org/commander 62ms (cache hit)
2490 silly packumentCache full:https://registry.npmjs.org/commander set size:353115 disposed:false
2491 http cache https://registry.npmjs.org/tinyglobby 103ms (cache hit)
2492 silly packumentCache full:https://registry.npmjs.org/tinyglobby set size:54291 disposed:false
2493 http cache https://registry.npmjs.org/mz 106ms (cache hit)
2494 silly packumentCache full:https://registry.npmjs.org/mz set size:42731 disposed:false
2495 http cache https://registry.npmjs.org/ts-interface-checker 106ms (cache hit)
2496 silly packumentCache full:https://registry.npmjs.org/ts-interface-checker set size:58946 disposed:false
2497 silly placeDep ROOT anymatch@3.1.3 OK for: chokidar@3.6.0 want: ~3.1.2
2498 silly placeDep ROOT braces@3.0.3 OK for: chokidar@3.6.0 want: ~3.0.2
2499 silly placeDep ROOT fsevents@2.3.3 OK for: chokidar@3.6.0 want: ~2.3.2
2500 silly placeDep node_modules/chokidar glob-parent@5.1.2 OK for: chokidar@3.6.0 want: ~5.1.2
2501 silly placeDep ROOT is-binary-path@2.1.0 OK for: chokidar@3.6.0 want: ~2.1.0
2502 silly placeDep ROOT readdirp@3.6.0 OK for: chokidar@3.6.0 want: ~3.6.0
2503 silly fetch manifest picomatch@^2.0.4
2504 silly packumentCache full:https://registry.npmjs.org/picomatch cache-hit
2505 silly fetch manifest fill-range@^7.1.1
2506 silly packumentCache full:https://registry.npmjs.org/fill-range cache-miss
2507 silly fetch manifest binary-extensions@^2.0.0
2508 silly packumentCache full:https://registry.npmjs.org/binary-extensions cache-miss
2509 silly fetch manifest picomatch@^2.2.1
2510 silly packumentCache full:https://registry.npmjs.org/picomatch cache-hit
2511 http cache https://registry.npmjs.org/fill-range 5ms (cache hit)
2512 silly packumentCache full:https://registry.npmjs.org/fill-range set size:90162 disposed:false
2513 http cache https://registry.npmjs.org/binary-extensions 8ms (cache hit)
2514 silly packumentCache full:https://registry.npmjs.org/binary-extensions set size:51551 disposed:false
2515 silly placeDep ROOT picomatch@2.3.2 OK for: anymatch@3.1.3 want: ^2.0.4
2516 silly placeDep ROOT fill-range@7.1.1 OK for: braces@3.0.3 want: ^7.1.1
2517 silly fetch manifest to-regex-range@^5.0.1
2518 silly packumentCache full:https://registry.npmjs.org/to-regex-range cache-miss
2519 http cache https://registry.npmjs.org/to-regex-range 4ms (cache hit)
2520 silly packumentCache full:https://registry.npmjs.org/to-regex-range set size:61569 disposed:false
2521 silly placeDep ROOT @nodelib/fs.stat@2.0.5 OK for: fast-glob@3.3.3 want: ^2.0.2
2522 silly placeDep ROOT @nodelib/fs.walk@1.2.8 OK for: fast-glob@3.3.3 want: ^1.2.3
2523 silly placeDep node_modules/fast-glob glob-parent@5.1.2 OK for: fast-glob@3.3.3 want: ^5.1.2
2524 silly placeDep ROOT merge2@1.4.1 OK for: fast-glob@3.3.3 want: ^1.3.0
2525 silly fetch manifest fastq@^1.6.0
2526 silly packumentCache full:https://registry.npmjs.org/fastq cache-miss
2527 silly fetch manifest @nodelib/fs.scandir@2.1.5
2528 silly packumentCache full:https://registry.npmjs.org/@nodelib%2ffs.scandir cache-miss
2529 http cache https://registry.npmjs.org/fastq 6ms (cache hit)
2530 silly packumentCache full:https://registry.npmjs.org/fastq set size:78301 disposed:false
2531 http cache https://registry.npmjs.org/@nodelib%2ffs.scandir 8ms (cache hit)
2532 silly packumentCache full:https://registry.npmjs.org/@nodelib%2ffs.scandir set size:49256 disposed:false
2533 silly placeDep ROOT @nodelib/fs.scandir@2.1.5 OK for: @nodelib/fs.walk@1.2.8 want: 2.1.5
2534 silly placeDep ROOT fastq@1.20.1 OK for: @nodelib/fs.walk@1.2.8 want: ^1.6.0
2535 silly fetch manifest run-parallel@^1.1.9
2536 silly packumentCache full:https://registry.npmjs.org/run-parallel cache-miss
2537 silly fetch manifest reusify@^1.0.4
2538 silly packumentCache full:https://registry.npmjs.org/reusify cache-miss
2539 http cache https://registry.npmjs.org/run-parallel 36ms (cache hit)
2540 silly packumentCache full:https://registry.npmjs.org/run-parallel set size:35172 disposed:false
2541 http cache https://registry.npmjs.org/reusify 37ms (cache hit)
2542 silly packumentCache full:https://registry.npmjs.org/reusify set size:14249 disposed:false
2543 silly placeDep ROOT run-parallel@1.2.0 OK for: @nodelib/fs.scandir@2.1.5 want: ^1.1.9
2544 silly fetch manifest queue-microtask@^1.2.2
2545 silly packumentCache full:https://registry.npmjs.org/queue-microtask cache-miss
2546 http cache https://registry.npmjs.org/queue-microtask 3ms (cache hit)
2547 silly packumentCache full:https://registry.npmjs.org/queue-microtask set size:36088 disposed:false
2548 silly placeDep ROOT reusify@1.1.0 OK for: fastq@1.20.1 want: ^1.0.4
2549 silly placeDep ROOT to-regex-range@5.0.1 OK for: fill-range@7.1.1 want: ^5.0.1
2550 silly fetch manifest is-number@^7.0.0
2551 silly packumentCache full:https://registry.npmjs.org/is-number cache-miss
2552 http cache https://registry.npmjs.org/is-number 2ms (cache hit)
2553 silly packumentCache full:https://registry.npmjs.org/is-number set size:36183 disposed:false
2554 silly placeDep ROOT binary-extensions@2.3.0 OK for: is-binary-path@2.1.0 want: ^2.0.0
2555 silly placeDep ROOT is-extglob@2.1.1 OK for: is-glob@4.0.3 want: ^2.1.1
2556 silly placeDep ROOT read-cache@1.0.0 OK for: postcss-import@15.1.0 want: ^1.0.0
2557 silly fetch manifest pify@^2.3.0
2558 silly packumentCache full:https://registry.npmjs.org/pify cache-miss
2559 http cache https://registry.npmjs.org/pify 8ms (cache hit)
2560 silly packumentCache full:https://registry.npmjs.org/pify set size:33583 disposed:false
2561 silly placeDep ROOT camelcase-css@2.0.1 OK for: postcss-js@4.1.0 want: ^2.0.1
2562 silly placeDep node_modules/postcss-nested postcss-selector-parser@6.1.4 OK for: postcss-nested@6.2.0 want: ^6.1.1
2563 silly placeDep ROOT pify@2.3.0 OK for: read-cache@1.0.0 want: ^2.3.0
2564 silly placeDep ROOT es-errors@1.3.0 OK for: resolve@1.22.12 want: ^1.3.0
2565 silly placeDep ROOT is-core-module@2.16.2 OK for: resolve@1.22.12 want: ^2.16.1
2566 silly placeDep ROOT path-parse@1.0.7 OK for: resolve@1.22.12 want: ^1.0.7
2567 silly placeDep ROOT supports-preserve-symlinks-flag@1.0.0 OK for: resolve@1.22.12 want: ^1.0.0
2568 silly fetch manifest hasown@^2.0.3
2569 silly packumentCache full:https://registry.npmjs.org/hasown cache-miss
2570 http cache https://registry.npmjs.org/hasown 2ms (cache hit)
2571 silly packumentCache full:https://registry.npmjs.org/hasown set size:18361 disposed:false
2572 silly placeDep ROOT hasown@2.0.4 OK for: is-core-module@2.16.2 want: ^2.0.3
2573 silly fetch manifest function-bind@^1.1.2
2574 silly packumentCache full:https://registry.npmjs.org/function-bind cache-miss
2575 http cache https://registry.npmjs.org/function-bind 2ms (cache hit)
2576 silly packumentCache full:https://registry.npmjs.org/function-bind set size:15733 disposed:false
2577 silly placeDep ROOT function-bind@1.1.2 OK for: hasown@2.0.4 want: ^1.1.2
2578 silly placeDep ROOT queue-microtask@1.2.3 OK for: run-parallel@1.2.0 want: ^1.2.2
2579 silly placeDep ROOT commander@4.1.1 OK for: sucrase@3.35.1 want: ^4.0.0
2580 silly placeDep ROOT lines-and-columns@1.2.4 OK for: sucrase@3.35.1 want: ^1.1.6
2581 silly placeDep ROOT mz@2.7.0 OK for: sucrase@3.35.1 want: ^2.7.0
2582 silly placeDep ROOT pirates@4.0.7 OK for: sucrase@3.35.1 want: ^4.0.1
2583 silly placeDep ROOT tinyglobby@0.2.17 OK for: sucrase@3.35.1 want: ^0.2.11
2584 silly placeDep ROOT ts-interface-checker@0.1.13 OK for: sucrase@3.35.1 want: ^0.1.9
2585 silly fetch manifest any-promise@^1.0.0
2586 silly packumentCache full:https://registry.npmjs.org/any-promise cache-miss
2587 silly fetch manifest thenify-all@^1.0.0
2588 silly packumentCache full:https://registry.npmjs.org/thenify-all cache-miss
2589 silly fetch manifest fdir@^6.5.0
2590 silly packumentCache full:https://registry.npmjs.org/fdir cache-miss
2591 silly fetch manifest picomatch@^4.0.4
2592 silly packumentCache full:https://registry.npmjs.org/picomatch cache-hit
2593 http cache https://registry.npmjs.org/any-promise 32ms (cache hit)
2594 silly packumentCache full:https://registry.npmjs.org/any-promise set size:20233 disposed:false
2595 http cache https://registry.npmjs.org/fdir 33ms (cache hit)
2596 silly packumentCache full:https://registry.npmjs.org/fdir set size:136182 disposed:false
2597 http cache https://registry.npmjs.org/thenify-all 36ms (cache hit)
2598 silly packumentCache full:https://registry.npmjs.org/thenify-all set size:18488 disposed:false
2599 silly placeDep ROOT any-promise@1.3.0 OK for: mz@2.7.0 want: ^1.0.0
2600 silly placeDep ROOT thenify-all@1.6.0 OK for: mz@2.7.0 want: ^1.0.0
2601 silly fetch manifest thenify@>= 3.1.0 < 4
2602 silly packumentCache full:https://registry.npmjs.org/thenify cache-miss
2603 http cache https://registry.npmjs.org/thenify 4ms (cache hit)
2604 silly packumentCache full:https://registry.npmjs.org/thenify set size:21379 disposed:false
2605 silly placeDep ROOT thenify@3.3.1 OK for: thenify-all@1.6.0 want: >= 3.1.0 < 4
2606 silly placeDep ROOT @types/draco3d@1.4.10 OK for: three-stdlib@2.36.1 want: ^1.4.0
2607 silly placeDep ROOT @types/offscreencanvas@2019.7.3 OK for: three-stdlib@2.36.1 want: ^2019.6.4
2608 silly placeDep ROOT draco3d@1.5.7 OK for: three-stdlib@2.36.1 want: ^1.4.1
2609 silly placeDep node_modules/three-stdlib fflate@0.6.11 OK for: three-stdlib@2.36.1 want: ^0.6.9
2610 silly placeDep ROOT potpack@1.0.2 OK for: three-stdlib@2.36.1 want: ^1.0.1
2611 silly placeDep node_modules/tinyglobby fdir@6.5.0 OK for: tinyglobby@0.2.17 want: ^6.5.0
2612 silly placeDep node_modules/tinyglobby picomatch@4.0.5 OK for: fdir@6.5.0 want: ^3 || ^4
2613 silly placeDep ROOT is-number@7.0.0 OK for: to-regex-range@5.0.1 want: ^7.0.0
2614 silly fetch manifest three@>=0.125.0
2615 silly packumentCache full:https://registry.npmjs.org/three cache-hit
2616 silly placeDep ROOT bidi-js@1.0.3 OK for: troika-three-text@0.52.5 want: ^1.0.2
2617 silly placeDep ROOT troika-three-utils@0.52.5 OK for: troika-three-text@0.52.5 want: ^0.52.5
2618 silly placeDep ROOT troika-worker-utils@0.52.0 OK for: troika-three-text@0.52.5 want: ^0.52.0
2619 silly placeDep ROOT webgl-sdf-generator@1.1.1 OK for: troika-three-text@0.52.5 want: 1.1.1
2620 silly fetch manifest require-from-string@^2.0.2
2621 silly packumentCache full:https://registry.npmjs.org/require-from-string cache-miss
2622 http cache https://registry.npmjs.org/require-from-string 3ms (cache hit)
2623 silly packumentCache full:https://registry.npmjs.org/require-from-string set size:15128 disposed:false
2624 silly placeDep ROOT require-from-string@2.0.2 OK for: bidi-js@1.0.3 want: ^2.0.2
2625 silly fetch manifest @types/react@>=16.8
2626 silly packumentCache full:https://registry.npmjs.org/@types%2freact cache-miss
2627 http cache https://registry.npmjs.org/@types%2freact 11ms (cache hit)
2628 silly packumentCache full:https://registry.npmjs.org/@types%2freact set size:2632776 disposed:false
2629 silly fetch manifest react@>=16.8
2630 silly packumentCache full:https://registry.npmjs.org/react cache-miss
2631 http cache https://registry.npmjs.org/react 26ms (cache hit)
2632 silly packumentCache full:https://registry.npmjs.org/react set size:6830011 disposed:false
2633 silly placeDep node_modules/tunnel-rat zustand@4.5.7 OK for: tunnel-rat@0.1.2 want: ^4.3.2
2634 silly placeDep ROOT escalade@3.2.0 OK for: update-browserslist-db@1.2.3 want: ^3.2.0
2635 silly placeDep ROOT detect-node-es@1.1.0 OK for: use-sidecar@1.1.3 want: ^1.1.0
2636 silly placeDep ROOT base64-arraybuffer@1.0.2 OK for: utrie@1.0.2 want: ^1.0.2
2637 silly placeDep ROOT @types/d3-array@3.2.2 OK for: victory-vendor@36.9.2 want: ^3.0.3
2638 silly placeDep ROOT @types/d3-ease@3.0.2 OK for: victory-vendor@36.9.2 want: ^3.0.0
2639 silly placeDep ROOT @types/d3-interpolate@3.0.4 OK for: victory-vendor@36.9.2 want: ^3.0.1
2640 silly placeDep ROOT @types/d3-scale@4.0.9 OK for: victory-vendor@36.9.2 want: ^4.0.2
2641 silly placeDep ROOT @types/d3-shape@3.1.8 OK for: victory-vendor@36.9.2 want: ^3.1.0
2642 silly placeDep ROOT @types/d3-time@3.0.4 OK for: victory-vendor@36.9.2 want: ^3.0.0
2643 silly placeDep ROOT @types/d3-timer@3.0.2 OK for: victory-vendor@36.9.2 want: ^3.0.0
2644 silly placeDep ROOT d3-array@3.2.4 OK for: victory-vendor@36.9.2 want: ^3.1.6
2645 silly placeDep ROOT d3-ease@3.0.1 OK for: victory-vendor@36.9.2 want: ^3.0.1
2646 silly placeDep ROOT d3-interpolate@3.0.1 OK for: victory-vendor@36.9.2 want: ^3.0.1
2647 silly placeDep ROOT d3-scale@4.0.2 OK for: victory-vendor@36.9.2 want: ^4.0.2
2648 silly placeDep ROOT d3-shape@3.2.0 OK for: victory-vendor@36.9.2 want: ^3.1.0
2649 silly placeDep ROOT d3-time@3.1.0 OK for: victory-vendor@36.9.2 want: ^3.0.0
2650 silly placeDep ROOT d3-timer@3.0.1 OK for: victory-vendor@36.9.2 want: ^3.0.1
2651 silly fetch manifest @types/d3-color@*
2652 silly packumentCache full:https://registry.npmjs.org/@types%2fd3-color cache-miss
2653 silly fetch manifest @types/d3-time@*
2654 silly packumentCache full:https://registry.npmjs.org/@types%2fd3-time cache-hit
2655 silly fetch manifest @types/d3-path@*
2656 silly packumentCache full:https://registry.npmjs.org/@types%2fd3-path cache-miss
2657 silly fetch manifest internmap@1 - 2
2658 silly packumentCache full:https://registry.npmjs.org/internmap cache-miss
2659 silly fetch manifest d3-color@1 - 3
2660 silly packumentCache full:https://registry.npmjs.org/d3-color cache-miss
2661 silly fetch manifest d3-format@1 - 3
2662 silly packumentCache full:https://registry.npmjs.org/d3-format cache-miss
2663 silly fetch manifest d3-time@2.1.1 - 3
2664 silly packumentCache full:https://registry.npmjs.org/d3-time cache-hit
2665 silly fetch manifest d3-time-format@2 - 4
2666 silly packumentCache full:https://registry.npmjs.org/d3-time-format cache-miss
2667 silly fetch manifest d3-path@^3.1.0
2668 silly packumentCache full:https://registry.npmjs.org/d3-path cache-miss
2669 http cache https://registry.npmjs.org/d3-color 13ms (cache hit)
2670 silly packumentCache full:https://registry.npmjs.org/d3-color set size:142335 disposed:false
2671 http cache https://registry.npmjs.org/internmap 17ms (cache hit)
2672 silly packumentCache full:https://registry.npmjs.org/internmap set size:19637 disposed:false
2673 http cache https://registry.npmjs.org/@types%2fd3-path 17ms (cache hit)
2674 silly packumentCache full:https://registry.npmjs.org/@types%2fd3-path set size:41268 disposed:false
2675 http cache https://registry.npmjs.org/@types%2fd3-color 20ms (cache hit)
2676 silly packumentCache full:https://registry.npmjs.org/@types%2fd3-color set size:69998 disposed:false
2677 http cache https://registry.npmjs.org/d3-path 18ms (cache hit)
2678 silly packumentCache full:https://registry.npmjs.org/d3-path set size:77883 disposed:false
2679 http cache https://registry.npmjs.org/d3-format 21ms (cache hit)
2680 silly packumentCache full:https://registry.npmjs.org/d3-format set size:107249 disposed:false
2681 http cache https://registry.npmjs.org/d3-time-format 22ms (cache hit)
2682 silly packumentCache full:https://registry.npmjs.org/d3-time-format set size:124514 disposed:false
2683 silly placeDep ROOT @types/d3-color@3.1.3 OK for: @types/d3-interpolate@3.0.4 want: *
2684 silly placeDep ROOT @types/d3-path@3.1.1 OK for: @types/d3-shape@3.1.8 want: *
2685 silly placeDep ROOT internmap@2.0.3 OK for: d3-array@3.2.4 want: 1 - 2
2686 silly placeDep ROOT d3-color@3.1.0 OK for: d3-interpolate@3.0.1 want: 1 - 3
2687 silly placeDep ROOT d3-format@3.1.2 OK for: d3-scale@4.0.2 want: 1 - 3
2688 silly placeDep ROOT d3-time-format@4.1.0 OK for: d3-scale@4.0.2 want: 2 - 4
2689 silly placeDep ROOT d3-path@3.1.0 OK for: d3-shape@3.2.0 want: ^3.1.0
2690 silly placeDep ROOT esbuild@0.21.5 OK for: vite@5.4.21 want: ^0.21.3
2691 silly placeDep ROOT rollup@4.62.3 OK for: vite@5.4.21 want: ^4.20.0
2692 silly fetch manifest @esbuild/aix-ppc64@0.21.5
2693 silly packumentCache full:https://registry.npmjs.org/@esbuild%2faix-ppc64 cache-miss
2694 silly fetch manifest @esbuild/linux-arm@0.21.5
2695 silly packumentCache full:https://registry.npmjs.org/@esbuild%2flinux-arm cache-miss
2696 silly fetch manifest @esbuild/linux-x64@0.21.5
2697 silly packumentCache full:https://registry.npmjs.org/@esbuild%2flinux-x64 cache-miss
2698 silly fetch manifest @esbuild/sunos-x64@0.21.5
2699 silly packumentCache full:https://registry.npmjs.org/@esbuild%2fsunos-x64 cache-miss
2700 silly fetch manifest @esbuild/win32-x64@0.21.5
2701 silly packumentCache full:https://registry.npmjs.org/@esbuild%2fwin32-x64 cache-miss
2702 silly fetch manifest @esbuild/darwin-x64@0.21.5
2703 silly packumentCache full:https://registry.npmjs.org/@esbuild%2fdarwin-x64 cache-miss
2704 silly fetch manifest @esbuild/linux-ia32@0.21.5
2705 silly packumentCache full:https://registry.npmjs.org/@esbuild%2flinux-ia32 cache-miss
2706 silly fetch manifest @esbuild/netbsd-x64@0.21.5
2707 silly packumentCache full:https://registry.npmjs.org/@esbuild%2fnetbsd-x64 cache-miss
2708 silly fetch manifest @esbuild/win32-ia32@0.21.5
2709 silly packumentCache full:https://registry.npmjs.org/@esbuild%2fwin32-ia32 cache-miss
2710 silly fetch manifest @esbuild/android-arm@0.21.5
2711 silly packumentCache full:https://registry.npmjs.org/@esbuild%2fandroid-arm cache-miss
2712 silly fetch manifest @esbuild/android-x64@0.21.5
2713 silly packumentCache full:https://registry.npmjs.org/@esbuild%2fandroid-x64 cache-miss
2714 silly fetch manifest @esbuild/freebsd-x64@0.21.5
2715 silly packumentCache full:https://registry.npmjs.org/@esbuild%2ffreebsd-x64 cache-miss
2716 silly fetch manifest @esbuild/linux-arm64@0.21.5
2717 silly packumentCache full:https://registry.npmjs.org/@esbuild%2flinux-arm64 cache-miss
2718 silly fetch manifest @esbuild/linux-ppc64@0.21.5
2719 silly packumentCache full:https://registry.npmjs.org/@esbuild%2flinux-ppc64 cache-miss
2720 silly fetch manifest @esbuild/linux-s390x@0.21.5
2721 silly packumentCache full:https://registry.npmjs.org/@esbuild%2flinux-s390x cache-miss
2722 silly fetch manifest @esbuild/openbsd-x64@0.21.5
2723 silly packumentCache full:https://registry.npmjs.org/@esbuild%2fopenbsd-x64 cache-miss
2724 silly fetch manifest @esbuild/win32-arm64@0.21.5
2725 silly packumentCache full:https://registry.npmjs.org/@esbuild%2fwin32-arm64 cache-miss
2726 silly fetch manifest @esbuild/darwin-arm64@0.21.5
2727 silly packumentCache full:https://registry.npmjs.org/@esbuild%2fdarwin-arm64 cache-miss
2728 silly fetch manifest @esbuild/android-arm64@0.21.5
2729 silly packumentCache full:https://registry.npmjs.org/@esbuild%2fandroid-arm64 cache-miss
2730 silly fetch manifest @esbuild/freebsd-arm64@0.21.5
2731 silly packumentCache full:https://registry.npmjs.org/@esbuild%2ffreebsd-arm64 cache-miss
2732 silly fetch manifest @esbuild/linux-loong64@0.21.5
2733 silly packumentCache full:https://registry.npmjs.org/@esbuild%2flinux-loong64 cache-miss
2734 silly fetch manifest @esbuild/linux-riscv64@0.21.5
2735 silly packumentCache full:https://registry.npmjs.org/@esbuild%2flinux-riscv64 cache-miss
2736 silly fetch manifest @esbuild/linux-mips64el@0.21.5
2737 silly packumentCache full:https://registry.npmjs.org/@esbuild%2flinux-mips64el cache-miss
2738 silly fetch manifest @types/estree@1.0.9
2739 silly packumentCache full:https://registry.npmjs.org/@types%2festree cache-miss
2740 silly fetch manifest @rollup/rollup-darwin-x64@4.62.3
2741 silly packumentCache full:https://registry.npmjs.org/@rollup%2frollup-darwin-x64 cache-miss
2742 silly fetch manifest @rollup/rollup-freebsd-x64@4.62.3
2743 silly packumentCache full:https://registry.npmjs.org/@rollup%2frollup-freebsd-x64 cache-miss
2744 silly fetch manifest @rollup/rollup-openbsd-x64@4.62.3
2745 silly packumentCache full:https://registry.npmjs.org/@rollup%2frollup-openbsd-x64 cache-miss
2746 silly fetch manifest @rollup/rollup-darwin-arm64@4.62.3
2747 silly packumentCache full:https://registry.npmjs.org/@rollup%2frollup-darwin-arm64 cache-miss
2748 silly fetch manifest @rollup/rollup-android-arm64@4.62.3
2749 silly packumentCache full:https://registry.npmjs.org/@rollup%2frollup-android-arm64 cache-miss
2750 silly fetch manifest @rollup/rollup-freebsd-arm64@4.62.3
2751 silly packumentCache full:https://registry.npmjs.org/@rollup%2frollup-freebsd-arm64 cache-miss
2752 silly fetch manifest @rollup/rollup-linux-x64-gnu@4.62.3
2753 silly packumentCache full:https://registry.npmjs.org/@rollup%2frollup-linux-x64-gnu cache-miss
2754 silly fetch manifest @rollup/rollup-win32-x64-gnu@4.62.3
2755 silly packumentCache full:https://registry.npmjs.org/@rollup%2frollup-win32-x64-gnu cache-miss
2756 silly fetch manifest @rollup/rollup-linux-x64-musl@4.62.3
2757 silly packumentCache full:https://registry.npmjs.org/@rollup%2frollup-linux-x64-musl cache-miss
2758 silly fetch manifest @rollup/rollup-win32-x64-msvc@4.62.3
2759 silly packumentCache full:https://registry.npmjs.org/@rollup%2frollup-win32-x64-msvc cache-miss
2760 silly fetch manifest @rollup/rollup-linux-arm64-gnu@4.62.3
2761 silly packumentCache full:https://registry.npmjs.org/@rollup%2frollup-linux-arm64-gnu cache-miss
2762 silly fetch manifest @rollup/rollup-linux-ppc64-gnu@4.62.3
2763 silly packumentCache full:https://registry.npmjs.org/@rollup%2frollup-linux-ppc64-gnu cache-miss
2764 silly fetch manifest @rollup/rollup-linux-s390x-gnu@4.62.3
2765 silly packumentCache full:https://registry.npmjs.org/@rollup%2frollup-linux-s390x-gnu cache-miss
2766 silly fetch manifest @rollup/rollup-win32-ia32-msvc@4.62.3
2767 silly packumentCache full:https://registry.npmjs.org/@rollup%2frollup-win32-ia32-msvc cache-miss
2768 silly fetch manifest @rollup/rollup-android-arm-eabi@4.62.3
2769 silly packumentCache full:https://registry.npmjs.org/@rollup%2frollup-android-arm-eabi cache-miss
2770 silly fetch manifest @rollup/rollup-linux-arm64-musl@4.62.3
2771 silly packumentCache full:https://registry.npmjs.org/@rollup%2frollup-linux-arm64-musl cache-miss
2772 silly fetch manifest @rollup/rollup-linux-ppc64-musl@4.62.3
2773 silly packumentCache full:https://registry.npmjs.org/@rollup%2frollup-linux-ppc64-musl cache-miss
2774 silly fetch manifest @rollup/rollup-win32-arm64-msvc@4.62.3
2775 silly packumentCache full:https://registry.npmjs.org/@rollup%2frollup-win32-arm64-msvc cache-miss
2776 silly fetch manifest @rollup/rollup-linux-loong64-gnu@4.62.3
2777 silly packumentCache full:https://registry.npmjs.org/@rollup%2frollup-linux-loong64-gnu cache-miss
2778 silly fetch manifest @rollup/rollup-linux-riscv64-gnu@4.62.3
2779 silly packumentCache full:https://registry.npmjs.org/@rollup%2frollup-linux-riscv64-gnu cache-miss
2780 silly fetch manifest @rollup/rollup-openharmony-arm64@4.62.3
2781 silly packumentCache full:https://registry.npmjs.org/@rollup%2frollup-openharmony-arm64 cache-miss
2782 silly fetch manifest @rollup/rollup-linux-loong64-musl@4.62.3
2783 silly packumentCache full:https://registry.npmjs.org/@rollup%2frollup-linux-loong64-musl cache-miss
2784 silly fetch manifest @rollup/rollup-linux-riscv64-musl@4.62.3
2785 silly packumentCache full:https://registry.npmjs.org/@rollup%2frollup-linux-riscv64-musl cache-miss
2786 http cache https://registry.npmjs.org/@esbuild%2flinux-x64 131ms (cache hit)
2787 silly packumentCache full:https://registry.npmjs.org/@esbuild%2flinux-x64 set size:197126 disposed:false
2788 silly fetch manifest @rollup/rollup-linux-arm-gnueabihf@4.62.3
2789 silly packumentCache full:https://registry.npmjs.org/@rollup%2frollup-linux-arm-gnueabihf cache-miss
2790 http cache https://registry.npmjs.org/@esbuild%2flinux-ia32 135ms (cache hit)
2791 silly packumentCache full:https://registry.npmjs.org/@esbuild%2flinux-ia32 set size:197805 disposed:false
2792 silly fetch manifest @rollup/rollup-linux-arm-musleabihf@4.62.3
2793 silly packumentCache full:https://registry.npmjs.org/@rollup%2frollup-linux-arm-musleabihf cache-miss
2794 http cache https://registry.npmjs.org/@esbuild%2flinux-arm 142ms (cache hit)
2795 silly packumentCache full:https://registry.npmjs.org/@esbuild%2flinux-arm set size:196784 disposed:false
2796 http cache https://registry.npmjs.org/@esbuild%2faix-ppc64 145ms (cache hit)
2797 silly packumentCache full:https://registry.npmjs.org/@esbuild%2faix-ppc64 set size:65972 disposed:false
2798 http cache https://registry.npmjs.org/@esbuild%2fdarwin-x64 145ms (cache hit)
2799 silly packumentCache full:https://registry.npmjs.org/@esbuild%2fdarwin-x64 set size:197848 disposed:false
2800 http cache https://registry.npmjs.org/@esbuild%2fsunos-x64 148ms (cache hit)
2801 silly packumentCache full:https://registry.npmjs.org/@esbuild%2fsunos-x64 set size:197370 disposed:false
2802 http cache https://registry.npmjs.org/@esbuild%2fnetbsd-x64 150ms (cache hit)
2803 silly packumentCache full:https://registry.npmjs.org/@esbuild%2fnetbsd-x64 set size:195514 disposed:false
2804 http cache https://registry.npmjs.org/@esbuild%2fwin32-x64 154ms (cache hit)
2805 silly packumentCache full:https://registry.npmjs.org/@esbuild%2fwin32-x64 set size:195722 disposed:false
2806 http cache https://registry.npmjs.org/@esbuild%2ffreebsd-x64 155ms (cache hit)
2807 silly packumentCache full:https://registry.npmjs.org/@esbuild%2ffreebsd-x64 set size:198734 disposed:false
2808 http cache https://registry.npmjs.org/@esbuild%2fandroid-arm 158ms (cache hit)
2809 silly packumentCache full:https://registry.npmjs.org/@esbuild%2fandroid-arm set size:223400 disposed:false
2810 http cache https://registry.npmjs.org/@esbuild%2fwin32-ia32 161ms (cache hit)
2811 silly packumentCache full:https://registry.npmjs.org/@esbuild%2fwin32-ia32 set size:198030 disposed:false
2812 http cache https://registry.npmjs.org/@esbuild%2flinux-arm64 163ms (cache hit)
2813 silly packumentCache full:https://registry.npmjs.org/@esbuild%2flinux-arm64 set size:198939 disposed:false
2814 http cache https://registry.npmjs.org/@esbuild%2flinux-ppc64 165ms (cache hit)
2815 silly packumentCache full:https://registry.npmjs.org/@esbuild%2flinux-ppc64 set size:200994 disposed:false
2816 http cache https://registry.npmjs.org/@esbuild%2flinux-s390x 168ms (cache hit)
2817 silly packumentCache full:https://registry.npmjs.org/@esbuild%2flinux-s390x set size:200463 disposed:false
2818 http cache https://registry.npmjs.org/@esbuild%2fwin32-arm64 169ms (cache hit)
2819 silly packumentCache full:https://registry.npmjs.org/@esbuild%2fwin32-arm64 set size:199171 disposed:false
2820 http cache https://registry.npmjs.org/@esbuild%2fandroid-x64 174ms (cache hit)
2821 silly packumentCache full:https://registry.npmjs.org/@esbuild%2fandroid-x64 set size:197200 disposed:false
2822 http cache https://registry.npmjs.org/@esbuild%2fopenbsd-x64 174ms (cache hit)
2823 silly packumentCache full:https://registry.npmjs.org/@esbuild%2fopenbsd-x64 set size:198745 disposed:false
2824 http cache https://registry.npmjs.org/@esbuild%2ffreebsd-arm64 176ms (cache hit)
2825 silly packumentCache full:https://registry.npmjs.org/@esbuild%2ffreebsd-arm64 set size:200534 disposed:false
2826 http cache https://registry.npmjs.org/@esbuild%2fandroid-arm64 180ms (cache hit)
2827 silly packumentCache full:https://registry.npmjs.org/@esbuild%2fandroid-arm64 set size:202366 disposed:false
2828 http cache https://registry.npmjs.org/@esbuild%2flinux-mips64el 180ms (cache hit)
2829 silly packumentCache full:https://registry.npmjs.org/@esbuild%2flinux-mips64el set size:202764 disposed:false
2830 http cache https://registry.npmjs.org/@esbuild%2flinux-riscv64 184ms (cache hit)
2831 silly packumentCache full:https://registry.npmjs.org/@esbuild%2flinux-riscv64 set size:200662 disposed:false
2832 http cache https://registry.npmjs.org/@esbuild%2flinux-loong64 187ms (cache hit)
2833 silly packumentCache full:https://registry.npmjs.org/@esbuild%2flinux-loong64 set size:253896 disposed:false
2834 http cache https://registry.npmjs.org/@rollup%2frollup-openbsd-x64 188ms (cache hit)
2835 silly packumentCache full:https://registry.npmjs.org/@rollup%2frollup-openbsd-x64 set size:41533 disposed:false
2836 http cache https://registry.npmjs.org/@esbuild%2fdarwin-arm64 192ms (cache hit)
2837 silly packumentCache full:https://registry.npmjs.org/@esbuild%2fdarwin-arm64 set size:199630 disposed:false
2838 http cache https://registry.npmjs.org/@types%2festree 193ms (cache hit)
2839 silly packumentCache full:https://registry.npmjs.org/@types%2festree set size:76072 disposed:false
2840 http cache https://registry.npmjs.org/@rollup%2frollup-freebsd-x64 193ms (cache hit)
2841 silly packumentCache full:https://registry.npmjs.org/@rollup%2frollup-freebsd-x64 set size:196788 disposed:false
2842 http cache https://registry.npmjs.org/@rollup%2frollup-darwin-x64 198ms (cache hit)
2843 silly packumentCache full:https://registry.npmjs.org/@rollup%2frollup-darwin-x64 set size:344144 disposed:false
2844 http cache https://registry.npmjs.org/@rollup%2frollup-freebsd-arm64 201ms (cache hit)
2845 silly packumentCache full:https://registry.npmjs.org/@rollup%2frollup-freebsd-arm64 set size:198792 disposed:false
2846 http cache https://registry.npmjs.org/@rollup%2frollup-win32-x64-gnu 204ms (cache hit)
2847 silly packumentCache full:https://registry.npmjs.org/@rollup%2frollup-win32-x64-gnu set size:72210 disposed:false
2848 http cache https://registry.npmjs.org/@rollup%2frollup-darwin-arm64 207ms (cache hit)
2849 silly packumentCache full:https://registry.npmjs.org/@rollup%2frollup-darwin-arm64 set size:349039 disposed:false
2850 http cache https://registry.npmjs.org/@rollup%2frollup-android-arm64 211ms (cache hit)
2851 silly packumentCache full:https://registry.npmjs.org/@rollup%2frollup-android-arm64 set size:350588 disposed:false
2852 http cache https://registry.npmjs.org/@rollup%2frollup-linux-ppc64-gnu 204ms (cache hit)
2853 silly packumentCache full:https://registry.npmjs.org/@rollup%2frollup-linux-ppc64-gnu set size:101087 disposed:false
2854 http cache https://registry.npmjs.org/@rollup%2frollup-linux-x64-gnu 231ms (cache hit)
2855 silly packumentCache full:https://registry.npmjs.org/@rollup%2frollup-linux-x64-gnu set size:351448 disposed:false
2856 http cache https://registry.npmjs.org/@rollup%2frollup-win32-x64-msvc 238ms (cache hit)
2857 silly packumentCache full:https://registry.npmjs.org/@rollup%2frollup-win32-x64-msvc set size:349164 disposed:false
2858 http cache https://registry.npmjs.org/@rollup%2frollup-linux-x64-musl 245ms (cache hit)
2859 silly packumentCache full:https://registry.npmjs.org/@rollup%2frollup-linux-x64-musl set size:350832 disposed:false
2860 http cache https://registry.npmjs.org/@rollup%2frollup-linux-arm64-gnu 230ms (cache hit)
2861 silly packumentCache full:https://registry.npmjs.org/@rollup%2frollup-linux-arm64-gnu set size:356403 disposed:false
2862 http cache https://registry.npmjs.org/@rollup%2frollup-linux-arm64-musl 233ms (cache hit)
2863 silly packumentCache full:https://registry.npmjs.org/@rollup%2frollup-linux-arm64-musl set size:311828 disposed:false
2864 http cache https://registry.npmjs.org/@rollup%2frollup-win32-ia32-msvc 253ms (cache hit)
2865 silly packumentCache full:https://registry.npmjs.org/@rollup%2frollup-win32-ia32-msvc set size:352564 disposed:false
2866 http cache https://registry.npmjs.org/@rollup%2frollup-linux-ppc64-musl 258ms (cache hit)
2867 silly packumentCache full:https://registry.npmjs.org/@rollup%2frollup-linux-ppc64-musl set size:42649 disposed:false
2868 http cache https://registry.npmjs.org/@rollup%2frollup-openharmony-arm64 258ms (cache hit)
2869 silly packumentCache full:https://registry.npmjs.org/@rollup%2frollup-openharmony-arm64 set size:81762 disposed:false
2870 http cache https://registry.npmjs.org/@rollup%2frollup-android-arm-eabi 264ms (cache hit)
2871 silly packumentCache full:https://registry.npmjs.org/@rollup%2frollup-android-arm-eabi set size:354106 disposed:false
2872 http cache https://registry.npmjs.org/@rollup%2frollup-win32-arm64-msvc 269ms (cache hit)
2873 silly packumentCache full:https://registry.npmjs.org/@rollup%2frollup-win32-arm64-msvc set size:354097 disposed:false
2874 http cache https://registry.npmjs.org/@rollup%2frollup-linux-s390x-gnu 277ms (cache hit)
2875 silly packumentCache full:https://registry.npmjs.org/@rollup%2frollup-linux-s390x-gnu set size:256252 disposed:false
2876 http cache https://registry.npmjs.org/@rollup%2frollup-linux-riscv64-gnu 300ms (cache hit)
2877 silly packumentCache full:https://registry.npmjs.org/@rollup%2frollup-linux-riscv64-gnu set size:282649 disposed:false
2878 http cache https://registry.npmjs.org/@rollup%2frollup-linux-loong64-musl 304ms (cache hit)
2879 silly packumentCache full:https://registry.npmjs.org/@rollup%2frollup-linux-loong64-musl set size:43003 disposed:false
2880 http cache https://registry.npmjs.org/@rollup%2frollup-linux-loong64-gnu 306ms (cache hit)
2881 silly packumentCache full:https://registry.npmjs.org/@rollup%2frollup-linux-loong64-gnu set size:80961 disposed:false
2882 http cache https://registry.npmjs.org/@rollup%2frollup-linux-riscv64-musl 306ms (cache hit)
2883 silly packumentCache full:https://registry.npmjs.org/@rollup%2frollup-linux-riscv64-musl set size:128668 disposed:false
2884 http cache https://registry.npmjs.org/@rollup%2frollup-linux-arm-gnueabihf 224ms (cache hit)
2885 silly packumentCache full:https://registry.npmjs.org/@rollup%2frollup-linux-arm-gnueabihf set size:360057 disposed:false
2886 http cache https://registry.npmjs.org/@rollup%2frollup-linux-arm-musleabihf 226ms (cache hit)
2887 silly packumentCache full:https://registry.npmjs.org/@rollup%2frollup-linux-arm-musleabihf set size:254268 disposed:false
2888 silly placeDep ROOT @esbuild/aix-ppc64@0.21.5 OK for: esbuild@0.21.5 want: 0.21.5
2889 silly placeDep ROOT @esbuild/android-arm@0.21.5 OK for: esbuild@0.21.5 want: 0.21.5
2890 silly placeDep ROOT @esbuild/android-arm64@0.21.5 OK for: esbuild@0.21.5 want: 0.21.5
2891 silly placeDep ROOT @esbuild/android-x64@0.21.5 OK for: esbuild@0.21.5 want: 0.21.5
2892 silly placeDep ROOT @esbuild/darwin-arm64@0.21.5 OK for: esbuild@0.21.5 want: 0.21.5
2893 silly placeDep ROOT @esbuild/darwin-x64@0.21.5 OK for: esbuild@0.21.5 want: 0.21.5
2894 silly placeDep ROOT @esbuild/freebsd-arm64@0.21.5 OK for: esbuild@0.21.5 want: 0.21.5
2895 silly placeDep ROOT @esbuild/freebsd-x64@0.21.5 OK for: esbuild@0.21.5 want: 0.21.5
2896 silly placeDep ROOT @esbuild/linux-arm@0.21.5 OK for: esbuild@0.21.5 want: 0.21.5
2897 silly placeDep ROOT @esbuild/linux-arm64@0.21.5 OK for: esbuild@0.21.5 want: 0.21.5
2898 silly placeDep ROOT @esbuild/linux-ia32@0.21.5 OK for: esbuild@0.21.5 want: 0.21.5
2899 silly placeDep ROOT @esbuild/linux-loong64@0.21.5 OK for: esbuild@0.21.5 want: 0.21.5
2900 silly placeDep ROOT @esbuild/linux-mips64el@0.21.5 OK for: esbuild@0.21.5 want: 0.21.5
2901 silly placeDep ROOT @esbuild/linux-ppc64@0.21.5 OK for: esbuild@0.21.5 want: 0.21.5
2902 silly placeDep ROOT @esbuild/linux-riscv64@0.21.5 OK for: esbuild@0.21.5 want: 0.21.5
2903 silly placeDep ROOT @esbuild/linux-s390x@0.21.5 OK for: esbuild@0.21.5 want: 0.21.5
2904 silly placeDep ROOT @esbuild/linux-x64@0.21.5 OK for: esbuild@0.21.5 want: 0.21.5
2905 silly placeDep ROOT @esbuild/netbsd-x64@0.21.5 OK for: esbuild@0.21.5 want: 0.21.5
2906 silly placeDep ROOT @esbuild/openbsd-x64@0.21.5 OK for: esbuild@0.21.5 want: 0.21.5
2907 silly placeDep ROOT @esbuild/sunos-x64@0.21.5 OK for: esbuild@0.21.5 want: 0.21.5
2908 silly placeDep ROOT @esbuild/win32-arm64@0.21.5 OK for: esbuild@0.21.5 want: 0.21.5
2909 silly placeDep ROOT @esbuild/win32-ia32@0.21.5 OK for: esbuild@0.21.5 want: 0.21.5
2910 silly placeDep ROOT @esbuild/win32-x64@0.21.5 OK for: esbuild@0.21.5 want: 0.21.5
2911 silly placeDep ROOT @rollup/rollup-android-arm-eabi@4.62.3 OK for: rollup@4.62.3 want: 4.62.3
2912 silly placeDep ROOT @rollup/rollup-android-arm64@4.62.3 OK for: rollup@4.62.3 want: 4.62.3
2913 silly placeDep ROOT @rollup/rollup-darwin-arm64@4.62.3 OK for: rollup@4.62.3 want: 4.62.3
2914 silly placeDep ROOT @rollup/rollup-darwin-x64@4.62.3 OK for: rollup@4.62.3 want: 4.62.3
2915 silly placeDep ROOT @rollup/rollup-freebsd-arm64@4.62.3 OK for: rollup@4.62.3 want: 4.62.3
2916 silly placeDep ROOT @rollup/rollup-freebsd-x64@4.62.3 OK for: rollup@4.62.3 want: 4.62.3
2917 silly placeDep ROOT @rollup/rollup-linux-arm-gnueabihf@4.62.3 OK for: rollup@4.62.3 want: 4.62.3
2918 silly placeDep ROOT @rollup/rollup-linux-arm-musleabihf@4.62.3 OK for: rollup@4.62.3 want: 4.62.3
2919 silly placeDep ROOT @rollup/rollup-linux-arm64-gnu@4.62.3 OK for: rollup@4.62.3 want: 4.62.3
2920 silly placeDep ROOT @rollup/rollup-linux-arm64-musl@4.62.3 OK for: rollup@4.62.3 want: 4.62.3
2921 silly placeDep ROOT @rollup/rollup-linux-loong64-gnu@4.62.3 OK for: rollup@4.62.3 want: 4.62.3
2922 silly placeDep ROOT @rollup/rollup-linux-loong64-musl@4.62.3 OK for: rollup@4.62.3 want: 4.62.3
2923 silly placeDep ROOT @rollup/rollup-linux-ppc64-gnu@4.62.3 OK for: rollup@4.62.3 want: 4.62.3
2924 silly placeDep ROOT @rollup/rollup-linux-ppc64-musl@4.62.3 OK for: rollup@4.62.3 want: 4.62.3
2925 silly placeDep ROOT @rollup/rollup-linux-riscv64-gnu@4.62.3 OK for: rollup@4.62.3 want: 4.62.3
2926 silly placeDep ROOT @rollup/rollup-linux-riscv64-musl@4.62.3 OK for: rollup@4.62.3 want: 4.62.3
2927 silly placeDep ROOT @rollup/rollup-linux-s390x-gnu@4.62.3 OK for: rollup@4.62.3 want: 4.62.3
2928 silly placeDep ROOT @rollup/rollup-linux-x64-gnu@4.62.3 OK for: rollup@4.62.3 want: 4.62.3
2929 silly placeDep ROOT @rollup/rollup-linux-x64-musl@4.62.3 OK for: rollup@4.62.3 want: 4.62.3
2930 silly placeDep ROOT @rollup/rollup-openbsd-x64@4.62.3 OK for: rollup@4.62.3 want: 4.62.3
2931 silly placeDep ROOT @rollup/rollup-openharmony-arm64@4.62.3 OK for: rollup@4.62.3 want: 4.62.3
2932 silly placeDep ROOT @rollup/rollup-win32-arm64-msvc@4.62.3 OK for: rollup@4.62.3 want: 4.62.3
2933 silly placeDep ROOT @rollup/rollup-win32-ia32-msvc@4.62.3 OK for: rollup@4.62.3 want: 4.62.3
2934 silly placeDep ROOT @rollup/rollup-win32-x64-gnu@4.62.3 OK for: rollup@4.62.3 want: 4.62.3
2935 silly placeDep ROOT @rollup/rollup-win32-x64-msvc@4.62.3 OK for: rollup@4.62.3 want: 4.62.3
2936 silly placeDep ROOT @types/estree@1.0.9 OK for: rollup@4.62.3 want: 1.0.9
2937 silly placeDep ROOT isexe@2.0.0 OK for: which@2.0.2 want: ^2.0.0
2938 silly reify moves {}
2939 silly audit bulk request {
2939 silly audit   '@biomejs/biome': [ '1.9.4' ],
2939 silly audit   '@radix-ui/react-accordion': [ '1.2.20' ],
2939 silly audit   react: [ '19.1.9' ],
2939 silly audit   'react-dom': [ '19.1.9' ],
2939 silly audit   '@radix-ui/react-alert-dialog': [ '1.1.23' ],
2939 silly audit   '@radix-ui/react-aspect-ratio': [ '1.1.15' ],
2939 silly audit   '@radix-ui/react-avatar': [ '1.2.6' ],
2939 silly audit   '@radix-ui/react-checkbox': [ '1.3.11' ],
2939 silly audit   '@radix-ui/react-collapsible': [ '1.1.20' ],
2939 silly audit   '@radix-ui/react-context-menu': [ '2.3.7' ],
2939 silly audit   '@radix-ui/react-dialog': [ '1.1.23' ],
2939 silly audit   '@radix-ui/react-dropdown-menu': [ '2.1.24' ],
2939 silly audit   '@radix-ui/react-hover-card': [ '1.1.23' ],
2939 silly audit   '@radix-ui/react-label': [ '2.1.15' ],
2939 silly audit   '@radix-ui/react-menubar': [ '1.1.24' ],
2939 silly audit   '@radix-ui/react-navigation-menu': [ '1.2.22' ],
2939 silly audit   '@radix-ui/react-popover': [ '1.1.23' ],
2939 silly audit   '@radix-ui/react-progress': [ '1.1.16' ],
2939 silly audit   '@radix-ui/react-radio-group': [ '1.4.7' ],
2939 silly audit   '@radix-ui/react-scroll-area': [ '1.2.18' ],
2939 silly audit   '@radix-ui/react-select': [ '2.3.7' ],
2939 silly audit   '@radix-ui/react-separator': [ '1.1.15' ],
2939 silly audit   '@radix-ui/react-slider': [ '1.4.7' ],
2939 silly audit   '@radix-ui/react-slot': [ '1.3.3' ],
2939 silly audit   '@radix-ui/react-switch': [ '1.3.7' ],
2939 silly audit   '@radix-ui/react-tabs': [ '1.1.21' ],
2939 silly audit   '@radix-ui/react-toggle': [ '1.1.18' ],
2939 silly audit   '@radix-ui/react-toggle-group': [ '1.1.19' ],
2939 silly audit   '@radix-ui/react-tooltip': [ '1.2.16' ],
2939 silly audit   '@react-three/cannon': [ '6.6.0' ],
2939 silly audit   three: [ '0.176.0', '0.170.0' ],
2939 silly audit   '@react-three/fiber': [ '9.1.4' ],
2939 silly audit   '@react-three/drei': [ '10.0.8' ],
2939 silly audit   '@tailwindcss/container-queries': [ '0.1.1' ],
2939 silly audit   tailwindcss: [ '3.4.19' ],
2939 silly audit   '@tailwindcss/typography': [ '0.5.10' ],
2939 silly audit   '@tanstack/react-query': [ '5.101.4' ],
2939 silly audit   '@tanstack/react-router': [ '1.131.50' ],
2939 silly audit   '@types/node': [ '20.19.43' ],
2939 silly audit   '@types/react': [ '19.1.17' ],
2939 silly audit   '@types/react-dom': [ '19.1.11' ],
2939 silly audit   '@types/three': [ '0.176.0' ],
2939 silly audit   '@vitejs/plugin-react': [ '4.7.0' ],
2939 silly audit   vite: [ '5.4.21' ],
2939 silly audit   autoprefixer: [ '10.5.4' ],
2939 silly audit   postcss: [ '8.5.23' ],
2939 silly audit   'class-variance-authority': [ '0.7.1' ],
2939 silly audit   clsx: [ '2.1.1' ],
2939 silly audit   cmdk: [ '1.1.1' ],
2939 silly audit   'date-fns': [ '3.6.0', '4.4.0' ],
2939 silly audit   dotenv: [ '16.6.1' ],
2939 silly audit   'dotenv-cli': [ '8.0.0' ],
2939 silly audit   'embla-carousel-react': [ '8.6.0' ],
2939 silly audit   html2canvas: [ '1.4.1' ],
2939 silly audit   'input-otp': [ '1.4.2' ],
2939 silly audit   'lucide-react': [ '0.511.0' ],
2939 silly audit   motion: [ '12.42.2' ],
2939 silly audit   'next-themes': [ '0.4.6' ],
2939 silly audit   'react-day-picker': [ '9.14.0' ],
2939 silly audit   'react-hook-form': [ '7.83.0' ],
2939 silly audit   'react-icons': [ '5.7.0' ],
2939 silly audit   'react-quill-new': [ '3.4.6' ],
2939 silly audit   'quill-delta': [ '5.1.0' ],
2939 silly audit   'react-resizable-panels': [ '2.1.9' ],
2939 silly audit   'react-use': [ '17.6.1' ],
2939 silly audit   recharts: [ '2.15.4' ],
2939 silly audit   sonner: [ '1.7.4' ],
2939 silly audit   'tailwind-merge': [ '2.6.1' ],
2939 silly audit   'tailwindcss-animate': [ '1.0.7' ],
2939 silly audit   typescript: [ '5.9.3' ],
2939 silly audit   vaul: [ '1.1.2' ],
2939 silly audit   'vite-plugin-environment': [ '1.1.3' ],
2939 silly audit   zustand: [ '5.0.14', '4.5.7' ],
2939 silly audit   '@biomejs/cli-darwin-arm64': [ '1.9.4' ],
2939 silly audit   '@biomejs/cli-darwin-x64': [ '1.9.4' ],
2939 silly audit   '@biomejs/cli-linux-arm64': [ '1.9.4' ],
2939 silly audit   '@biomejs/cli-linux-arm64-musl': [ '1.9.4' ],
2939 silly audit   '@biomejs/cli-linux-x64': [ '1.9.4' ],
2939 silly audit   '@biomejs/cli-linux-x64-musl': [ '1.9.4' ],
2939 silly audit   '@biomejs/cli-win32-arm64': [ '1.9.4' ],
2939 silly audit   '@biomejs/cli-win32-x64': [ '1.9.4' ],
2939 silly audit   '@radix-ui/primitive': [ '1.1.7' ],
2939 silly audit   '@radix-ui/react-collection': [ '1.1.15' ],
2939 silly audit   '@radix-ui/react-compose-refs': [ '1.1.5' ],
2939 silly audit   '@radix-ui/react-context': [ '1.2.2' ],
2939 silly audit   '@radix-ui/react-direction': [ '1.1.4' ],
2939 silly audit   '@radix-ui/react-id': [ '1.1.4' ],
2939 silly audit   '@radix-ui/react-primitive': [ '2.1.10' ],
2939 silly audit   '@radix-ui/react-use-controllable-state': [ '1.2.6' ],
2939 silly audit   '@radix-ui/react-use-callback-ref': [ '1.1.4' ],
2939 silly audit   '@radix-ui/react-use-is-hydrated': [ '0.1.3' ],
2939 silly audit   '@radix-ui/react-use-layout-effect': [ '1.1.4' ],
2939 silly audit   '@radix-ui/react-presence': [ '1.1.10' ],
2939 silly audit   '@radix-ui/react-use-size': [ '1.1.4' ],
2939 silly audit   '@radix-ui/react-menu': [ '2.1.24' ],
2939 silly audit   '@radix-ui/react-dismissable-layer': [ '1.1.19' ],
2939 silly audit   '@radix-ui/react-focus-guards': [ '1.1.6' ],
2939 silly audit   '@radix-ui/react-focus-scope': [ '1.1.16' ],
2939 silly audit   '@radix-ui/react-portal': [ '1.1.17' ],
2939 silly audit   'aria-hidden': [ '1.2.6' ],
2939 silly audit   'react-remove-scroll': [ '2.7.2' ],
2939 silly audit   '@radix-ui/react-use-effect-event': [ '0.0.5' ],
2939 silly audit   '@radix-ui/react-popper': [ '1.3.7' ],
2939 silly audit   '@radix-ui/react-roving-focus': [ '1.1.19' ],
2939 silly audit   '@radix-ui/react-use-previous': [ '1.1.4' ],
2939 silly audit   '@radix-ui/react-visually-hidden': [ '1.2.11' ],
2939 silly audit   '@floating-ui/react-dom': [ '2.1.9' ],
2939 silly audit   '@radix-ui/react-arrow': [ '1.1.15' ],
2939 silly audit   '@radix-ui/react-use-rect': [ '1.1.4' ],
2939 silly audit   '@radix-ui/rect': [ '1.1.3' ],
2939 silly audit   '@floating-ui/dom': [ '1.8.0' ],
2939 silly audit   '@floating-ui/core': [ '1.8.0' ],
2939 silly audit   '@floating-ui/utils': [ '0.2.12' ],
2939 silly audit   '@radix-ui/number': [ '1.1.3' ],
2939 silly audit   '@pmndrs/cannon-worker-api': [ '2.4.0' ],
2939 silly audit   'cannon-es': [ '0.20.0' ],
2939 silly audit   'cannon-es-debugger': [ '1.0.0' ],
2939 silly audit   '@babel/runtime': [ '7.29.7' ],
2939 silly audit   '@mediapipe/tasks-vision': [ '0.10.17' ],
2939 silly audit   '@monogrid/gainmap-js': [ '3.4.0' ],
2939 silly audit   '@use-gesture/react': [ '10.3.1' ],
2939 silly audit   'camera-controls': [ '2.10.1' ],
2939 silly audit   'cross-env': [ '7.0.3' ],
2939 silly audit   'detect-gpu': [ '5.0.70' ],
2939 silly audit   'glsl-noise': [ '0.0.0' ],
2939 silly audit   'hls.js': [ '1.6.16' ],
2939 silly audit   maath: [ '0.10.8' ],
2939 silly audit   meshline: [ '3.3.1' ],
2939 silly audit   'stats-gl': [ '2.4.2' ],
2939 silly audit   'stats.js': [ '0.17.0' ],
2939 silly audit   'suspend-react': [ '0.1.3' ],
2939 silly audit   'three-mesh-bvh': [ '0.8.3' ],
2939 silly audit   'three-stdlib': [ '2.36.1' ],
2939 silly audit   'troika-three-text': [ '0.52.5' ],
2939 silly audit   'tunnel-rat': [ '0.1.2' ],
2939 silly audit   'use-sync-external-store': [ '1.6.0' ],
2939 silly audit   'utility-types': [ '3.11.0' ],
2939 silly audit   'promise-worker-transferable': [ '1.0.4' ],
2939 silly audit   '@types/react-reconciler': [ '0.28.9' ],
2939 silly audit   '@types/webxr': [ '0.5.24' ],
2939 silly audit   'base64-js': [ '1.5.1' ],
2939 silly audit   buffer: [ '6.0.3' ],
2939 silly audit   'its-fine': [ '2.0.0' ],
2939 silly audit   'react-reconciler': [ '0.31.0' ],
2939 silly audit   'react-use-measure': [ '2.1.7' ],
2939 silly audit   scheduler: [ '0.25.0', '0.26.0' ],
2939 silly audit   'lodash.castarray': [ '4.4.0' ],
2939 silly audit   'lodash.isplainobject': [ '4.0.6' ],
2939 silly audit   'lodash.merge': [ '4.6.2' ],
2939 silly audit   'postcss-selector-parser': [ '6.0.10', '6.1.4' ],
2939 silly audit   '@tanstack/query-core': [ '5.101.4' ],
2939 silly audit   '@tanstack/history': [ '1.131.2' ],
2939 silly audit   '@tanstack/react-store': [ '0.7.7' ],
2939 silly audit   '@tanstack/router-core': [ '1.131.50' ],
2939 silly audit   isbot: [ '5.2.1' ],
2939 silly audit   'tiny-invariant': [ '1.3.3' ],
2939 silly audit   'tiny-warning': [ '1.0.3' ],
2939 silly audit   '@tanstack/store': [ '0.7.7' ],
2939 silly audit   'cookie-es': [ '1.2.3' ],
2939 silly audit   seroval: [ '1.5.6' ],
2939 silly audit   'seroval-plugins': [ '1.5.6' ],
2939 silly audit   'undici-types': [ '6.21.0' ],
2939 silly audit   csstype: [ '3.2.3' ],
2939 silly audit   '@dimforge/rapier3d-compat': [ '0.12.0' ],
2939 silly audit   '@tweenjs/tween.js': [ '23.1.3' ],
2939 silly audit   '@types/stats.js': [ '0.17.4' ],
2939 silly audit   '@webgpu/types': [ '0.1.71' ],
2939 silly audit   fflate: [ '0.8.3', '0.6.11' ],
2939 silly audit   meshoptimizer: [ '0.18.1' ],
2939 silly audit   '@use-gesture/core': [ '10.3.1' ],
2939 silly audit   '@babel/core': [ '7.29.7' ],
2939 silly audit   '@babel/plugin-transform-react-jsx-self': [ '7.29.7' ],
2939 silly audit   '@babel/plugin-transform-react-jsx-source': [ '7.29.7' ],
2939 silly audit   '@rolldown/pluginutils': [ '1.0.0-beta.27' ],
2939 silly audit   '@types/babel__core': [ '7.20.5' ],
2939 silly audit   'react-refresh': [ '0.17.0' ],
2939 silly audit   '@babel/code-frame': [ '7.29.7' ],
2939 silly audit   '@babel/generator': [ '7.29.7' ],
2939 silly audit   '@babel/helper-compilation-targets': [ '7.29.7' ],
2939 silly audit   '@babel/helper-module-transforms': [ '7.29.7' ],
2939 silly audit   '@babel/helpers': [ '7.29.7' ],
2939 silly audit   '@babel/parser': [ '7.29.7' ],
2939 silly audit   '@babel/template': [ '7.29.7' ],
2939 silly audit   '@babel/traverse': [ '7.29.7' ],
2939 silly audit   '@babel/types': [ '7.29.7' ],
2939 silly audit   '@jridgewell/remapping': [ '2.3.5' ],
2939 silly audit   'convert-source-map': [ '2.0.0' ],
2939 silly audit   debug: [ '4.4.3' ],
2939 silly audit   gensync: [ '1.0.0-beta.2' ],
2939 silly audit   json5: [ '2.2.3' ],
2939 silly audit   semver: [ '6.3.1' ],
2939 silly audit   '@babel/helper-validator-identifier': [ '7.29.7' ],
2939 silly audit   'js-tokens': [ '4.0.0' ],
2939 silly audit   picocolors: [ '1.1.1' ],
2939 silly audit   '@jridgewell/gen-mapping': [ '0.3.13' ],
2939 silly audit   '@jridgewell/trace-mapping': [ '0.3.31' ],
2939 silly audit   jsesc: [ '3.1.0' ],
2939 silly audit   '@babel/compat-data': [ '7.29.7' ],
2939 silly audit   '@babel/helper-validator-option': [ '7.29.7' ],
2939 silly audit   browserslist: [ '4.28.7' ],
2939 silly audit   'lru-cache': [ '5.1.1' ],
2939 silly audit   '@babel/helper-module-imports': [ '7.29.7' ],
2939 silly audit   '@babel/helper-plugin-utils': [ '7.29.7' ],
2939 silly audit   '@babel/helper-globals': [ '7.29.7' ],
2939 silly audit   '@babel/helper-string-parser': [ '7.29.7' ],
2939 silly audit   '@jridgewell/sourcemap-codec': [ '1.5.5' ],
2939 silly audit   '@jridgewell/resolve-uri': [ '3.1.2' ],
2939 silly audit   '@types/babel__generator': [ '7.27.0' ],
2939 silly audit   '@types/babel__template': [ '7.4.4' ],
2939 silly audit   '@types/babel__traverse': [ '7.28.0' ],
2939 silly audit   tslib: [ '2.8.1' ],
2939 silly audit   'caniuse-lite': [ '1.0.30001806' ],
2939 silly audit   'fraction.js': [ '5.3.4' ],
2939 silly audit   'postcss-value-parser': [ '4.2.0' ],
2939 silly audit   'baseline-browser-mapping': [ '2.11.4' ],
2939 silly audit   'electron-to-chromium': [ '1.5.396' ],
2939 silly audit   'node-releases': [ '2.0.51' ],
2939 silly audit   'update-browserslist-db': [ '1.2.3' ],
2939 silly audit   ieee754: [ '1.2.1' ],
2939 silly audit   'cross-spawn': [ '7.0.6' ],
2939 silly audit   'path-key': [ '3.1.1' ],
2939 silly audit   'shebang-command': [ '2.0.0' ],
2939 silly audit   which: [ '2.0.2' ],
2939 silly audit   ms: [ '2.1.3' ],
2939 silly audit   'webgl-constants': [ '1.1.1' ],
2939 silly audit   'dotenv-expand': [ '10.0.0' ],
2939 silly audit   minimist: [ '1.2.8' ],
2939 silly audit   'embla-carousel': [ '8.6.0' ],
2939 silly audit   'embla-carousel-reactive-utils': [ '8.6.0' ],
2939 silly audit   'css-line-break': [ '2.1.0' ],
2939 silly audit   'text-segmentation': [ '1.0.3' ],
2939 silly audit   utrie: [ '1.0.2' ],
2939 silly audit   yallist: [ '3.1.1' ],
2939 silly audit   'framer-motion': [ '12.42.2' ],
2939 silly audit   'motion-dom': [ '12.42.2' ],
2939 silly audit   'motion-utils': [ '12.39.0' ],
2939 silly audit   nanoid: [ '3.3.16' ],
2939 silly audit   'source-map-js': [ '1.2.1' ],
2939 silly audit   cssesc: [ '3.0.0' ],
2939 silly audit   'util-deprecate': [ '1.0.2' ],
2939 silly audit   'is-promise': [ '2.2.2' ],
2939 silly audit   lie: [ '3.3.0' ],
2939 silly audit   immediate: [ '3.0.6' ],
2939 silly audit   'fast-diff': [ '1.3.0' ],
2939 silly audit   'lodash.clonedeep': [ '4.5.0' ],
2939 silly audit   'lodash.isequal': [ '4.5.0' ],
2939 silly audit   '@date-fns/tz': [ '1.5.0' ],
2939 silly audit   '@tabby_ai/hijri-converter': [ '1.0.5' ],
2939 silly audit   'date-fns-jalali': [ '4.1.0-0' ],
2939 silly audit   'lodash-es': [ '4.18.1' ],
2939 silly audit   quill: [ '2.0.3' ],
2939 silly audit   eventemitter3: [ '5.0.4', '4.0.7' ],
2939 silly audit   parchment: [ '3.0.0' ],
2939 silly audit   'react-remove-scroll-bar': [ '2.3.8' ],
2939 silly audit   'react-style-singleton': [ '2.2.3' ],
2939 silly audit   'use-callback-ref': [ '1.3.3' ],
2939 silly audit   'use-sidecar': [ '1.1.3' ],
2939 silly audit   'get-nonce': [ '1.0.1' ],
2939 silly audit   '@types/js-cookie': [ '3.0.6' ],
2939 silly audit   '@xobotyi/scrollbar-width': [ '1.9.5' ],
2939 silly audit   'copy-to-clipboard': [ '3.3.3' ],
2939 silly audit   'fast-deep-equal': [ '3.1.3' ],
2939 silly audit   'fast-shallow-equal': [ '1.0.0' ],
2939 silly audit   'js-cookie': [ '3.0.8' ],
2939 silly audit   'nano-css': [ '5.6.2' ],
2939 silly audit   'react-universal-interface': [ '0.6.2' ],
2939 silly audit   'resize-observer-polyfill': [ '1.5.1' ],
2939 silly audit   screenfull: [ '5.2.0' ],
2939 silly audit   'set-harmonic-interval': [ '1.0.1' ],
2939 silly audit   'throttle-debounce': [ '3.0.1' ],
2939 silly audit   'ts-easing': [ '0.2.0' ],
2939 silly audit   'toggle-selection': [ '1.0.6' ],
2939 silly audit   'css-tree': [ '1.1.3' ],
2939 silly audit   'fastest-stable-stringify': [ '2.0.2' ],
2939 silly audit   'inline-style-prefixer': [ '7.0.1' ],
2939 silly audit   'rtl-css-js': [ '1.16.1' ],
2939 silly audit   'stacktrace-js': [ '2.0.2' ],
2939 silly audit   stylis: [ '4.4.0' ],
2939 silly audit   'mdn-data': [ '2.0.14' ],
2939 silly audit   'source-map': [ '0.6.1', '0.5.6' ],
2939 silly audit   'css-in-js-utils': [ '3.1.0' ],
2939 silly audit   'hyphenate-style-name': [ '1.1.0' ],
2939 silly audit   lodash: [ '4.18.1' ],
2939 silly audit   'react-is': [ '18.3.1', '16.13.1' ],
2939 silly audit   'react-smooth': [ '4.0.4' ],
2939 silly audit   'recharts-scale': [ '0.4.5' ],
2939 silly audit   'victory-vendor': [ '36.9.2' ],
2939 silly audit   'fast-equals': [ '5.4.1' ],
2939 silly audit   'prop-types': [ '15.8.1' ],
2939 silly audit   'react-transition-group': [ '4.4.5' ],
2939 silly audit   'loose-envify': [ '1.4.0' ],
2939 silly audit   'object-assign': [ '4.1.1' ],
2939 silly audit   'dom-helpers': [ '5.2.1' ],
2939 silly audit   'decimal.js-light': [ '2.5.1' ],
2939 silly audit   'shebang-regex': [ '3.0.0' ],
2939 silly audit   'error-stack-parser': [ '2.1.4' ],
2939 silly audit   'stack-generator': [ '2.0.10' ],
2939 silly audit   'stacktrace-gps': [ '3.1.2' ],
2939 silly audit   stackframe: [ '1.3.4' ],
2939 silly audit   '@alloc/quick-lru': [ '5.2.0' ],
2939 silly audit   arg: [ '5.0.2' ],
2939 silly audit   chokidar: [ '3.6.0' ],
2939 silly audit   didyoumean: [ '1.2.2' ],
2939 silly audit   dlv: [ '1.1.3' ],
2939 silly audit   'fast-glob': [ '3.3.3' ],
2939 silly audit   'glob-parent': [ '6.0.2', '5.1.2' ],
2939 silly audit   'is-glob': [ '4.0.3' ],
2939 silly audit   jiti: [ '1.21.7' ],
2939 silly audit   lilconfig: [ '3.1.3' ],
2939 silly audit   micromatch: [ '4.0.8' ],
2939 silly audit   'normalize-path': [ '3.0.0' ],
2939 silly audit   'object-hash': [ '3.0.0' ],
2939 silly audit   'postcss-import': [ '15.1.0' ],
2939 silly audit   'postcss-js': [ '4.1.0' ],
2939 silly audit   'postcss-load-config': [ '6.0.1' ],
2939 silly audit   'postcss-nested': [ '6.2.0' ],
2939 silly audit   resolve: [ '1.22.12' ],
2939 silly audit   sucrase: [ '3.35.1' ],
2939 silly audit   anymatch: [ '3.1.3' ],
2939 silly audit   braces: [ '3.0.3' ],
2939 silly audit   fsevents: [ '2.3.3' ],
2939 silly audit   'is-binary-path': [ '2.1.0' ],
2939 silly audit   readdirp: [ '3.6.0' ],
2939 silly audit   picomatch: [ '2.3.2', '4.0.5' ],
2939 silly audit   'fill-range': [ '7.1.1' ],
2939 silly audit   '@nodelib/fs.stat': [ '2.0.5' ],
2939 silly audit   '@nodelib/fs.walk': [ '1.2.8' ],
2939 silly audit   merge2: [ '1.4.1' ],
2939 silly audit   '@nodelib/fs.scandir': [ '2.1.5' ],
2939 silly audit   fastq: [ '1.20.1' ],
2939 silly audit   'run-parallel': [ '1.2.0' ],
2939 silly audit   reusify: [ '1.1.0' ],
2939 silly audit   'to-regex-range': [ '5.0.1' ],
2939 silly audit   'binary-extensions': [ '2.3.0' ],
2939 silly audit   'is-extglob': [ '2.1.1' ],
2939 silly audit   'read-cache': [ '1.0.0' ],
2939 silly audit   'camelcase-css': [ '2.0.1' ],
2939 silly audit   pify: [ '2.3.0' ],
2939 silly audit   'es-errors': [ '1.3.0' ],
2939 silly audit   'is-core-module': [ '2.16.2' ],
2939 silly audit   'path-parse': [ '1.0.7' ],
2939 silly audit   'supports-preserve-symlinks-flag': [ '1.0.0' ],
2939 silly audit   hasown: [ '2.0.4' ],
2939 silly audit   'function-bind': [ '1.1.2' ],
2939 silly audit   'queue-microtask': [ '1.2.3' ],
2939 silly audit   commander: [ '4.1.1' ],
2939 silly audit   'lines-and-columns': [ '1.2.4' ],
2939 silly audit   mz: [ '2.7.0' ],
2939 silly audit   pirates: [ '4.0.7' ],
2939 silly audit   tinyglobby: [ '0.2.17' ],
2939 silly audit   'ts-interface-checker': [ '0.1.13' ],
2939 silly audit   'any-promise': [ '1.3.0' ],
2939 silly audit   'thenify-all': [ '1.6.0' ],
2939 silly audit   thenify: [ '3.3.1' ],
2939 silly audit   '@types/draco3d': [ '1.4.10' ],
2939 silly audit   '@types/offscreencanvas': [ '2019.7.3' ],
2939 silly audit   draco3d: [ '1.5.7' ],
2939 silly audit   potpack: [ '1.0.2' ],
2939 silly audit   fdir: [ '6.5.0' ],
2939 silly audit   'is-number': [ '7.0.0' ],
2939 silly audit   'bidi-js': [ '1.0.3' ],
2939 silly audit   'troika-three-utils': [ '0.52.5' ],
2939 silly audit   'troika-worker-utils': [ '0.52.0' ],
2939 silly audit   'webgl-sdf-generator': [ '1.1.1' ],
2939 silly audit   'require-from-string': [ '2.0.2' ],
2939 silly audit   escalade: [ '3.2.0' ],
2939 silly audit   'detect-node-es': [ '1.1.0' ],
2939 silly audit   'base64-arraybuffer': [ '1.0.2' ],
2939 silly audit   '@types/d3-array': [ '3.2.2' ],
2939 silly audit   '@types/d3-ease': [ '3.0.2' ],
2939 silly audit   '@types/d3-interpolate': [ '3.0.4' ],
2939 silly audit   '@types/d3-scale': [ '4.0.9' ],
2939 silly audit   '@types/d3-shape': [ '3.1.8' ],
2939 silly audit   '@types/d3-time': [ '3.0.4' ],
2939 silly audit   '@types/d3-timer': [ '3.0.2' ],
2939 silly audit   'd3-array': [ '3.2.4' ],
2939 silly audit   'd3-ease': [ '3.0.1' ],
2939 silly audit   'd3-interpolate': [ '3.0.1' ],
2939 silly audit   'd3-scale': [ '4.0.2' ],
2939 silly audit   'd3-shape': [ '3.2.0' ],
2939 silly audit   'd3-time': [ '3.1.0' ],
2939 silly audit   'd3-timer': [ '3.0.1' ],
2939 silly audit   '@types/d3-color': [ '3.1.3' ],
2939 silly audit   '@types/d3-path': [ '3.1.1' ],
2939 silly audit   internmap: [ '2.0.3' ],
2939 silly audit   'd3-color': [ '3.1.0' ],
2939 silly audit   'd3-format': [ '3.1.2' ],
2939 silly audit   'd3-time-format': [ '4.1.0' ],
2939 silly audit   'd3-path': [ '3.1.0' ],
2939 silly audit   esbuild: [ '0.21.5' ],
2939 silly audit   rollup: [ '4.62.3' ],
2939 silly audit   '@esbuild/aix-ppc64': [ '0.21.5' ],
2939 silly audit   '@esbuild/android-arm': [ '0.21.5' ],
2939 silly audit   '@esbuild/android-arm64': [ '0.21.5' ],
2939 silly audit   '@esbuild/android-x64': [ '0.21.5' ],
2939 silly audit   '@esbuild/darwin-arm64': [ '0.21.5' ],
2939 silly audit   '@esbuild/darwin-x64': [ '0.21.5' ],
2939 silly audit   '@esbuild/freebsd-arm64': [ '0.21.5' ],
2939 silly audit   '@esbuild/freebsd-x64': [ '0.21.5' ],
2939 silly audit   '@esbuild/linux-arm': [ '0.21.5' ],
2939 silly audit   '@esbuild/linux-arm64': [ '0.21.5' ],
2939 silly audit   '@esbuild/linux-ia32': [ '0.21.5' ],
2939 silly audit   '@esbuild/linux-loong64': [ '0.21.5' ],
2939 silly audit   '@esbuild/linux-mips64el': [ '0.21.5' ],
2939 silly audit   '@esbuild/linux-ppc64': [ '0.21.5' ],
2939 silly audit   '@esbuild/linux-riscv64': [ '0.21.5' ],
2939 silly audit   '@esbuild/linux-s390x': [ '0.21.5' ],
2939 silly audit   '@esbuild/linux-x64': [ '0.21.5' ],
2939 silly audit   '@esbuild/netbsd-x64': [ '0.21.5' ],
2939 silly audit   '@esbuild/openbsd-x64': [ '0.21.5' ],
2939 silly audit   '@esbuild/sunos-x64': [ '0.21.5' ],
2939 silly audit   '@esbuild/win32-arm64': [ '0.21.5' ],
2939 silly audit   '@esbuild/win32-ia32': [ '0.21.5' ],
2939 silly audit   '@esbuild/win32-x64': [ '0.21.5' ],
2939 silly audit   '@rollup/rollup-android-arm-eabi': [ '4.62.3' ],
2939 silly audit   '@rollup/rollup-android-arm64': [ '4.62.3' ],
2939 silly audit   '@rollup/rollup-darwin-arm64': [ '4.62.3' ],
2939 silly audit   '@rollup/rollup-darwin-x64': [ '4.62.3' ],
2939 silly audit   '@rollup/rollup-freebsd-arm64': [ '4.62.3' ],
2939 silly audit   '@rollup/rollup-freebsd-x64': [ '4.62.3' ],
2939 silly audit   '@rollup/rollup-linux-arm-gnueabihf': [ '4.62.3' ],
2939 silly audit   '@rollup/rollup-linux-arm-musleabihf': [ '4.62.3' ],
2939 silly audit   '@rollup/rollup-linux-arm64-gnu': [ '4.62.3' ],
2939 silly audit   '@rollup/rollup-linux-arm64-musl': [ '4.62.3' ],
2939 silly audit   '@rollup/rollup-linux-loong64-gnu': [ '4.62.3' ],
2939 silly audit   '@rollup/rollup-linux-loong64-musl': [ '4.62.3' ],
2939 silly audit   '@rollup/rollup-linux-ppc64-gnu': [ '4.62.3' ],
2939 silly audit   '@rollup/rollup-linux-ppc64-musl': [ '4.62.3' ],
2939 silly audit   '@rollup/rollup-linux-riscv64-gnu': [ '4.62.3' ],
2939 silly audit   '@rollup/rollup-linux-riscv64-musl': [ '4.62.3' ],
2939 silly audit   '@rollup/rollup-linux-s390x-gnu': [ '4.62.3' ],
2939 silly audit   '@rollup/rollup-linux-x64-gnu': [ '4.62.3' ],
2939 silly audit   '@rollup/rollup-linux-x64-musl': [ '4.62.3' ],
2939 silly audit   '@rollup/rollup-openbsd-x64': [ '4.62.3' ],
2939 silly audit   '@rollup/rollup-openharmony-arm64': [ '4.62.3' ],
2939 silly audit   '@rollup/rollup-win32-arm64-msvc': [ '4.62.3' ],
2939 silly audit   '@rollup/rollup-win32-ia32-msvc': [ '4.62.3' ],
2939 silly audit   '@rollup/rollup-win32-x64-gnu': [ '4.62.3' ],
2939 silly audit   '@rollup/rollup-win32-x64-msvc': [ '4.62.3' ],
2939 silly audit   '@types/estree': [ '1.0.9' ],
2939 silly audit   isexe: [ '2.0.0' ]
2939 silly audit }
2940 verbose reify failed optional dependency /home/drarmank/source_build/dr.armankabir-main/src/frontend/node_modules/@rollup/rollup-win32-x64-msvc
2941 silly reify mark deleted [
2941 silly reify   '/home/drarmank/source_build/dr.armankabir-main/src/frontend/node_modules/@rollup/rollup-win32-x64-msvc'
2941 silly reify ]
2942 verbose reify failed optional dependency /home/drarmank/source_build/dr.armankabir-main/src/frontend/node_modules/@rollup/rollup-win32-x64-gnu
2943 silly reify mark deleted [
2943 silly reify   '/home/drarmank/source_build/dr.armankabir-main/src/frontend/node_modules/@rollup/rollup-win32-x64-gnu'
2943 silly reify ]
2944 verbose reify failed optional dependency /home/drarmank/source_build/dr.armankabir-main/src/frontend/node_modules/@rollup/rollup-win32-ia32-msvc
2945 silly reify mark deleted [
2945 silly reify   '/home/drarmank/source_build/dr.armankabir-main/src/frontend/node_modules/@rollup/rollup-win32-ia32-msvc'
2945 silly reify ]
2946 verbose reify failed optional dependency /home/drarmank/source_build/dr.armankabir-main/src/frontend/node_modules/@rollup/rollup-win32-arm64-msvc
2947 silly reify mark deleted [
2947 silly reify   '/home/drarmank/source_build/dr.armankabir-main/src/frontend/node_modules/@rollup/rollup-win32-arm64-msvc'
2947 silly reify ]
2948 verbose reify failed optional dependency /home/drarmank/source_build/dr.armankabir-main/src/frontend/node_modules/@rollup/rollup-openharmony-arm64
2949 silly reify mark deleted [
2949 silly reify   '/home/drarmank/source_build/dr.armankabir-main/src/frontend/node_modules/@rollup/rollup-openharmony-arm64'
2949 silly reify ]
2950 verbose reify failed optional dependency /home/drarmank/source_build/dr.armankabir-main/src/frontend/node_modules/@rollup/rollup-openbsd-x64
2951 silly reify mark deleted [
2951 silly reify   '/home/drarmank/source_build/dr.armankabir-main/src/frontend/node_modules/@rollup/rollup-openbsd-x64'
2951 silly reify ]
2952 verbose reify failed optional dependency /home/drarmank/source_build/dr.armankabir-main/src/frontend/node_modules/@rollup/rollup-linux-x64-musl
2953 silly reify mark deleted [
2953 silly reify   '/home/drarmank/source_build/dr.armankabir-main/src/frontend/node_modules/@rollup/rollup-linux-x64-musl'
2953 silly reify ]
2954 verbose reify failed optional dependency /home/drarmank/source_build/dr.armankabir-main/src/frontend/node_modules/@rollup/rollup-linux-s390x-gnu
2955 silly reify mark deleted [
2955 silly reify   '/home/drarmank/source_build/dr.armankabir-main/src/frontend/node_modules/@rollup/rollup-linux-s390x-gnu'
2955 silly reify ]
2956 verbose reify failed optional dependency /home/drarmank/source_build/dr.armankabir-main/src/frontend/node_modules/@rollup/rollup-linux-riscv64-musl
2957 silly reify mark deleted [
2957 silly reify   '/home/drarmank/source_build/dr.armankabir-main/src/frontend/node_modules/@rollup/rollup-linux-riscv64-musl'
2957 silly reify ]
2958 verbose reify failed optional dependency /home/drarmank/source_build/dr.armankabir-main/src/frontend/node_modules/@rollup/rollup-linux-riscv64-gnu
2959 silly reify mark deleted [
2959 silly reify   '/home/drarmank/source_build/dr.armankabir-main/src/frontend/node_modules/@rollup/rollup-linux-riscv64-gnu'
2959 silly reify ]
2960 verbose reify failed optional dependency /home/drarmank/source_build/dr.armankabir-main/src/frontend/node_modules/@rollup/rollup-linux-ppc64-musl
2961 silly reify mark deleted [
2961 silly reify   '/home/drarmank/source_build/dr.armankabir-main/src/frontend/node_modules/@rollup/rollup-linux-ppc64-musl'
2961 silly reify ]
2962 verbose reify failed optional dependency /home/drarmank/source_build/dr.armankabir-main/src/frontend/node_modules/@rollup/rollup-linux-ppc64-gnu
2963 silly reify mark deleted [
2963 silly reify   '/home/drarmank/source_build/dr.armankabir-main/src/frontend/node_modules/@rollup/rollup-linux-ppc64-gnu'
2963 silly reify ]
2964 verbose reify failed optional dependency /home/drarmank/source_build/dr.armankabir-main/src/frontend/node_modules/@rollup/rollup-linux-loong64-musl
2965 silly reify mark deleted [
2965 silly reify   '/home/drarmank/source_build/dr.armankabir-main/src/frontend/node_modules/@rollup/rollup-linux-loong64-musl'
2965 silly reify ]
2966 verbose reify failed optional dependency /home/drarmank/source_build/dr.armankabir-main/src/frontend/node_modules/@rollup/rollup-linux-loong64-gnu
2967 silly reify mark deleted [
2967 silly reify   '/home/drarmank/source_build/dr.armankabir-main/src/frontend/node_modules/@rollup/rollup-linux-loong64-gnu'
2967 silly reify ]
2968 verbose reify failed optional dependency /home/drarmank/source_build/dr.armankabir-main/src/frontend/node_modules/@rollup/rollup-linux-arm64-musl
2969 silly reify mark deleted [
2969 silly reify   '/home/drarmank/source_build/dr.armankabir-main/src/frontend/node_modules/@rollup/rollup-linux-arm64-musl'
2969 silly reify ]
2970 verbose reify failed optional dependency /home/drarmank/source_build/dr.armankabir-main/src/frontend/node_modules/@rollup/rollup-linux-arm64-gnu
2971 silly reify mark deleted [
2971 silly reify   '/home/drarmank/source_build/dr.armankabir-main/src/frontend/node_modules/@rollup/rollup-linux-arm64-gnu'
2971 silly reify ]
2972 verbose reify failed optional dependency /home/drarmank/source_build/dr.armankabir-main/src/frontend/node_modules/@rollup/rollup-linux-arm-musleabihf
2973 silly reify mark deleted [
2973 silly reify   '/home/drarmank/source_build/dr.armankabir-main/src/frontend/node_modules/@rollup/rollup-linux-arm-musleabihf'
2973 silly reify ]
2974 verbose reify failed optional dependency /home/drarmank/source_build/dr.armankabir-main/src/frontend/node_modules/@rollup/rollup-linux-arm-gnueabihf
2975 silly reify mark deleted [
2975 silly reify   '/home/drarmank/source_build/dr.armankabir-main/src/frontend/node_modules/@rollup/rollup-linux-arm-gnueabihf'
2975 silly reify ]
2976 verbose reify failed optional dependency /home/drarmank/source_build/dr.armankabir-main/src/frontend/node_modules/@rollup/rollup-freebsd-x64
2977 silly reify mark deleted [
2977 silly reify   '/home/drarmank/source_build/dr.armankabir-main/src/frontend/node_modules/@rollup/rollup-freebsd-x64'
2977 silly reify ]
2978 verbose reify failed optional dependency /home/drarmank/source_build/dr.armankabir-main/src/frontend/node_modules/@rollup/rollup-freebsd-arm64
2979 silly reify mark deleted [
2979 silly reify   '/home/drarmank/source_build/dr.armankabir-main/src/frontend/node_modules/@rollup/rollup-freebsd-arm64'
2979 silly reify ]
2980 verbose reify failed optional dependency /home/drarmank/source_build/dr.armankabir-main/src/frontend/node_modules/@rollup/rollup-darwin-x64
2981 silly reify mark deleted [
2981 silly reify   '/home/drarmank/source_build/dr.armankabir-main/src/frontend/node_modules/@rollup/rollup-darwin-x64'
2981 silly reify ]
2982 verbose reify failed optional dependency /home/drarmank/source_build/dr.armankabir-main/src/frontend/node_modules/@rollup/rollup-darwin-arm64
2983 silly reify mark deleted [
2983 silly reify   '/home/drarmank/source_build/dr.armankabir-main/src/frontend/node_modules/@rollup/rollup-darwin-arm64'
2983 silly reify ]
2984 verbose reify failed optional dependency /home/drarmank/source_build/dr.armankabir-main/src/frontend/node_modules/@rollup/rollup-android-arm64
2985 silly reify mark deleted [
2985 silly reify   '/home/drarmank/source_build/dr.armankabir-main/src/frontend/node_modules/@rollup/rollup-android-arm64'
2985 silly reify ]
2986 verbose reify failed optional dependency /home/drarmank/source_build/dr.armankabir-main/src/frontend/node_modules/@rollup/rollup-android-arm-eabi
2987 silly reify mark deleted [
2987 silly reify   '/home/drarmank/source_build/dr.armankabir-main/src/frontend/node_modules/@rollup/rollup-android-arm-eabi'
2987 silly reify ]
2988 verbose reify failed optional dependency /home/drarmank/source_build/dr.armankabir-main/src/frontend/node_modules/@esbuild/win32-x64
2989 silly reify mark deleted [
2989 silly reify   '/home/drarmank/source_build/dr.armankabir-main/src/frontend/node_modules/@esbuild/win32-x64'
2989 silly reify ]
2990 verbose reify failed optional dependency /home/drarmank/source_build/dr.armankabir-main/src/frontend/node_modules/@esbuild/win32-ia32
2991 silly reify mark deleted [
2991 silly reify   '/home/drarmank/source_build/dr.armankabir-main/src/frontend/node_modules/@esbuild/win32-ia32'
2991 silly reify ]
2992 verbose reify failed optional dependency /home/drarmank/source_build/dr.armankabir-main/src/frontend/node_modules/@esbuild/win32-arm64
2993 silly reify mark deleted [
2993 silly reify   '/home/drarmank/source_build/dr.armankabir-main/src/frontend/node_modules/@esbuild/win32-arm64'
2993 silly reify ]
2994 verbose reify failed optional dependency /home/drarmank/source_build/dr.armankabir-main/src/frontend/node_modules/@esbuild/sunos-x64
2995 silly reify mark deleted [
2995 silly reify   '/home/drarmank/source_build/dr.armankabir-main/src/frontend/node_modules/@esbuild/sunos-x64'
2995 silly reify ]
2996 verbose reify failed optional dependency /home/drarmank/source_build/dr.armankabir-main/src/frontend/node_modules/@esbuild/openbsd-x64
2997 silly reify mark deleted [
2997 silly reify   '/home/drarmank/source_build/dr.armankabir-main/src/frontend/node_modules/@esbuild/openbsd-x64'
2997 silly reify ]
2998 verbose reify failed optional dependency /home/drarmank/source_build/dr.armankabir-main/src/frontend/node_modules/@esbuild/netbsd-x64
2999 silly reify mark deleted [
2999 silly reify   '/home/drarmank/source_build/dr.armankabir-main/src/frontend/node_modules/@esbuild/netbsd-x64'
2999 silly reify ]
3000 verbose reify failed optional dependency /home/drarmank/source_build/dr.armankabir-main/src/frontend/node_modules/@esbuild/linux-s390x
3001 silly reify mark deleted [
3001 silly reify   '/home/drarmank/source_build/dr.armankabir-main/src/frontend/node_modules/@esbuild/linux-s390x'
3001 silly reify ]
3002 verbose reify failed optional dependency /home/drarmank/source_build/dr.armankabir-main/src/frontend/node_modules/@esbuild/linux-riscv64
3003 silly reify mark deleted [
3003 silly reify   '/home/drarmank/source_build/dr.armankabir-main/src/frontend/node_modules/@esbuild/linux-riscv64'
3003 silly reify ]
3004 verbose reify failed optional dependency /home/drarmank/source_build/dr.armankabir-main/src/frontend/node_modules/@esbuild/linux-ppc64
3005 silly reify mark deleted [
3005 silly reify   '/home/drarmank/source_build/dr.armankabir-main/src/frontend/node_modules/@esbuild/linux-ppc64'
3005 silly reify ]
3006 verbose reify failed optional dependency /home/drarmank/source_build/dr.armankabir-main/src/frontend/node_modules/@esbuild/linux-mips64el
3007 silly reify mark deleted [
3007 silly reify   '/home/drarmank/source_build/dr.armankabir-main/src/frontend/node_modules/@esbuild/linux-mips64el'
3007 silly reify ]
3008 verbose reify failed optional dependency /home/drarmank/source_build/dr.armankabir-main/src/frontend/node_modules/@esbuild/linux-loong64
3009 silly reify mark deleted [
3009 silly reify   '/home/drarmank/source_build/dr.armankabir-main/src/frontend/node_modules/@esbuild/linux-loong64'
3009 silly reify ]
3010 verbose reify failed optional dependency /home/drarmank/source_build/dr.armankabir-main/src/frontend/node_modules/@esbuild/linux-ia32
3011 silly reify mark deleted [
3011 silly reify   '/home/drarmank/source_build/dr.armankabir-main/src/frontend/node_modules/@esbuild/linux-ia32'
3011 silly reify ]
3012 verbose reify failed optional dependency /home/drarmank/source_build/dr.armankabir-main/src/frontend/node_modules/@esbuild/linux-arm64
3013 silly reify mark deleted [
3013 silly reify   '/home/drarmank/source_build/dr.armankabir-main/src/frontend/node_modules/@esbuild/linux-arm64'
3013 silly reify ]
3014 verbose reify failed optional dependency /home/drarmank/source_build/dr.armankabir-main/src/frontend/node_modules/@esbuild/linux-arm
3015 silly reify mark deleted [
3015 silly reify   '/home/drarmank/source_build/dr.armankabir-main/src/frontend/node_modules/@esbuild/linux-arm'
3015 silly reify ]
3016 verbose reify failed optional dependency /home/drarmank/source_build/dr.armankabir-main/src/frontend/node_modules/@esbuild/freebsd-x64
3017 silly reify mark deleted [
3017 silly reify   '/home/drarmank/source_build/dr.armankabir-main/src/frontend/node_modules/@esbuild/freebsd-x64'
3017 silly reify ]
3018 verbose reify failed optional dependency /home/drarmank/source_build/dr.armankabir-main/src/frontend/node_modules/@esbuild/freebsd-arm64
3019 silly reify mark deleted [
3019 silly reify   '/home/drarmank/source_build/dr.armankabir-main/src/frontend/node_modules/@esbuild/freebsd-arm64'
3019 silly reify ]
3020 verbose reify failed optional dependency /home/drarmank/source_build/dr.armankabir-main/src/frontend/node_modules/@esbuild/darwin-x64
3021 silly reify mark deleted [
3021 silly reify   '/home/drarmank/source_build/dr.armankabir-main/src/frontend/node_modules/@esbuild/darwin-x64'
3021 silly reify ]
3022 verbose reify failed optional dependency /home/drarmank/source_build/dr.armankabir-main/src/frontend/node_modules/@esbuild/darwin-arm64
3023 silly reify mark deleted [
3023 silly reify   '/home/drarmank/source_build/dr.armankabir-main/src/frontend/node_modules/@esbuild/darwin-arm64'
3023 silly reify ]
3024 verbose reify failed optional dependency /home/drarmank/source_build/dr.armankabir-main/src/frontend/node_modules/@esbuild/android-x64
3025 silly reify mark deleted [
3025 silly reify   '/home/drarmank/source_build/dr.armankabir-main/src/frontend/node_modules/@esbuild/android-x64'
3025 silly reify ]
3026 verbose reify failed optional dependency /home/drarmank/source_build/dr.armankabir-main/src/frontend/node_modules/@esbuild/android-arm64
3027 silly reify mark deleted [
3027 silly reify   '/home/drarmank/source_build/dr.armankabir-main/src/frontend/node_modules/@esbuild/android-arm64'
3027 silly reify ]
3028 verbose reify failed optional dependency /home/drarmank/source_build/dr.armankabir-main/src/frontend/node_modules/@esbuild/android-arm
3029 silly reify mark deleted [
3029 silly reify   '/home/drarmank/source_build/dr.armankabir-main/src/frontend/node_modules/@esbuild/android-arm'
3029 silly reify ]
3030 verbose reify failed optional dependency /home/drarmank/source_build/dr.armankabir-main/src/frontend/node_modules/@esbuild/aix-ppc64
3031 silly reify mark deleted [
3031 silly reify   '/home/drarmank/source_build/dr.armankabir-main/src/frontend/node_modules/@esbuild/aix-ppc64'
3031 silly reify ]
3032 verbose reify failed optional dependency /home/drarmank/source_build/dr.armankabir-main/src/frontend/node_modules/fsevents
3033 silly reify mark deleted [
3033 silly reify   '/home/drarmank/source_build/dr.armankabir-main/src/frontend/node_modules/fsevents'
3033 silly reify ]
3034 verbose reify failed optional dependency /home/drarmank/source_build/dr.armankabir-main/src/frontend/node_modules/@biomejs/cli-win32-x64
3035 silly reify mark deleted [
3035 silly reify   '/home/drarmank/source_build/dr.armankabir-main/src/frontend/node_modules/@biomejs/cli-win32-x64'
3035 silly reify ]
3036 verbose reify failed optional dependency /home/drarmank/source_build/dr.armankabir-main/src/frontend/node_modules/@biomejs/cli-win32-arm64
3037 silly reify mark deleted [
3037 silly reify   '/home/drarmank/source_build/dr.armankabir-main/src/frontend/node_modules/@biomejs/cli-win32-arm64'
3037 silly reify ]
3038 verbose reify failed optional dependency /home/drarmank/source_build/dr.armankabir-main/src/frontend/node_modules/@biomejs/cli-linux-x64-musl
3039 silly reify mark deleted [
3039 silly reify   '/home/drarmank/source_build/dr.armankabir-main/src/frontend/node_modules/@biomejs/cli-linux-x64-musl'
3039 silly reify ]
3040 verbose reify failed optional dependency /home/drarmank/source_build/dr.armankabir-main/src/frontend/node_modules/@biomejs/cli-linux-arm64-musl
3041 silly reify mark deleted [
3041 silly reify   '/home/drarmank/source_build/dr.armankabir-main/src/frontend/node_modules/@biomejs/cli-linux-arm64-musl'
3041 silly reify ]
3042 verbose reify failed optional dependency /home/drarmank/source_build/dr.armankabir-main/src/frontend/node_modules/@biomejs/cli-linux-arm64
3043 silly reify mark deleted [
3043 silly reify   '/home/drarmank/source_build/dr.armankabir-main/src/frontend/node_modules/@biomejs/cli-linux-arm64'
3043 silly reify ]
3044 verbose reify failed optional dependency /home/drarmank/source_build/dr.armankabir-main/src/frontend/node_modules/@biomejs/cli-darwin-x64
3045 silly reify mark deleted [
3045 silly reify   '/home/drarmank/source_build/dr.armankabir-main/src/frontend/node_modules/@biomejs/cli-darwin-x64'
3045 silly reify ]
3046 verbose reify failed optional dependency /home/drarmank/source_build/dr.armankabir-main/src/frontend/node_modules/@biomejs/cli-darwin-arm64
3047 silly reify mark deleted [
3047 silly reify   '/home/drarmank/source_build/dr.armankabir-main/src/frontend/node_modules/@biomejs/cli-darwin-arm64'
3047 silly reify ]
3048 http cache isexe@https://registry.npmjs.org/isexe/-/isexe-2.0.0.tgz 0ms (cache hit)
3049 http cache @types/estree@https://registry.npmjs.org/@types/estree/-/estree-1.0.9.tgz 0ms (cache hit)
3050 http cache @rollup/rollup-linux-x64-gnu@https://registry.npmjs.org/@rollup/rollup-linux-x64-gnu/-/rollup-linux-x64-gnu-4.62.3.tgz 0ms (cache hit)
3051 http cache esbuild@https://registry.npmjs.org/esbuild/-/esbuild-0.21.5.tgz 0ms (cache hit)
3052 http cache d3-time-format@https://registry.npmjs.org/d3-time-format/-/d3-time-format-4.1.0.tgz 0ms (cache hit)
3053 http cache @esbuild/linux-x64@https://registry.npmjs.org/@esbuild/linux-x64/-/linux-x64-0.21.5.tgz 0ms (cache hit)
3054 http cache rollup@https://registry.npmjs.org/rollup/-/rollup-4.62.3.tgz 0ms (cache hit)
3055 http cache d3-format@https://registry.npmjs.org/d3-format/-/d3-format-3.1.2.tgz 0ms (cache hit)
3056 http cache d3-path@https://registry.npmjs.org/d3-path/-/d3-path-3.1.0.tgz 0ms (cache hit)
3057 http cache @types/d3-path@https://registry.npmjs.org/@types/d3-path/-/d3-path-3.1.1.tgz 0ms (cache hit)
3058 http cache internmap@https://registry.npmjs.org/internmap/-/internmap-2.0.3.tgz 0ms (cache hit)
3059 http cache @types/d3-color@https://registry.npmjs.org/@types/d3-color/-/d3-color-3.1.3.tgz 0ms (cache hit)
3060 http cache d3-timer@https://registry.npmjs.org/d3-timer/-/d3-timer-3.0.1.tgz 0ms (cache hit)
3061 http cache d3-color@https://registry.npmjs.org/d3-color/-/d3-color-3.1.0.tgz 0ms (cache hit)
3062 http cache d3-time@https://registry.npmjs.org/d3-time/-/d3-time-3.1.0.tgz 0ms (cache hit)
3063 http cache d3-scale@https://registry.npmjs.org/d3-scale/-/d3-scale-4.0.2.tgz 0ms (cache hit)
3064 http cache d3-shape@https://registry.npmjs.org/d3-shape/-/d3-shape-3.2.0.tgz 0ms (cache hit)
3065 http cache d3-array@https://registry.npmjs.org/d3-array/-/d3-array-3.2.4.tgz 0ms (cache hit)
3066 http cache d3-ease@https://registry.npmjs.org/d3-ease/-/d3-ease-3.0.1.tgz 0ms (cache hit)
3067 http cache d3-interpolate@https://registry.npmjs.org/d3-interpolate/-/d3-interpolate-3.0.1.tgz 0ms (cache hit)
3068 http cache @types/d3-shape@https://registry.npmjs.org/@types/d3-shape/-/d3-shape-3.1.8.tgz 0ms (cache hit)
3069 http cache @types/d3-timer@https://registry.npmjs.org/@types/d3-timer/-/d3-timer-3.0.2.tgz 0ms (cache hit)
3070 http cache @types/d3-time@https://registry.npmjs.org/@types/d3-time/-/d3-time-3.0.4.tgz 0ms (cache hit)
3071 http cache @types/d3-ease@https://registry.npmjs.org/@types/d3-ease/-/d3-ease-3.0.2.tgz 0ms (cache hit)
3072 http cache base64-arraybuffer@https://registry.npmjs.org/base64-arraybuffer/-/base64-arraybuffer-1.0.2.tgz 0ms (cache hit)
3073 http cache @types/d3-interpolate@https://registry.npmjs.org/@types/d3-interpolate/-/d3-interpolate-3.0.4.tgz 0ms (cache hit)
3074 http cache detect-node-es@https://registry.npmjs.org/detect-node-es/-/detect-node-es-1.1.0.tgz 0ms (cache hit)
3075 http cache @types/d3-scale@https://registry.npmjs.org/@types/d3-scale/-/d3-scale-4.0.9.tgz 0ms (cache hit)
3076 http cache escalade@https://registry.npmjs.org/escalade/-/escalade-3.2.0.tgz 0ms (cache hit)
3077 http cache @types/d3-array@https://registry.npmjs.org/@types/d3-array/-/d3-array-3.2.2.tgz 0ms (cache hit)
3078 http cache require-from-string@https://registry.npmjs.org/require-from-string/-/require-from-string-2.0.2.tgz 0ms (cache hit)
3079 http cache troika-worker-utils@https://registry.npmjs.org/troika-worker-utils/-/troika-worker-utils-0.52.0.tgz 0ms (cache hit)
3080 http cache webgl-sdf-generator@https://registry.npmjs.org/webgl-sdf-generator/-/webgl-sdf-generator-1.1.1.tgz 0ms (cache hit)
3081 http cache bidi-js@https://registry.npmjs.org/bidi-js/-/bidi-js-1.0.3.tgz 0ms (cache hit)
3082 http cache is-number@https://registry.npmjs.org/is-number/-/is-number-7.0.0.tgz 0ms (cache hit)
3083 http cache draco3d@https://registry.npmjs.org/draco3d/-/draco3d-1.5.7.tgz 0ms (cache hit)
3084 http cache troika-three-utils@https://registry.npmjs.org/troika-three-utils/-/troika-three-utils-0.52.5.tgz 0ms (cache hit)
3085 http cache @types/offscreencanvas@https://registry.npmjs.org/@types/offscreencanvas/-/offscreencanvas-2019.7.3.tgz 0ms (cache hit)
3086 http cache @types/draco3d@https://registry.npmjs.org/@types/draco3d/-/draco3d-1.4.10.tgz 0ms (cache hit)
3087 http cache potpack@https://registry.npmjs.org/potpack/-/potpack-1.0.2.tgz 0ms (cache hit)
3088 http cache thenify@https://registry.npmjs.org/thenify/-/thenify-3.3.1.tgz 0ms (cache hit)
3089 http cache thenify-all@https://registry.npmjs.org/thenify-all/-/thenify-all-1.6.0.tgz 0ms (cache hit)
3090 http cache any-promise@https://registry.npmjs.org/any-promise/-/any-promise-1.3.0.tgz 0ms (cache hit)
3091 http cache tinyglobby@https://registry.npmjs.org/tinyglobby/-/tinyglobby-0.2.17.tgz 0ms (cache hit)
3092 http cache ts-interface-checker@https://registry.npmjs.org/ts-interface-checker/-/ts-interface-checker-0.1.13.tgz 0ms (cache hit)
3093 http cache mz@https://registry.npmjs.org/mz/-/mz-2.7.0.tgz 0ms (cache hit)
3094 http cache pirates@https://registry.npmjs.org/pirates/-/pirates-4.0.7.tgz 0ms (cache hit)
3095 http cache lines-and-columns@https://registry.npmjs.org/lines-and-columns/-/lines-and-columns-1.2.4.tgz 0ms (cache hit)
3096 http cache function-bind@https://registry.npmjs.org/function-bind/-/function-bind-1.1.2.tgz 0ms (cache hit)
3097 http cache commander@https://registry.npmjs.org/commander/-/commander-4.1.1.tgz 0ms (cache hit)
3098 http cache hasown@https://registry.npmjs.org/hasown/-/hasown-2.0.4.tgz 0ms (cache hit)
3099 http cache queue-microtask@https://registry.npmjs.org/queue-microtask/-/queue-microtask-1.2.3.tgz 0ms (cache hit)
3100 http cache supports-preserve-symlinks-flag@https://registry.npmjs.org/supports-preserve-symlinks-flag/-/supports-preserve-symlinks-flag-1.0.0.tgz 0ms (cache hit)
3101 http cache is-core-module@https://registry.npmjs.org/is-core-module/-/is-core-module-2.16.2.tgz 0ms (cache hit)
3102 http cache es-errors@https://registry.npmjs.org/es-errors/-/es-errors-1.3.0.tgz 0ms (cache hit)
3103 http cache pify@https://registry.npmjs.org/pify/-/pify-2.3.0.tgz 0ms (cache hit)
3104 http cache camelcase-css@https://registry.npmjs.org/camelcase-css/-/camelcase-css-2.0.1.tgz 0ms (cache hit)
3105 http cache path-parse@https://registry.npmjs.org/path-parse/-/path-parse-1.0.7.tgz 0ms (cache hit)
3106 http cache is-extglob@https://registry.npmjs.org/is-extglob/-/is-extglob-2.1.1.tgz 0ms (cache hit)
3107 http cache read-cache@https://registry.npmjs.org/read-cache/-/read-cache-1.0.0.tgz 0ms (cache hit)
3108 http cache to-regex-range@https://registry.npmjs.org/to-regex-range/-/to-regex-range-5.0.1.tgz 0ms (cache hit)
3109 http cache binary-extensions@https://registry.npmjs.org/binary-extensions/-/binary-extensions-2.3.0.tgz 0ms (cache hit)
3110 http cache reusify@https://registry.npmjs.org/reusify/-/reusify-1.1.0.tgz 0ms (cache hit)
3111 http cache fastq@https://registry.npmjs.org/fastq/-/fastq-1.20.1.tgz 0ms (cache hit)
3112 http cache run-parallel@https://registry.npmjs.org/run-parallel/-/run-parallel-1.2.0.tgz 0ms (cache hit)
3113 http cache @nodelib/fs.scandir@https://registry.npmjs.org/@nodelib/fs.scandir/-/fs.scandir-2.1.5.tgz 0ms (cache hit)
3114 http cache @nodelib/fs.walk@https://registry.npmjs.org/@nodelib/fs.walk/-/fs.walk-1.2.8.tgz 0ms (cache hit)
3115 http cache @nodelib/fs.stat@https://registry.npmjs.org/@nodelib/fs.stat/-/fs.stat-2.0.5.tgz 0ms (cache hit)
3116 http cache merge2@https://registry.npmjs.org/merge2/-/merge2-1.4.1.tgz 0ms (cache hit)
3117 http cache picomatch@https://registry.npmjs.org/picomatch/-/picomatch-2.3.2.tgz 0ms (cache hit)
3118 http cache is-binary-path@https://registry.npmjs.org/is-binary-path/-/is-binary-path-2.1.0.tgz 0ms (cache hit)
3119 http cache fill-range@https://registry.npmjs.org/fill-range/-/fill-range-7.1.1.tgz 0ms (cache hit)
3120 http cache readdirp@https://registry.npmjs.org/readdirp/-/readdirp-3.6.0.tgz 0ms (cache hit)
3121 http cache braces@https://registry.npmjs.org/braces/-/braces-3.0.3.tgz 0ms (cache hit)
3122 http cache anymatch@https://registry.npmjs.org/anymatch/-/anymatch-3.1.3.tgz 0ms (cache hit)
3123 http cache resolve@https://registry.npmjs.org/resolve/-/resolve-1.22.12.tgz 0ms (cache hit)
3124 http cache postcss-nested@https://registry.npmjs.org/postcss-nested/-/postcss-nested-6.2.0.tgz 0ms (cache hit)
3125 http cache postcss-load-config@https://registry.npmjs.org/postcss-load-config/-/postcss-load-config-6.0.1.tgz 0ms (cache hit)
3126 http cache sucrase@https://registry.npmjs.org/sucrase/-/sucrase-3.35.1.tgz 0ms (cache hit)
3127 http cache postcss-js@https://registry.npmjs.org/postcss-js/-/postcss-js-4.1.0.tgz 0ms (cache hit)
3128 http cache postcss-import@https://registry.npmjs.org/postcss-import/-/postcss-import-15.1.0.tgz 0ms (cache hit)
3129 http cache object-hash@https://registry.npmjs.org/object-hash/-/object-hash-3.0.0.tgz 0ms (cache hit)
3130 http cache micromatch@https://registry.npmjs.org/micromatch/-/micromatch-4.0.8.tgz 0ms (cache hit)
3131 http cache lilconfig@https://registry.npmjs.org/lilconfig/-/lilconfig-3.1.3.tgz 0ms (cache hit)
3132 http cache normalize-path@https://registry.npmjs.org/normalize-path/-/normalize-path-3.0.0.tgz 0ms (cache hit)
3133 http cache jiti@https://registry.npmjs.org/jiti/-/jiti-1.21.7.tgz 0ms (cache hit)
3134 http cache is-glob@https://registry.npmjs.org/is-glob/-/is-glob-4.0.3.tgz 0ms (cache hit)
3135 http cache glob-parent@https://registry.npmjs.org/glob-parent/-/glob-parent-6.0.2.tgz 0ms (cache hit)
3136 http cache dlv@https://registry.npmjs.org/dlv/-/dlv-1.1.3.tgz 0ms (cache hit)
3137 http cache fast-glob@https://registry.npmjs.org/fast-glob/-/fast-glob-3.3.3.tgz 0ms (cache hit)
3138 http cache chokidar@https://registry.npmjs.org/chokidar/-/chokidar-3.6.0.tgz 0ms (cache hit)
3139 http cache didyoumean@https://registry.npmjs.org/didyoumean/-/didyoumean-1.2.2.tgz 0ms (cache hit)
3140 http cache arg@https://registry.npmjs.org/arg/-/arg-5.0.2.tgz 0ms (cache hit)
3141 http cache stack-generator@https://registry.npmjs.org/stack-generator/-/stack-generator-2.0.10.tgz 0ms (cache hit)
3142 http cache stackframe@https://registry.npmjs.org/stackframe/-/stackframe-1.3.4.tgz 0ms (cache hit)
3143 http cache stacktrace-gps@https://registry.npmjs.org/stacktrace-gps/-/stacktrace-gps-3.1.2.tgz 0ms (cache hit)
3144 http cache @alloc/quick-lru@https://registry.npmjs.org/@alloc/quick-lru/-/quick-lru-5.2.0.tgz 0ms (cache hit)
3145 http cache error-stack-parser@https://registry.npmjs.org/error-stack-parser/-/error-stack-parser-2.1.4.tgz 0ms (cache hit)
3146 http cache shebang-regex@https://registry.npmjs.org/shebang-regex/-/shebang-regex-3.0.0.tgz 0ms (cache hit)
3147 http cache decimal.js-light@https://registry.npmjs.org/decimal.js-light/-/decimal.js-light-2.5.1.tgz 0ms (cache hit)
3148 http cache object-assign@https://registry.npmjs.org/object-assign/-/object-assign-4.1.1.tgz 0ms (cache hit)
3149 http cache loose-envify@https://registry.npmjs.org/loose-envify/-/loose-envify-1.4.0.tgz 0ms (cache hit)
3150 http cache react-transition-group@https://registry.npmjs.org/react-transition-group/-/react-transition-group-4.4.5.tgz 0ms (cache hit)
3151 http cache victory-vendor@https://registry.npmjs.org/victory-vendor/-/victory-vendor-36.9.2.tgz 0ms (cache hit)
3152 http cache prop-types@https://registry.npmjs.org/prop-types/-/prop-types-15.8.1.tgz 0ms (cache hit)
3153 http cache dom-helpers@https://registry.npmjs.org/dom-helpers/-/dom-helpers-5.2.1.tgz 0ms (cache hit)
3154 http cache fast-equals@https://registry.npmjs.org/fast-equals/-/fast-equals-5.4.1.tgz 0ms (cache hit)
3155 http cache react-smooth@https://registry.npmjs.org/react-smooth/-/react-smooth-4.0.4.tgz 0ms (cache hit)
3156 http cache recharts-scale@https://registry.npmjs.org/recharts-scale/-/recharts-scale-0.4.5.tgz 0ms (cache hit)
3157 http cache lodash@https://registry.npmjs.org/lodash/-/lodash-4.18.1.tgz 0ms (cache hit)
3158 http cache hyphenate-style-name@https://registry.npmjs.org/hyphenate-style-name/-/hyphenate-style-name-1.1.0.tgz 0ms (cache hit)
3159 http cache css-in-js-utils@https://registry.npmjs.org/css-in-js-utils/-/css-in-js-utils-3.1.0.tgz 0ms (cache hit)
3160 http cache react-is@https://registry.npmjs.org/react-is/-/react-is-18.3.1.tgz 1ms (cache hit)
3161 http cache stylis@https://registry.npmjs.org/stylis/-/stylis-4.4.0.tgz 0ms (cache hit)
3162 http cache mdn-data@https://registry.npmjs.org/mdn-data/-/mdn-data-2.0.14.tgz 0ms (cache hit)
3163 http cache source-map@https://registry.npmjs.org/source-map/-/source-map-0.6.1.tgz 0ms (cache hit)
3164 http cache stacktrace-js@https://registry.npmjs.org/stacktrace-js/-/stacktrace-js-2.0.2.tgz 0ms (cache hit)
3165 http cache rtl-css-js@https://registry.npmjs.org/rtl-css-js/-/rtl-css-js-1.16.1.tgz 0ms (cache hit)
3166 http cache inline-style-prefixer@https://registry.npmjs.org/inline-style-prefixer/-/inline-style-prefixer-7.0.1.tgz 0ms (cache hit)
3167 http cache fastest-stable-stringify@https://registry.npmjs.org/fastest-stable-stringify/-/fastest-stable-stringify-2.0.2.tgz 0ms (cache hit)
3168 http cache ts-easing@https://registry.npmjs.org/ts-easing/-/ts-easing-0.2.0.tgz 0ms (cache hit)
3169 http cache toggle-selection@https://registry.npmjs.org/toggle-selection/-/toggle-selection-1.0.6.tgz 0ms (cache hit)
3170 http cache throttle-debounce@https://registry.npmjs.org/throttle-debounce/-/throttle-debounce-3.0.1.tgz 0ms (cache hit)
3171 http cache set-harmonic-interval@https://registry.npmjs.org/set-harmonic-interval/-/set-harmonic-interval-1.0.1.tgz 0ms (cache hit)
3172 http cache css-tree@https://registry.npmjs.org/css-tree/-/css-tree-1.1.3.tgz 0ms (cache hit)
3173 http cache screenfull@https://registry.npmjs.org/screenfull/-/screenfull-5.2.0.tgz 0ms (cache hit)
3174 http cache react-universal-interface@https://registry.npmjs.org/react-universal-interface/-/react-universal-interface-0.6.2.tgz 0ms (cache hit)
3175 http cache resize-observer-polyfill@https://registry.npmjs.org/resize-observer-polyfill/-/resize-observer-polyfill-1.5.1.tgz 0ms (cache hit)
3176 http cache js-cookie@https://registry.npmjs.org/js-cookie/-/js-cookie-3.0.8.tgz 0ms (cache hit)
3177 http cache fast-shallow-equal@https://registry.npmjs.org/fast-shallow-equal/-/fast-shallow-equal-1.0.0.tgz 0ms (cache hit)
3178 http cache nano-css@https://registry.npmjs.org/nano-css/-/nano-css-5.6.2.tgz 0ms (cache hit)
3179 http cache fast-deep-equal@https://registry.npmjs.org/fast-deep-equal/-/fast-deep-equal-3.1.3.tgz 0ms (cache hit)
3180 http cache @xobotyi/scrollbar-width@https://registry.npmjs.org/@xobotyi/scrollbar-width/-/scrollbar-width-1.9.5.tgz 0ms (cache hit)
3181 http cache @types/js-cookie@https://registry.npmjs.org/@types/js-cookie/-/js-cookie-3.0.6.tgz 0ms (cache hit)
3182 http cache get-nonce@https://registry.npmjs.org/get-nonce/-/get-nonce-1.0.1.tgz 0ms (cache hit)
3183 http cache use-sidecar@https://registry.npmjs.org/use-sidecar/-/use-sidecar-1.1.3.tgz 0ms (cache hit)
3184 http cache copy-to-clipboard@https://registry.npmjs.org/copy-to-clipboard/-/copy-to-clipboard-3.3.3.tgz 0ms (cache hit)
3185 http cache parchment@https://registry.npmjs.org/parchment/-/parchment-3.0.0.tgz 0ms (cache hit)
3186 http cache react-remove-scroll-bar@https://registry.npmjs.org/react-remove-scroll-bar/-/react-remove-scroll-bar-2.3.8.tgz 0ms (cache hit)
3187 http cache use-callback-ref@https://registry.npmjs.org/use-callback-ref/-/use-callback-ref-1.3.3.tgz 0ms (cache hit)
3188 http cache react-style-singleton@https://registry.npmjs.org/react-style-singleton/-/react-style-singleton-2.2.3.tgz 0ms (cache hit)
3189 http cache quill@https://registry.npmjs.org/quill/-/quill-2.0.3.tgz 0ms (cache hit)
3190 http cache eventemitter3@https://registry.npmjs.org/eventemitter3/-/eventemitter3-5.0.4.tgz 0ms (cache hit)
3191 http cache date-fns-jalali@https://registry.npmjs.org/date-fns-jalali/-/date-fns-jalali-4.1.0-0.tgz 0ms (cache hit)
3192 http cache @tabby_ai/hijri-converter@https://registry.npmjs.org/@tabby_ai/hijri-converter/-/hijri-converter-1.0.5.tgz 0ms (cache hit)
3193 http cache lodash-es@https://registry.npmjs.org/lodash-es/-/lodash-es-4.18.1.tgz 0ms (cache hit)
3194 http cache @date-fns/tz@https://registry.npmjs.org/@date-fns/tz/-/tz-1.5.0.tgz 0ms (cache hit)
3195 http cache lodash.isequal@https://registry.npmjs.org/lodash.isequal/-/lodash.isequal-4.5.0.tgz 0ms (cache hit)
3196 http cache lodash.clonedeep@https://registry.npmjs.org/lodash.clonedeep/-/lodash.clonedeep-4.5.0.tgz 0ms (cache hit)
3197 http cache fast-diff@https://registry.npmjs.org/fast-diff/-/fast-diff-1.3.0.tgz 0ms (cache hit)
3198 http cache immediate@https://registry.npmjs.org/immediate/-/immediate-3.0.6.tgz 0ms (cache hit)
3199 http cache lie@https://registry.npmjs.org/lie/-/lie-3.3.0.tgz 0ms (cache hit)
3200 http cache is-promise@https://registry.npmjs.org/is-promise/-/is-promise-2.2.2.tgz 0ms (cache hit)
3201 http cache util-deprecate@https://registry.npmjs.org/util-deprecate/-/util-deprecate-1.0.2.tgz 0ms (cache hit)
3202 http cache nanoid@https://registry.npmjs.org/nanoid/-/nanoid-3.3.16.tgz 0ms (cache hit)
3203 http cache motion-utils@https://registry.npmjs.org/motion-utils/-/motion-utils-12.39.0.tgz 0ms (cache hit)
3204 http cache source-map-js@https://registry.npmjs.org/source-map-js/-/source-map-js-1.2.1.tgz 0ms (cache hit)
3205 http cache motion-dom@https://registry.npmjs.org/motion-dom/-/motion-dom-12.42.2.tgz 0ms (cache hit)
3206 http cache cssesc@https://registry.npmjs.org/cssesc/-/cssesc-3.0.0.tgz 0ms (cache hit)
3207 http cache framer-motion@https://registry.npmjs.org/framer-motion/-/framer-motion-12.42.2.tgz 0ms (cache hit)
3208 http cache yallist@https://registry.npmjs.org/yallist/-/yallist-3.1.1.tgz 0ms (cache hit)
3209 http cache utrie@https://registry.npmjs.org/utrie/-/utrie-1.0.2.tgz 0ms (cache hit)
3210 http cache text-segmentation@https://registry.npmjs.org/text-segmentation/-/text-segmentation-1.0.3.tgz 0ms (cache hit)
3211 http cache css-line-break@https://registry.npmjs.org/css-line-break/-/css-line-break-2.1.0.tgz 0ms (cache hit)
3212 http cache embla-carousel@https://registry.npmjs.org/embla-carousel/-/embla-carousel-8.6.0.tgz 0ms (cache hit)
3213 http cache embla-carousel-reactive-utils@https://registry.npmjs.org/embla-carousel-reactive-utils/-/embla-carousel-reactive-utils-8.6.0.tgz 0ms (cache hit)
3214 http cache dotenv-expand@https://registry.npmjs.org/dotenv-expand/-/dotenv-expand-10.0.0.tgz 0ms (cache hit)
3215 http cache minimist@https://registry.npmjs.org/minimist/-/minimist-1.2.8.tgz 0ms (cache hit)
3216 http cache webgl-constants@https://registry.npmjs.org/webgl-constants/-/webgl-constants-1.1.1.tgz 0ms (cache hit)
3217 http cache ms@https://registry.npmjs.org/ms/-/ms-2.1.3.tgz 0ms (cache hit)
3218 http cache which@https://registry.npmjs.org/which/-/which-2.0.2.tgz 0ms (cache hit)
3219 http cache path-key@https://registry.npmjs.org/path-key/-/path-key-3.1.1.tgz 0ms (cache hit)
3220 http cache ieee754@https://registry.npmjs.org/ieee754/-/ieee754-1.2.1.tgz 0ms (cache hit)
3221 http cache cross-spawn@https://registry.npmjs.org/cross-spawn/-/cross-spawn-7.0.6.tgz 0ms (cache hit)
3222 http cache shebang-command@https://registry.npmjs.org/shebang-command/-/shebang-command-2.0.0.tgz 0ms (cache hit)
3223 http cache update-browserslist-db@https://registry.npmjs.org/update-browserslist-db/-/update-browserslist-db-1.2.3.tgz 0ms (cache hit)
3224 http cache node-releases@https://registry.npmjs.org/node-releases/-/node-releases-2.0.51.tgz 0ms (cache hit)
3225 http cache electron-to-chromium@https://registry.npmjs.org/electron-to-chromium/-/electron-to-chromium-1.5.396.tgz 0ms (cache hit)
3226 http cache baseline-browser-mapping@https://registry.npmjs.org/baseline-browser-mapping/-/baseline-browser-mapping-2.11.4.tgz 0ms (cache hit)
3227 http cache postcss-value-parser@https://registry.npmjs.org/postcss-value-parser/-/postcss-value-parser-4.2.0.tgz 0ms (cache hit)
3228 http cache fraction.js@https://registry.npmjs.org/fraction.js/-/fraction.js-5.3.4.tgz 0ms (cache hit)
3229 http cache caniuse-lite@https://registry.npmjs.org/caniuse-lite/-/caniuse-lite-1.0.30001806.tgz 0ms (cache hit)
3230 http cache @types/babel__traverse@https://registry.npmjs.org/@types/babel__traverse/-/babel__traverse-7.28.0.tgz 0ms (cache hit)
3231 http cache @types/babel__template@https://registry.npmjs.org/@types/babel__template/-/babel__template-7.4.4.tgz 0ms (cache hit)
3232 http cache tslib@https://registry.npmjs.org/tslib/-/tslib-2.8.1.tgz 0ms (cache hit)
3233 http cache @types/babel__generator@https://registry.npmjs.org/@types/babel__generator/-/babel__generator-7.27.0.tgz 0ms (cache hit)
3234 http cache @jridgewell/sourcemap-codec@https://registry.npmjs.org/@jridgewell/sourcemap-codec/-/sourcemap-codec-1.5.5.tgz 0ms (cache hit)
3235 http cache @jridgewell/resolve-uri@https://registry.npmjs.org/@jridgewell/resolve-uri/-/resolve-uri-3.1.2.tgz 0ms (cache hit)
3236 http cache @babel/helper-string-parser@https://registry.npmjs.org/@babel/helper-string-parser/-/helper-string-parser-7.29.7.tgz 0ms (cache hit)
3237 http cache @babel/helper-plugin-utils@https://registry.npmjs.org/@babel/helper-plugin-utils/-/helper-plugin-utils-7.29.7.tgz 1ms (cache hit)
3238 http cache @babel/helper-module-imports@https://registry.npmjs.org/@babel/helper-module-imports/-/helper-module-imports-7.29.7.tgz 0ms (cache hit)
3239 http cache @babel/helper-globals@https://registry.npmjs.org/@babel/helper-globals/-/helper-globals-7.29.7.tgz 0ms (cache hit)
3240 http cache lru-cache@https://registry.npmjs.org/lru-cache/-/lru-cache-5.1.1.tgz 0ms (cache hit)
3241 http cache browserslist@https://registry.npmjs.org/browserslist/-/browserslist-4.28.7.tgz 0ms (cache hit)
3242 http cache @babel/compat-data@https://registry.npmjs.org/@babel/compat-data/-/compat-data-7.29.7.tgz 0ms (cache hit)
3243 http cache @babel/helper-validator-option@https://registry.npmjs.org/@babel/helper-validator-option/-/helper-validator-option-7.29.7.tgz 0ms (cache hit)
3244 http cache @jridgewell/trace-mapping@https://registry.npmjs.org/@jridgewell/trace-mapping/-/trace-mapping-0.3.31.tgz 0ms (cache hit)
3245 http cache @jridgewell/gen-mapping@https://registry.npmjs.org/@jridgewell/gen-mapping/-/gen-mapping-0.3.13.tgz 0ms (cache hit)
3246 http cache picocolors@https://registry.npmjs.org/picocolors/-/picocolors-1.1.1.tgz 0ms (cache hit)
3247 http cache jsesc@https://registry.npmjs.org/jsesc/-/jsesc-3.1.0.tgz 0ms (cache hit)
3248 http cache js-tokens@https://registry.npmjs.org/js-tokens/-/js-tokens-4.0.0.tgz 0ms (cache hit)
3249 http cache @babel/helper-validator-identifier@https://registry.npmjs.org/@babel/helper-validator-identifier/-/helper-validator-identifier-7.29.7.tgz 0ms (cache hit)
3250 http cache debug@https://registry.npmjs.org/debug/-/debug-4.4.3.tgz 0ms (cache hit)
3251 http cache semver@https://registry.npmjs.org/semver/-/semver-6.3.1.tgz 0ms (cache hit)
3252 http cache json5@https://registry.npmjs.org/json5/-/json5-2.2.3.tgz 0ms (cache hit)
3253 http cache gensync@https://registry.npmjs.org/gensync/-/gensync-1.0.0-beta.2.tgz 0ms (cache hit)
3254 http cache convert-source-map@https://registry.npmjs.org/convert-source-map/-/convert-source-map-2.0.0.tgz 0ms (cache hit)
3255 http cache @babel/traverse@https://registry.npmjs.org/@babel/traverse/-/traverse-7.29.7.tgz 0ms (cache hit)
3256 http cache @jridgewell/remapping@https://registry.npmjs.org/@jridgewell/remapping/-/remapping-2.3.5.tgz 0ms (cache hit)
3257 http cache @babel/template@https://registry.npmjs.org/@babel/template/-/template-7.29.7.tgz 0ms (cache hit)
3258 http cache @babel/types@https://registry.npmjs.org/@babel/types/-/types-7.29.7.tgz 0ms (cache hit)
3259 http cache @babel/parser@https://registry.npmjs.org/@babel/parser/-/parser-7.29.7.tgz 0ms (cache hit)
3260 http cache @babel/helper-compilation-targets@https://registry.npmjs.org/@babel/helper-compilation-targets/-/helper-compilation-targets-7.29.7.tgz 0ms (cache hit)
3261 http cache @babel/generator@https://registry.npmjs.org/@babel/generator/-/generator-7.29.7.tgz 0ms (cache hit)
3262 http cache @babel/helpers@https://registry.npmjs.org/@babel/helpers/-/helpers-7.29.7.tgz 0ms (cache hit)
3263 http cache @babel/helper-module-transforms@https://registry.npmjs.org/@babel/helper-module-transforms/-/helper-module-transforms-7.29.7.tgz 0ms (cache hit)
3264 http cache react-refresh@https://registry.npmjs.org/react-refresh/-/react-refresh-0.17.0.tgz 0ms (cache hit)
3265 http cache @babel/code-frame@https://registry.npmjs.org/@babel/code-frame/-/code-frame-7.29.7.tgz 0ms (cache hit)
3266 http cache @rolldown/pluginutils@https://registry.npmjs.org/@rolldown/pluginutils/-/pluginutils-1.0.0-beta.27.tgz 0ms (cache hit)
3267 http cache @types/babel__core@https://registry.npmjs.org/@types/babel__core/-/babel__core-7.20.5.tgz 0ms (cache hit)
3268 http cache @babel/plugin-transform-react-jsx-source@https://registry.npmjs.org/@babel/plugin-transform-react-jsx-source/-/plugin-transform-react-jsx-source-7.29.7.tgz 0ms (cache hit)
3269 http cache @babel/core@https://registry.npmjs.org/@babel/core/-/core-7.29.7.tgz 0ms (cache hit)
3270 http cache @babel/plugin-transform-react-jsx-self@https://registry.npmjs.org/@babel/plugin-transform-react-jsx-self/-/plugin-transform-react-jsx-self-7.29.7.tgz 0ms (cache hit)
3271 http cache meshoptimizer@https://registry.npmjs.org/meshoptimizer/-/meshoptimizer-0.18.1.tgz 0ms (cache hit)
3272 http cache @use-gesture/core@https://registry.npmjs.org/@use-gesture/core/-/core-10.3.1.tgz 0ms (cache hit)
3273 http cache fflate@https://registry.npmjs.org/fflate/-/fflate-0.8.3.tgz 0ms (cache hit)
3274 http cache @types/stats.js@https://registry.npmjs.org/@types/stats.js/-/stats.js-0.17.4.tgz 0ms (cache hit)
3275 http cache @webgpu/types@https://registry.npmjs.org/@webgpu/types/-/types-0.1.71.tgz 0ms (cache hit)
3276 http cache csstype@https://registry.npmjs.org/csstype/-/csstype-3.2.3.tgz 0ms (cache hit)
3277 http cache @tweenjs/tween.js@https://registry.npmjs.org/@tweenjs/tween.js/-/tween.js-23.1.3.tgz 1ms (cache hit)
3278 http cache undici-types@https://registry.npmjs.org/undici-types/-/undici-types-6.21.0.tgz 0ms (cache hit)
3279 http cache @dimforge/rapier3d-compat@https://registry.npmjs.org/@dimforge/rapier3d-compat/-/rapier3d-compat-0.12.0.tgz 0ms (cache hit)
3280 http cache seroval@https://registry.npmjs.org/seroval/-/seroval-1.5.6.tgz 0ms (cache hit)
3281 http cache cookie-es@https://registry.npmjs.org/cookie-es/-/cookie-es-1.2.3.tgz 0ms (cache hit)
3282 http cache seroval-plugins@https://registry.npmjs.org/seroval-plugins/-/seroval-plugins-1.5.6.tgz 0ms (cache hit)
3283 http cache tiny-warning@https://registry.npmjs.org/tiny-warning/-/tiny-warning-1.0.3.tgz 0ms (cache hit)
3284 http cache @tanstack/store@https://registry.npmjs.org/@tanstack/store/-/store-0.7.7.tgz 0ms (cache hit)
3285 http cache tiny-invariant@https://registry.npmjs.org/tiny-invariant/-/tiny-invariant-1.3.3.tgz 0ms (cache hit)
3286 http cache @tanstack/router-core@https://registry.npmjs.org/@tanstack/router-core/-/router-core-1.131.50.tgz 0ms (cache hit)
3287 http cache @tanstack/react-store@https://registry.npmjs.org/@tanstack/react-store/-/react-store-0.7.7.tgz 0ms (cache hit)
3288 http cache @tanstack/history@https://registry.npmjs.org/@tanstack/history/-/history-1.131.2.tgz 0ms (cache hit)
3289 http cache isbot@https://registry.npmjs.org/isbot/-/isbot-5.2.1.tgz 0ms (cache hit)
3290 http cache @tanstack/query-core@https://registry.npmjs.org/@tanstack/query-core/-/query-core-5.101.4.tgz 0ms (cache hit)
3291 http cache lodash.merge@https://registry.npmjs.org/lodash.merge/-/lodash.merge-4.6.2.tgz 0ms (cache hit)
3292 http cache postcss-selector-parser@https://registry.npmjs.org/postcss-selector-parser/-/postcss-selector-parser-6.0.10.tgz 0ms (cache hit)
3293 http cache lodash.castarray@https://registry.npmjs.org/lodash.castarray/-/lodash.castarray-4.4.0.tgz 0ms (cache hit)
3294 http cache lodash.isplainobject@https://registry.npmjs.org/lodash.isplainobject/-/lodash.isplainobject-4.0.6.tgz 0ms (cache hit)
3295 http cache react-reconciler@https://registry.npmjs.org/react-reconciler/-/react-reconciler-0.31.0.tgz 0ms (cache hit)
3296 http cache react-use-measure@https://registry.npmjs.org/react-use-measure/-/react-use-measure-2.1.7.tgz 0ms (cache hit)
3297 http cache scheduler@https://registry.npmjs.org/scheduler/-/scheduler-0.25.0.tgz 0ms (cache hit)
3298 http cache its-fine@https://registry.npmjs.org/its-fine/-/its-fine-2.0.0.tgz 0ms (cache hit)
3299 http cache base64-js@https://registry.npmjs.org/base64-js/-/base64-js-1.5.1.tgz 0ms (cache hit)
3300 http cache buffer@https://registry.npmjs.org/buffer/-/buffer-6.0.3.tgz 0ms (cache hit)
3301 http cache @types/webxr@https://registry.npmjs.org/@types/webxr/-/webxr-0.5.24.tgz 1ms (cache hit)
3302 http cache @types/react-reconciler@https://registry.npmjs.org/@types/react-reconciler/-/react-reconciler-0.28.9.tgz 0ms (cache hit)
3303 http cache promise-worker-transferable@https://registry.npmjs.org/promise-worker-transferable/-/promise-worker-transferable-1.0.4.tgz 0ms (cache hit)
3304 http cache utility-types@https://registry.npmjs.org/utility-types/-/utility-types-3.11.0.tgz 0ms (cache hit)
3305 http cache use-sync-external-store@https://registry.npmjs.org/use-sync-external-store/-/use-sync-external-store-1.6.0.tgz 0ms (cache hit)
3306 http cache troika-three-text@https://registry.npmjs.org/troika-three-text/-/troika-three-text-0.52.5.tgz 0ms (cache hit)
3307 http cache tunnel-rat@https://registry.npmjs.org/tunnel-rat/-/tunnel-rat-0.1.2.tgz 0ms (cache hit)
3308 http cache suspend-react@https://registry.npmjs.org/suspend-react/-/suspend-react-0.1.3.tgz 0ms (cache hit)
3309 http cache three-mesh-bvh@https://registry.npmjs.org/three-mesh-bvh/-/three-mesh-bvh-0.8.3.tgz 0ms (cache hit)
3310 http cache three-stdlib@https://registry.npmjs.org/three-stdlib/-/three-stdlib-2.36.1.tgz 0ms (cache hit)
3311 http cache stats.js@https://registry.npmjs.org/stats.js/-/stats.js-0.17.0.tgz 0ms (cache hit)
3312 http cache meshline@https://registry.npmjs.org/meshline/-/meshline-3.3.1.tgz 0ms (cache hit)
3313 http cache stats-gl@https://registry.npmjs.org/stats-gl/-/stats-gl-2.4.2.tgz 0ms (cache hit)
3314 http cache maath@https://registry.npmjs.org/maath/-/maath-0.10.8.tgz 0ms (cache hit)
3315 http cache glsl-noise@https://registry.npmjs.org/glsl-noise/-/glsl-noise-0.0.0.tgz 0ms (cache hit)
3316 http cache detect-gpu@https://registry.npmjs.org/detect-gpu/-/detect-gpu-5.0.70.tgz 0ms (cache hit)
3317 http cache hls.js@https://registry.npmjs.org/hls.js/-/hls.js-1.6.16.tgz 0ms (cache hit)
3318 http cache camera-controls@https://registry.npmjs.org/camera-controls/-/camera-controls-2.10.1.tgz 0ms (cache hit)
3319 http cache cross-env@https://registry.npmjs.org/cross-env/-/cross-env-7.0.3.tgz 0ms (cache hit)
3320 http cache @use-gesture/react@https://registry.npmjs.org/@use-gesture/react/-/react-10.3.1.tgz 0ms (cache hit)
3321 http cache @mediapipe/tasks-vision@https://registry.npmjs.org/@mediapipe/tasks-vision/-/tasks-vision-0.10.17.tgz 0ms (cache hit)
3322 http cache @monogrid/gainmap-js@https://registry.npmjs.org/@monogrid/gainmap-js/-/gainmap-js-3.4.0.tgz 0ms (cache hit)
3323 http cache @babel/runtime@https://registry.npmjs.org/@babel/runtime/-/runtime-7.29.7.tgz 0ms (cache hit)
3324 http cache cannon-es@https://registry.npmjs.org/cannon-es/-/cannon-es-0.20.0.tgz 0ms (cache hit)
3325 http cache cannon-es-debugger@https://registry.npmjs.org/cannon-es-debugger/-/cannon-es-debugger-1.0.0.tgz 0ms (cache hit)
3326 http cache @pmndrs/cannon-worker-api@https://registry.npmjs.org/@pmndrs/cannon-worker-api/-/cannon-worker-api-2.4.0.tgz 0ms (cache hit)
3327 http cache @radix-ui/number@https://registry.npmjs.org/@radix-ui/number/-/number-1.1.3.tgz 0ms (cache hit)
3328 http cache @floating-ui/utils@https://registry.npmjs.org/@floating-ui/utils/-/utils-0.2.12.tgz 0ms (cache hit)
3329 http cache @floating-ui/core@https://registry.npmjs.org/@floating-ui/core/-/core-1.8.0.tgz 0ms (cache hit)
3330 http cache @floating-ui/dom@https://registry.npmjs.org/@floating-ui/dom/-/dom-1.8.0.tgz 0ms (cache hit)
3331 http cache @radix-ui/react-use-rect@https://registry.npmjs.org/@radix-ui/react-use-rect/-/react-use-rect-1.1.4.tgz 0ms (cache hit)
3332 http cache @radix-ui/react-arrow@https://registry.npmjs.org/@radix-ui/react-arrow/-/react-arrow-1.1.15.tgz 0ms (cache hit)
3333 http cache @radix-ui/rect@https://registry.npmjs.org/@radix-ui/rect/-/rect-1.1.3.tgz 0ms (cache hit)
3334 http cache @radix-ui/react-visually-hidden@https://registry.npmjs.org/@radix-ui/react-visually-hidden/-/react-visually-hidden-1.2.11.tgz 0ms (cache hit)
3335 http cache @floating-ui/react-dom@https://registry.npmjs.org/@floating-ui/react-dom/-/react-dom-2.1.9.tgz 0ms (cache hit)
3336 http cache @radix-ui/react-use-previous@https://registry.npmjs.org/@radix-ui/react-use-previous/-/react-use-previous-1.1.4.tgz 0ms (cache hit)
3337 http cache @radix-ui/react-roving-focus@https://registry.npmjs.org/@radix-ui/react-roving-focus/-/react-roving-focus-1.1.19.tgz 0ms (cache hit)
3338 http cache @radix-ui/react-popper@https://registry.npmjs.org/@radix-ui/react-popper/-/react-popper-1.3.7.tgz 0ms (cache hit)
3339 http cache react-remove-scroll@https://registry.npmjs.org/react-remove-scroll/-/react-remove-scroll-2.7.2.tgz 0ms (cache hit)
3340 http cache @radix-ui/react-use-effect-event@https://registry.npmjs.org/@radix-ui/react-use-effect-event/-/react-use-effect-event-0.0.5.tgz 0ms (cache hit)
3341 http cache @radix-ui/react-portal@https://registry.npmjs.org/@radix-ui/react-portal/-/react-portal-1.1.17.tgz 1ms (cache hit)
3342 http cache aria-hidden@https://registry.npmjs.org/aria-hidden/-/aria-hidden-1.2.6.tgz 0ms (cache hit)
3343 http cache @radix-ui/react-dismissable-layer@https://registry.npmjs.org/@radix-ui/react-dismissable-layer/-/react-dismissable-layer-1.1.19.tgz 0ms (cache hit)
3344 http cache @radix-ui/react-focus-scope@https://registry.npmjs.org/@radix-ui/react-focus-scope/-/react-focus-scope-1.1.16.tgz 0ms (cache hit)
3345 http cache @radix-ui/react-focus-guards@https://registry.npmjs.org/@radix-ui/react-focus-guards/-/react-focus-guards-1.1.6.tgz 0ms (cache hit)
3346 http cache @radix-ui/react-menu@https://registry.npmjs.org/@radix-ui/react-menu/-/react-menu-2.1.24.tgz 0ms (cache hit)
3347 http cache @radix-ui/react-use-size@https://registry.npmjs.org/@radix-ui/react-use-size/-/react-use-size-1.1.4.tgz 0ms (cache hit)
3348 http cache @radix-ui/react-presence@https://registry.npmjs.org/@radix-ui/react-presence/-/react-presence-1.1.10.tgz 0ms (cache hit)
3349 http cache @radix-ui/react-use-callback-ref@https://registry.npmjs.org/@radix-ui/react-use-callback-ref/-/react-use-callback-ref-1.1.4.tgz 0ms (cache hit)
3350 http cache @radix-ui/react-use-is-hydrated@https://registry.npmjs.org/@radix-ui/react-use-is-hydrated/-/react-use-is-hydrated-0.1.3.tgz 0ms (cache hit)
3351 http cache @radix-ui/react-use-layout-effect@https://registry.npmjs.org/@radix-ui/react-use-layout-effect/-/react-use-layout-effect-1.1.4.tgz 0ms (cache hit)
3352 http cache @radix-ui/react-use-controllable-state@https://registry.npmjs.org/@radix-ui/react-use-controllable-state/-/react-use-controllable-state-1.2.6.tgz 0ms (cache hit)
3353 http cache @radix-ui/react-primitive@https://registry.npmjs.org/@radix-ui/react-primitive/-/react-primitive-2.1.10.tgz 0ms (cache hit)
3354 http cache @radix-ui/react-id@https://registry.npmjs.org/@radix-ui/react-id/-/react-id-1.1.4.tgz 0ms (cache hit)
3355 http cache @radix-ui/react-compose-refs@https://registry.npmjs.org/@radix-ui/react-compose-refs/-/react-compose-refs-1.1.5.tgz 0ms (cache hit)
3356 http cache @radix-ui/react-context@https://registry.npmjs.org/@radix-ui/react-context/-/react-context-1.2.2.tgz 0ms (cache hit)
3357 http cache @radix-ui/react-direction@https://registry.npmjs.org/@radix-ui/react-direction/-/react-direction-1.1.4.tgz 0ms (cache hit)
3358 http cache @radix-ui/primitive@https://registry.npmjs.org/@radix-ui/primitive/-/primitive-1.1.7.tgz 0ms (cache hit)
3359 http cache @radix-ui/react-collection@https://registry.npmjs.org/@radix-ui/react-collection/-/react-collection-1.1.15.tgz 0ms (cache hit)
3360 http cache @biomejs/cli-linux-x64@https://registry.npmjs.org/@biomejs/cli-linux-x64/-/cli-linux-x64-1.9.4.tgz 0ms (cache hit)
3361 http cache zustand@https://registry.npmjs.org/zustand/-/zustand-5.0.14.tgz 0ms (cache hit)
3362 http cache vite-plugin-environment@https://registry.npmjs.org/vite-plugin-environment/-/vite-plugin-environment-1.1.3.tgz 0ms (cache hit)
3363 http cache typescript@https://registry.npmjs.org/typescript/-/typescript-5.9.3.tgz 0ms (cache hit)
3364 http cache vaul@https://registry.npmjs.org/vaul/-/vaul-1.1.2.tgz 0ms (cache hit)
3365 http cache tailwindcss-animate@https://registry.npmjs.org/tailwindcss-animate/-/tailwindcss-animate-1.0.7.tgz 0ms (cache hit)
3366 http cache tailwind-merge@https://registry.npmjs.org/tailwind-merge/-/tailwind-merge-2.6.1.tgz 0ms (cache hit)
3367 http cache sonner@https://registry.npmjs.org/sonner/-/sonner-1.7.4.tgz 0ms (cache hit)
3368 http cache recharts@https://registry.npmjs.org/recharts/-/recharts-2.15.4.tgz 0ms (cache hit)
3369 http cache react-resizable-panels@https://registry.npmjs.org/react-resizable-panels/-/react-resizable-panels-2.1.9.tgz 0ms (cache hit)
3370 http cache react-use@https://registry.npmjs.org/react-use/-/react-use-17.6.1.tgz 0ms (cache hit)
3371 http cache quill-delta@https://registry.npmjs.org/quill-delta/-/quill-delta-5.1.0.tgz 0ms (cache hit)
3372 http cache react-icons@https://registry.npmjs.org/react-icons/-/react-icons-5.7.0.tgz 0ms (cache hit)
3373 http cache react-quill-new@https://registry.npmjs.org/react-quill-new/-/react-quill-new-3.4.6.tgz 0ms (cache hit)
3374 http cache next-themes@https://registry.npmjs.org/next-themes/-/next-themes-0.4.6.tgz 0ms (cache hit)
3375 http cache react-day-picker@https://registry.npmjs.org/react-day-picker/-/react-day-picker-9.14.0.tgz 0ms (cache hit)
3376 http cache react-hook-form@https://registry.npmjs.org/react-hook-form/-/react-hook-form-7.83.0.tgz 0ms (cache hit)
3377 http cache lucide-react@https://registry.npmjs.org/lucide-react/-/lucide-react-0.511.0.tgz 0ms (cache hit)
3378 http cache input-otp@https://registry.npmjs.org/input-otp/-/input-otp-1.4.2.tgz 0ms (cache hit)
3379 http cache motion@https://registry.npmjs.org/motion/-/motion-12.42.2.tgz 0ms (cache hit)
3380 http cache html2canvas@https://registry.npmjs.org/html2canvas/-/html2canvas-1.4.1.tgz 0ms (cache hit)
3381 http cache embla-carousel-react@https://registry.npmjs.org/embla-carousel-react/-/embla-carousel-react-8.6.0.tgz 0ms (cache hit)
3382 http cache dotenv-cli@https://registry.npmjs.org/dotenv-cli/-/dotenv-cli-8.0.0.tgz 0ms (cache hit)
3383 http cache dotenv@https://registry.npmjs.org/dotenv/-/dotenv-16.6.1.tgz 0ms (cache hit)
3384 http cache date-fns@https://registry.npmjs.org/date-fns/-/date-fns-3.6.0.tgz 0ms (cache hit)
3385 http cache cmdk@https://registry.npmjs.org/cmdk/-/cmdk-1.1.1.tgz 0ms (cache hit)
3386 http cache clsx@https://registry.npmjs.org/clsx/-/clsx-2.1.1.tgz 0ms (cache hit)
3387 http cache class-variance-authority@https://registry.npmjs.org/class-variance-authority/-/class-variance-authority-0.7.1.tgz 0ms (cache hit)
3388 http cache postcss@https://registry.npmjs.org/postcss/-/postcss-8.5.23.tgz 0ms (cache hit)
3389 http cache autoprefixer@https://registry.npmjs.org/autoprefixer/-/autoprefixer-10.5.4.tgz 0ms (cache hit)
3390 http cache vite@https://registry.npmjs.org/vite/-/vite-5.4.21.tgz 0ms (cache hit)
3391 http cache @vitejs/plugin-react@https://registry.npmjs.org/@vitejs/plugin-react/-/plugin-react-4.7.0.tgz 0ms (cache hit)
3392 http cache @types/react-dom@https://registry.npmjs.org/@types/react-dom/-/react-dom-19.1.11.tgz 0ms (cache hit)
3393 http cache @types/three@https://registry.npmjs.org/@types/three/-/three-0.176.0.tgz 0ms (cache hit)
3394 http cache @types/react@https://registry.npmjs.org/@types/react/-/react-19.1.17.tgz 0ms (cache hit)
3395 http cache @types/node@https://registry.npmjs.org/@types/node/-/node-20.19.43.tgz 0ms (cache hit)
3396 http cache @tanstack/react-router@https://registry.npmjs.org/@tanstack/react-router/-/react-router-1.131.50.tgz 0ms (cache hit)
3397 http cache @tanstack/react-query@https://registry.npmjs.org/@tanstack/react-query/-/react-query-5.101.4.tgz 0ms (cache hit)
3398 http cache @tailwindcss/typography@https://registry.npmjs.org/@tailwindcss/typography/-/typography-0.5.10.tgz 0ms (cache hit)
3399 http cache @tailwindcss/container-queries@https://registry.npmjs.org/@tailwindcss/container-queries/-/container-queries-0.1.1.tgz 0ms (cache hit)
3400 http cache tailwindcss@https://registry.npmjs.org/tailwindcss/-/tailwindcss-3.4.19.tgz 0ms (cache hit)
3401 http cache @react-three/drei@https://registry.npmjs.org/@react-three/drei/-/drei-10.0.8.tgz 0ms (cache hit)
3402 http cache three@https://registry.npmjs.org/three/-/three-0.176.0.tgz 0ms (cache hit)
3403 http cache @react-three/cannon@https://registry.npmjs.org/@react-three/cannon/-/cannon-6.6.0.tgz 0ms (cache hit)
3404 http cache @react-three/fiber@https://registry.npmjs.org/@react-three/fiber/-/fiber-9.1.4.tgz 0ms (cache hit)
3405 http cache @radix-ui/react-toggle-group@https://registry.npmjs.org/@radix-ui/react-toggle-group/-/react-toggle-group-1.1.19.tgz 0ms (cache hit)
3406 http cache @radix-ui/react-toggle@https://registry.npmjs.org/@radix-ui/react-toggle/-/react-toggle-1.1.18.tgz 0ms (cache hit)
3407 http cache @radix-ui/react-tabs@https://registry.npmjs.org/@radix-ui/react-tabs/-/react-tabs-1.1.21.tgz 0ms (cache hit)
3408 http cache @radix-ui/react-tooltip@https://registry.npmjs.org/@radix-ui/react-tooltip/-/react-tooltip-1.2.16.tgz 0ms (cache hit)
3409 http cache @radix-ui/react-switch@https://registry.npmjs.org/@radix-ui/react-switch/-/react-switch-1.3.7.tgz 0ms (cache hit)
3410 http cache @radix-ui/react-slot@https://registry.npmjs.org/@radix-ui/react-slot/-/react-slot-1.3.3.tgz 0ms (cache hit)
3411 http cache @radix-ui/react-slider@https://registry.npmjs.org/@radix-ui/react-slider/-/react-slider-1.4.7.tgz 0ms (cache hit)
3412 http cache @radix-ui/react-select@https://registry.npmjs.org/@radix-ui/react-select/-/react-select-2.3.7.tgz 0ms (cache hit)
3413 http cache @radix-ui/react-separator@https://registry.npmjs.org/@radix-ui/react-separator/-/react-separator-1.1.15.tgz 0ms (cache hit)
3414 http cache @radix-ui/react-scroll-area@https://registry.npmjs.org/@radix-ui/react-scroll-area/-/react-scroll-area-1.2.18.tgz 0ms (cache hit)
3415 http cache @radix-ui/react-progress@https://registry.npmjs.org/@radix-ui/react-progress/-/react-progress-1.1.16.tgz 0ms (cache hit)
3416 http cache @radix-ui/react-radio-group@https://registry.npmjs.org/@radix-ui/react-radio-group/-/react-radio-group-1.4.7.tgz 0ms (cache hit)
3417 http cache @radix-ui/react-popover@https://registry.npmjs.org/@radix-ui/react-popover/-/react-popover-1.1.23.tgz 0ms (cache hit)
3418 http cache @radix-ui/react-menubar@https://registry.npmjs.org/@radix-ui/react-menubar/-/react-menubar-1.1.24.tgz 0ms (cache hit)
3419 http cache @radix-ui/react-navigation-menu@https://registry.npmjs.org/@radix-ui/react-navigation-menu/-/react-navigation-menu-1.2.22.tgz 0ms (cache hit)
3420 http cache @radix-ui/react-label@https://registry.npmjs.org/@radix-ui/react-label/-/react-label-2.1.15.tgz 0ms (cache hit)
3421 http cache @radix-ui/react-hover-card@https://registry.npmjs.org/@radix-ui/react-hover-card/-/react-hover-card-1.1.23.tgz 0ms (cache hit)
3422 http cache @radix-ui/react-dropdown-menu@https://registry.npmjs.org/@radix-ui/react-dropdown-menu/-/react-dropdown-menu-2.1.24.tgz 0ms (cache hit)
3423 http cache @radix-ui/react-dialog@https://registry.npmjs.org/@radix-ui/react-dialog/-/react-dialog-1.1.23.tgz 0ms (cache hit)
3424 http cache @radix-ui/react-context-menu@https://registry.npmjs.org/@radix-ui/react-context-menu/-/react-context-menu-2.3.7.tgz 0ms (cache hit)
3425 http cache @radix-ui/react-collapsible@https://registry.npmjs.org/@radix-ui/react-collapsible/-/react-collapsible-1.1.20.tgz 0ms (cache hit)
3426 http cache @radix-ui/react-checkbox@https://registry.npmjs.org/@radix-ui/react-checkbox/-/react-checkbox-1.3.11.tgz 0ms (cache hit)
3427 http cache @radix-ui/react-avatar@https://registry.npmjs.org/@radix-ui/react-avatar/-/react-avatar-1.2.6.tgz 0ms (cache hit)
3428 http cache @radix-ui/react-aspect-ratio@https://registry.npmjs.org/@radix-ui/react-aspect-ratio/-/react-aspect-ratio-1.1.15.tgz 0ms (cache hit)
3429 http cache react-dom@https://registry.npmjs.org/react-dom/-/react-dom-19.1.9.tgz 0ms (cache hit)
3430 http cache @radix-ui/react-alert-dialog@https://registry.npmjs.org/@radix-ui/react-alert-dialog/-/react-alert-dialog-1.1.23.tgz 0ms (cache hit)
3431 http cache react@https://registry.npmjs.org/react/-/react-19.1.9.tgz 0ms (cache hit)
3432 http cache @biomejs/biome@https://registry.npmjs.org/@biomejs/biome/-/biome-1.9.4.tgz 0ms (cache hit)
3433 http cache @radix-ui/react-accordion@https://registry.npmjs.org/@radix-ui/react-accordion/-/react-accordion-1.2.20.tgz 1ms (cache hit)
3434 http cache fdir@https://registry.npmjs.org/fdir/-/fdir-6.5.0.tgz 0ms (cache hit)
3435 http cache picomatch@https://registry.npmjs.org/picomatch/-/picomatch-4.0.5.tgz 0ms (cache hit)
3436 http cache postcss-selector-parser@https://registry.npmjs.org/postcss-selector-parser/-/postcss-selector-parser-6.1.4.tgz 0ms (cache hit)
3437 http cache glob-parent@https://registry.npmjs.org/glob-parent/-/glob-parent-5.1.2.tgz 0ms (cache hit)
3438 http cache zustand@https://registry.npmjs.org/zustand/-/zustand-4.5.7.tgz 0ms (cache hit)
3439 http cache react-is@https://registry.npmjs.org/react-is/-/react-is-16.13.1.tgz 0ms (cache hit)
3440 http cache glob-parent@https://registry.npmjs.org/glob-parent/-/glob-parent-5.1.2.tgz 0ms (cache hit)
3441 http cache source-map@https://registry.npmjs.org/source-map/-/source-map-0.5.6.tgz 0ms (cache hit)
3442 http cache fflate@https://registry.npmjs.org/fflate/-/fflate-0.6.11.tgz 0ms (cache hit)
3443 http cache eventemitter3@https://registry.npmjs.org/eventemitter3/-/eventemitter3-4.0.7.tgz 0ms (cache hit)
3444 http cache three@https://registry.npmjs.org/three/-/three-0.170.0.tgz 0ms (cache hit)
3445 http cache date-fns@https://registry.npmjs.org/date-fns/-/date-fns-4.4.0.tgz 0ms (cache hit)
3446 http cache postcss-selector-parser@https://registry.npmjs.org/postcss-selector-parser/-/postcss-selector-parser-6.1.4.tgz 0ms (cache hit)
3447 http cache scheduler@https://registry.npmjs.org/scheduler/-/scheduler-0.26.0.tgz 0ms (cache hit)
3448 http fetch POST 200 https://registry.npmjs.org/-/npm/v1/security/advisories/bulk 9688ms
3449 silly audit report {
3449 silly audit report   vite: [
3449 silly audit report     {
3449 silly audit report       id: 1120784,
3449 silly audit report       url: 'https://github.com/advisories/GHSA-v6wh-96g9-6wx3',
3449 silly audit report       title: 'launch-editor: NTLMv2 hash disclosure via UNC path handling on Windows',
3449 silly audit report       severity: 'moderate',
3449 silly audit report       vulnerable_versions: '<=6.4.2',
3449 silly audit report       cwe: [Array],
3449 silly audit report       cvss: [Object]
3449 silly audit report     },
3449 silly audit report     {
3449 silly audit report       id: 1116229,
3449 silly audit report       url: 'https://github.com/advisories/GHSA-4w7w-66w2-5vf9',
3449 silly audit report       title: 'Vite Vulnerable to Path Traversal in Optimized Deps `.map` Handling',
3449 silly audit report       severity: 'moderate',
3449 silly audit report       vulnerable_versions: '<=6.4.1',
3449 silly audit report       cwe: [Array],
3449 silly audit report       cvss: [Object]
3449 silly audit report     },
3449 silly audit report     {
3449 silly audit report       id: 1123525,
3449 silly audit report       url: 'https://github.com/advisories/GHSA-fx2h-pf6j-xcff',
3449 silly audit report       title: 'vite: `server.fs.deny` bypass on Windows alternate paths',
3449 silly audit report       severity: 'high',
3449 silly audit report       vulnerable_versions: '<=6.4.2',
3449 silly audit report       cwe: [Array],
3449 silly audit report       cvss: [Object]
3449 silly audit report     }
3449 silly audit report   ],
3449 silly audit report   quill: [
3449 silly audit report     {
3449 silly audit report       id: 1116451,
3449 silly audit report       url: 'https://github.com/advisories/GHSA-v3m3-f69x-jf25',
3449 silly audit report       title: 'Quill is vulnerable to XSS via HTML export feature',
3449 silly audit report       severity: 'low',
3449 silly audit report       vulnerable_versions: '=2.0.3',
3449 silly audit report       cwe: [Array],
3449 silly audit report       cvss: [Object]
3449 silly audit report     }
3449 silly audit report   ],
3449 silly audit report   esbuild: [
3449 silly audit report     {
3449 silly audit report       id: 1102341,
3449 silly audit report       url: 'https://github.com/advisories/GHSA-67mh-4wv8-2f99',
3449 silly audit report       title: 'esbuild enables any website to send any requests to the development server and read the response',
3449 silly audit report       severity: 'moderate',
3449 silly audit report       vulnerable_versions: '<=0.24.2',
3449 silly audit report       cwe: [Array],
3449 silly audit report       cvss: [Object]
3449 silly audit report     }
3449 silly audit report   ]
3449 silly audit report }
3450 silly packumentCache corgi:https://registry.npmjs.org/vite cache-miss
3451 silly packumentCache corgi:https://registry.npmjs.org/quill cache-miss
3452 silly packumentCache corgi:https://registry.npmjs.org/esbuild cache-miss
3453 warn deprecated lodash.isequal@4.5.0: This package is deprecated. Use require('node:util').isDeepStrictEqual instead.
3454 http cache https://registry.npmjs.org/quill 1712ms (cache hit)
3455 silly packumentCache corgi:https://registry.npmjs.org/quill set size:153675 disposed:false
3456 http cache https://registry.npmjs.org/vite 1723ms (cache hit)
3457 silly packumentCache corgi:https://registry.npmjs.org/vite set size:2288699 disposed:false
3458 http cache https://registry.npmjs.org/esbuild 1902ms (cache hit)
3459 silly packumentCache corgi:https://registry.npmjs.org/esbuild set size:887361 disposed:false
3460 silly packumentCache corgi:https://registry.npmjs.org/@vitejs%2fplugin-react cache-miss
3461 silly packumentCache corgi:https://registry.npmjs.org/vite-plugin-environment cache-miss
3462 http cache https://registry.npmjs.org/@vitejs%2fplugin-react 660ms (cache hit)
3463 silly packumentCache corgi:https://registry.npmjs.org/@vitejs%2fplugin-react set size:116307 disposed:false
3464 http cache https://registry.npmjs.org/vite-plugin-environment 675ms (cache hit)
3465 silly packumentCache corgi:https://registry.npmjs.org/vite-plugin-environment set size:11950 disposed:false
3466 silly packumentCache corgi:https://registry.npmjs.org/react-quill-new cache-miss
3467 http cache https://registry.npmjs.org/react-quill-new 717ms (cache hit)
3468 silly packumentCache corgi:https://registry.npmjs.org/react-quill-new set size:37561 disposed:false
3469 warn deprecated recharts@2.15.4: 1.x and 2.x branches are no longer active. Bump to Recharts v3 to receive latest features and bugfixes. See https://github.com/recharts/recharts/wiki/3.0-migration-guide
3470 info run @biomejs/biome@1.9.4 postinstall node_modules/@biomejs/biome node scripts/postinstall.js
3471 info run esbuild@0.21.5 postinstall node_modules/esbuild node install.js
3472 info run @biomejs/biome@1.9.4 postinstall { code: 0, signal: null }
3473 info run esbuild@0.21.5 postinstall { code: 0, signal: null }
3474 silly ADD node_modules/isexe
3475 silly ADD node_modules/@types/estree
3476 silly ADD
3477 silly ADD
3478 silly ADD
3479 silly ADD
3480 silly ADD
3481 silly ADD
3482 silly ADD
3483 silly ADD node_modules/@rollup/rollup-linux-x64-gnu
3484 silly ADD
3485 silly ADD
3486 silly ADD
3487 silly ADD
3488 silly ADD
3489 silly ADD
3490 silly ADD
3491 silly ADD
3492 silly ADD
3493 silly ADD
3494 silly ADD
3495 silly ADD
3496 silly ADD
3497 silly ADD
3498 silly ADD
3499 silly ADD
3500 silly ADD
3501 silly ADD
3502 silly ADD
3503 silly ADD
3504 silly ADD
3505 silly ADD
3506 silly ADD
3507 silly ADD node_modules/@esbuild/linux-x64
3508 silly ADD
3509 silly ADD
3510 silly ADD
3511 silly ADD
3512 silly ADD
3513 silly ADD
3514 silly ADD
3515 silly ADD
3516 silly ADD
3517 silly ADD
3518 silly ADD
3519 silly ADD
3520 silly ADD
3521 silly ADD
3522 silly ADD
3523 silly ADD
3524 silly ADD node_modules/rollup
3525 silly ADD node_modules/esbuild
3526 silly ADD node_modules/d3-path
3527 silly ADD node_modules/d3-time-format
3528 silly ADD node_modules/d3-format
3529 silly ADD node_modules/d3-color
3530 silly ADD node_modules/internmap
3531 silly ADD node_modules/@types/d3-path
3532 silly ADD node_modules/@types/d3-color
3533 silly ADD node_modules/d3-timer
3534 silly ADD node_modules/d3-time
3535 silly ADD node_modules/d3-shape
3536 silly ADD node_modules/d3-scale
3537 silly ADD node_modules/d3-interpolate
3538 silly ADD node_modules/d3-ease
3539 silly ADD node_modules/d3-array
3540 silly ADD node_modules/@types/d3-timer
3541 silly ADD node_modules/@types/d3-time
3542 silly ADD node_modules/@types/d3-shape
3543 silly ADD node_modules/@types/d3-scale
3544 silly ADD node_modules/@types/d3-interpolate
3545 silly ADD node_modules/@types/d3-ease
3546 silly ADD node_modules/@types/d3-array
3547 silly ADD node_modules/base64-arraybuffer
3548 silly ADD node_modules/detect-node-es
3549 silly ADD node_modules/escalade
3550 silly ADD node_modules/require-from-string
3551 silly ADD node_modules/webgl-sdf-generator
3552 silly ADD node_modules/troika-worker-utils
3553 silly ADD node_modules/troika-three-utils
3554 silly ADD node_modules/bidi-js
3555 silly ADD node_modules/is-number
3556 silly ADD node_modules/potpack
3557 silly ADD node_modules/draco3d
3558 silly ADD node_modules/@types/offscreencanvas
3559 silly ADD node_modules/@types/draco3d
3560 silly ADD node_modules/thenify
3561 silly ADD node_modules/thenify-all
3562 silly ADD node_modules/any-promise
3563 silly ADD node_modules/ts-interface-checker
3564 silly ADD node_modules/tinyglobby
3565 silly ADD node_modules/tinyglobby/node_modules/picomatch
3566 silly ADD node_modules/tinyglobby/node_modules/fdir
3567 silly ADD node_modules/pirates
3568 silly ADD node_modules/mz
3569 silly ADD node_modules/lines-and-columns
3570 silly ADD node_modules/commander
3571 silly ADD node_modules/queue-microtask
3572 silly ADD node_modules/function-bind
3573 silly ADD node_modules/hasown
3574 silly ADD node_modules/supports-preserve-symlinks-flag
3575 silly ADD node_modules/path-parse
3576 silly ADD node_modules/is-core-module
3577 silly ADD node_modules/es-errors
3578 silly ADD node_modules/pify
3579 silly ADD node_modules/camelcase-css
3580 silly ADD node_modules/read-cache
3581 silly ADD node_modules/is-extglob
3582 silly ADD node_modules/binary-extensions
3583 silly ADD node_modules/to-regex-range
3584 silly ADD node_modules/reusify
3585 silly ADD node_modules/run-parallel
3586 silly ADD node_modules/fastq
3587 silly ADD node_modules/@nodelib/fs.scandir
3588 silly ADD node_modules/merge2
3589 silly ADD node_modules/@nodelib/fs.walk
3590 silly ADD node_modules/@nodelib/fs.stat
3591 silly ADD node_modules/fill-range
3592 silly ADD node_modules/picomatch
3593 silly ADD node_modules/readdirp
3594 silly ADD node_modules/is-binary-path
3595 silly ADD
3596 silly ADD node_modules/braces
3597 silly ADD node_modules/anymatch
3598 silly ADD node_modules/sucrase
3599 silly ADD node_modules/resolve
3600 silly ADD node_modules/postcss-nested
3601 silly ADD node_modules/postcss-nested/node_modules/postcss-selector-parser
3602 silly ADD node_modules/postcss-load-config
3603 silly ADD node_modules/postcss-js
3604 silly ADD node_modules/postcss-import
3605 silly ADD node_modules/object-hash
3606 silly ADD node_modules/normalize-path
3607 silly ADD node_modules/micromatch
3608 silly ADD node_modules/lilconfig
3609 silly ADD node_modules/jiti
3610 silly ADD node_modules/is-glob
3611 silly ADD node_modules/glob-parent
3612 silly ADD node_modules/fast-glob
3613 silly ADD node_modules/fast-glob/node_modules/glob-parent
3614 silly ADD node_modules/dlv
3615 silly ADD node_modules/didyoumean
3616 silly ADD node_modules/chokidar
3617 silly ADD node_modules/chokidar/node_modules/glob-parent
3618 silly ADD node_modules/arg
3619 silly ADD node_modules/@alloc/quick-lru
3620 silly ADD node_modules/stackframe
3621 silly ADD node_modules/stacktrace-gps
3622 silly ADD node_modules/stacktrace-gps/node_modules/source-map
3623 silly ADD node_modules/stack-generator
3624 silly ADD node_modules/error-stack-parser
3625 silly ADD node_modules/shebang-regex
3626 silly ADD node_modules/decimal.js-light
3627 silly ADD node_modules/dom-helpers
3628 silly ADD node_modules/object-assign
3629 silly ADD node_modules/loose-envify
3630 silly ADD node_modules/react-transition-group
3631 silly ADD node_modules/prop-types
3632 silly ADD node_modules/prop-types/node_modules/react-is
3633 silly ADD node_modules/fast-equals
3634 silly ADD node_modules/victory-vendor
3635 silly ADD node_modules/recharts-scale
3636 silly ADD node_modules/react-smooth
3637 silly ADD node_modules/react-is
3638 silly ADD node_modules/lodash
3639 silly ADD node_modules/hyphenate-style-name
3640 silly ADD node_modules/css-in-js-utils
3641 silly ADD node_modules/source-map
3642 silly ADD node_modules/mdn-data
3643 silly ADD node_modules/stylis
3644 silly ADD node_modules/stacktrace-js
3645 silly ADD node_modules/rtl-css-js
3646 silly ADD node_modules/inline-style-prefixer
3647 silly ADD node_modules/fastest-stable-stringify
3648 silly ADD node_modules/css-tree
3649 silly ADD node_modules/toggle-selection
3650 silly ADD node_modules/ts-easing
3651 silly ADD node_modules/throttle-debounce
3652 silly ADD node_modules/set-harmonic-interval
3653 silly ADD node_modules/screenfull
3654 silly ADD node_modules/resize-observer-polyfill
3655 silly ADD node_modules/react-universal-interface
3656 silly ADD node_modules/nano-css
3657 silly ADD node_modules/js-cookie
3658 silly ADD node_modules/fast-shallow-equal
3659 silly ADD node_modules/fast-deep-equal
3660 silly ADD node_modules/copy-to-clipboard
3661 silly ADD node_modules/@xobotyi/scrollbar-width
3662 silly ADD node_modules/@types/js-cookie
3663 silly ADD node_modules/get-nonce
3664 silly ADD node_modules/use-sidecar
3665 silly ADD node_modules/use-callback-ref
3666 silly ADD node_modules/react-style-singleton
3667 silly ADD node_modules/react-remove-scroll-bar
3668 silly ADD node_modules/parchment
3669 silly ADD node_modules/eventemitter3
3670 silly ADD node_modules/quill
3671 silly ADD node_modules/lodash-es
3672 silly ADD node_modules/date-fns-jalali
3673 silly ADD node_modules/@tabby_ai/hijri-converter
3674 silly ADD node_modules/@date-fns/tz
3675 silly ADD node_modules/lodash.isequal
3676 silly ADD node_modules/lodash.clonedeep
3677 silly ADD node_modules/fast-diff
3678 silly ADD node_modules/immediate
3679 silly ADD node_modules/lie
3680 silly ADD node_modules/is-promise
3681 silly ADD node_modules/util-deprecate
3682 silly ADD node_modules/cssesc
3683 silly ADD node_modules/source-map-js
3684 silly ADD node_modules/nanoid
3685 silly ADD node_modules/motion-utils
3686 silly ADD node_modules/motion-dom
3687 silly ADD node_modules/framer-motion
3688 silly ADD node_modules/yallist
3689 silly ADD node_modules/utrie
3690 silly ADD node_modules/text-segmentation
3691 silly ADD node_modules/css-line-break
3692 silly ADD node_modules/embla-carousel-reactive-utils
3693 silly ADD node_modules/embla-carousel
3694 silly ADD node_modules/minimist
3695 silly ADD node_modules/dotenv-expand
3696 silly ADD node_modules/webgl-constants
3697 silly ADD node_modules/ms
3698 silly ADD node_modules/which
3699 silly ADD node_modules/shebang-command
3700 silly ADD node_modules/path-key
3701 silly ADD node_modules/cross-spawn
3702 silly ADD node_modules/ieee754
3703 silly ADD node_modules/update-browserslist-db
3704 silly ADD node_modules/node-releases
3705 silly ADD node_modules/electron-to-chromium
3706 silly ADD node_modules/baseline-browser-mapping
3707 silly ADD node_modules/postcss-value-parser
3708 silly ADD node_modules/fraction.js
3709 silly ADD node_modules/caniuse-lite
3710 silly ADD node_modules/tslib
3711 silly ADD node_modules/@types/babel__traverse
3712 silly ADD node_modules/@types/babel__template
3713 silly ADD node_modules/@types/babel__generator
3714 silly ADD node_modules/@jridgewell/resolve-uri
3715 silly ADD node_modules/@jridgewell/sourcemap-codec
3716 silly ADD node_modules/@babel/helper-string-parser
3717 silly ADD node_modules/@babel/helper-globals
3718 silly ADD node_modules/@babel/helper-plugin-utils
3719 silly ADD node_modules/@babel/helper-module-imports
3720 silly ADD node_modules/lru-cache
3721 silly ADD node_modules/browserslist
3722 silly ADD node_modules/@babel/helper-validator-option
3723 silly ADD node_modules/@babel/compat-data
3724 silly ADD node_modules/jsesc
3725 silly ADD node_modules/@jridgewell/trace-mapping
3726 silly ADD node_modules/@jridgewell/gen-mapping
3727 silly ADD node_modules/picocolors
3728 silly ADD node_modules/js-tokens
3729 silly ADD node_modules/@babel/helper-validator-identifier
3730 silly ADD node_modules/semver
3731 silly ADD node_modules/json5
3732 silly ADD node_modules/gensync
3733 silly ADD node_modules/debug
3734 silly ADD node_modules/convert-source-map
3735 silly ADD node_modules/@jridgewell/remapping
3736 silly ADD node_modules/@babel/types
3737 silly ADD node_modules/@babel/traverse
3738 silly ADD node_modules/@babel/template
3739 silly ADD node_modules/@babel/parser
3740 silly ADD node_modules/@babel/helpers
3741 silly ADD node_modules/@babel/helper-module-transforms
3742 silly ADD node_modules/@babel/helper-compilation-targets
3743 silly ADD node_modules/@babel/generator
3744 silly ADD node_modules/@babel/code-frame
3745 silly ADD node_modules/react-refresh
3746 silly ADD node_modules/@types/babel__core
3747 silly ADD node_modules/@rolldown/pluginutils
3748 silly ADD node_modules/@babel/plugin-transform-react-jsx-source
3749 silly ADD node_modules/@babel/plugin-transform-react-jsx-self
3750 silly ADD node_modules/@babel/core
3751 silly ADD node_modules/@use-gesture/core
3752 silly ADD node_modules/meshoptimizer
3753 silly ADD node_modules/fflate
3754 silly ADD node_modules/@webgpu/types
3755 silly ADD node_modules/@types/stats.js
3756 silly ADD node_modules/@tweenjs/tween.js
3757 silly ADD node_modules/@dimforge/rapier3d-compat
3758 silly ADD node_modules/csstype
3759 silly ADD node_modules/undici-types
3760 silly ADD node_modules/seroval-plugins
3761 silly ADD node_modules/seroval
3762 silly ADD node_modules/cookie-es
3763 silly ADD node_modules/@tanstack/store
3764 silly ADD node_modules/tiny-warning
3765 silly ADD node_modules/tiny-invariant
3766 silly ADD node_modules/isbot
3767 silly ADD node_modules/@tanstack/router-core
3768 silly ADD node_modules/@tanstack/react-store
3769 silly ADD node_modules/@tanstack/history
3770 silly ADD node_modules/@tanstack/query-core
3771 silly ADD node_modules/postcss-selector-parser
3772 silly ADD node_modules/lodash.merge
3773 silly ADD node_modules/lodash.isplainobject
3774 silly ADD node_modules/lodash.castarray
3775 silly ADD node_modules/scheduler
3776 silly ADD node_modules/react-use-measure
3777 silly ADD node_modules/react-reconciler
3778 silly ADD node_modules/its-fine
3779 silly ADD node_modules/buffer
3780 silly ADD node_modules/base64-js
3781 silly ADD node_modules/@types/webxr
3782 silly ADD node_modules/@types/react-reconciler
3783 silly ADD node_modules/promise-worker-transferable
3784 silly ADD node_modules/utility-types
3785 silly ADD node_modules/use-sync-external-store
3786 silly ADD node_modules/tunnel-rat
3787 silly ADD node_modules/tunnel-rat/node_modules/zustand
3788 silly ADD node_modules/troika-three-text
3789 silly ADD node_modules/three-stdlib
3790 silly ADD node_modules/three-stdlib/node_modules/fflate
3791 silly ADD node_modules/three-mesh-bvh
3792 silly ADD node_modules/suspend-react
3793 silly ADD node_modules/stats.js
3794 silly ADD node_modules/stats-gl
3795 silly ADD node_modules/stats-gl/node_modules/three
3796 silly ADD node_modules/meshline
3797 silly ADD node_modules/maath
3798 silly ADD node_modules/hls.js
3799 silly ADD node_modules/glsl-noise
3800 silly ADD node_modules/detect-gpu
3801 silly ADD node_modules/cross-env
3802 silly ADD node_modules/camera-controls
3803 silly ADD node_modules/@use-gesture/react
3804 silly ADD node_modules/@monogrid/gainmap-js
3805 silly ADD node_modules/@mediapipe/tasks-vision
3806 silly ADD node_modules/@babel/runtime
3807 silly ADD node_modules/cannon-es-debugger
3808 silly ADD node_modules/cannon-es
3809 silly ADD node_modules/@pmndrs/cannon-worker-api
3810 silly ADD node_modules/@radix-ui/number
3811 silly ADD node_modules/@floating-ui/utils
3812 silly ADD node_modules/@floating-ui/core
3813 silly ADD node_modules/@floating-ui/dom
3814 silly ADD node_modules/@radix-ui/rect
3815 silly ADD node_modules/@radix-ui/react-use-rect
3816 silly ADD node_modules/@radix-ui/react-arrow
3817 silly ADD node_modules/@floating-ui/react-dom
3818 silly ADD node_modules/@radix-ui/react-visually-hidden
3819 silly ADD node_modules/@radix-ui/react-use-previous
3820 silly ADD node_modules/@radix-ui/react-roving-focus
3821 silly ADD node_modules/@radix-ui/react-popper
3822 silly ADD node_modules/@radix-ui/react-use-effect-event
3823 silly ADD node_modules/react-remove-scroll
3824 silly ADD node_modules/aria-hidden
3825 silly ADD node_modules/@radix-ui/react-portal
3826 silly ADD node_modules/@radix-ui/react-focus-scope
3827 silly ADD node_modules/@radix-ui/react-focus-guards
3828 silly ADD node_modules/@radix-ui/react-dismissable-layer
3829 silly ADD node_modules/@radix-ui/react-menu
3830 silly ADD node_modules/@radix-ui/react-use-size
3831 silly ADD node_modules/@radix-ui/react-presence
3832 silly ADD node_modules/@radix-ui/react-use-layout-effect
3833 silly ADD node_modules/@radix-ui/react-use-is-hydrated
3834 silly ADD node_modules/@radix-ui/react-use-callback-ref
3835 silly ADD node_modules/@radix-ui/react-use-controllable-state
3836 silly ADD node_modules/@radix-ui/react-primitive
3837 silly ADD node_modules/@radix-ui/react-id
3838 silly ADD node_modules/@radix-ui/react-direction
3839 silly ADD node_modules/@radix-ui/react-context
3840 silly ADD node_modules/@radix-ui/react-compose-refs
3841 silly ADD node_modules/@radix-ui/react-collection
3842 silly ADD node_modules/@radix-ui/primitive
3843 silly ADD
3844 silly ADD
3845 silly ADD
3846 silly ADD node_modules/@biomejs/cli-linux-x64
3847 silly ADD
3848 silly ADD
3849 silly ADD
3850 silly ADD
3851 silly ADD node_modules/zustand
3852 silly ADD node_modules/vite-plugin-environment
3853 silly ADD node_modules/vaul
3854 silly ADD node_modules/typescript
3855 silly ADD node_modules/tailwindcss-animate
3856 silly ADD node_modules/tailwind-merge
3857 silly ADD node_modules/sonner
3858 silly ADD node_modules/recharts
3859 silly ADD node_modules/recharts/node_modules/eventemitter3
3860 silly ADD node_modules/react-use
3861 silly ADD node_modules/react-resizable-panels
3862 silly ADD node_modules/quill-delta
3863 silly ADD node_modules/react-quill-new
3864 silly ADD node_modules/react-icons
3865 silly ADD node_modules/react-hook-form
3866 silly ADD node_modules/react-day-picker
3867 silly ADD node_modules/react-day-picker/node_modules/date-fns
3868 silly ADD node_modules/next-themes
3869 silly ADD node_modules/motion
3870 silly ADD node_modules/lucide-react
3871 silly ADD node_modules/input-otp
3872 silly ADD node_modules/html2canvas
3873 silly ADD node_modules/embla-carousel-react
3874 silly ADD node_modules/dotenv-cli
3875 silly ADD node_modules/dotenv
3876 silly ADD node_modules/date-fns
3877 silly ADD node_modules/cmdk
3878 silly ADD node_modules/clsx
3879 silly ADD node_modules/class-variance-authority
3880 silly ADD node_modules/postcss
3881 silly ADD node_modules/autoprefixer
3882 silly ADD node_modules/vite
3883 silly ADD node_modules/@vitejs/plugin-react
3884 silly ADD node_modules/@types/three
3885 silly ADD node_modules/@types/react-dom
3886 silly ADD node_modules/@types/react
3887 silly ADD node_modules/@types/node
3888 silly ADD node_modules/@tanstack/react-router
3889 silly ADD node_modules/@tanstack/react-query
3890 silly ADD node_modules/@tailwindcss/typography
3891 silly ADD node_modules/tailwindcss
3892 silly ADD node_modules/tailwindcss/node_modules/postcss-selector-parser
3893 silly ADD node_modules/@tailwindcss/container-queries
3894 silly ADD node_modules/@react-three/drei
3895 silly ADD node_modules/@react-three/fiber
3896 silly ADD node_modules/three
3897 silly ADD node_modules/@react-three/cannon
3898 silly ADD node_modules/@radix-ui/react-tooltip
3899 silly ADD node_modules/@radix-ui/react-toggle-group
3900 silly ADD node_modules/@radix-ui/react-toggle
3901 silly ADD node_modules/@radix-ui/react-tabs
3902 silly ADD node_modules/@radix-ui/react-switch
3903 silly ADD node_modules/@radix-ui/react-slot
3904 silly ADD node_modules/@radix-ui/react-slider
3905 silly ADD node_modules/@radix-ui/react-separator
3906 silly ADD node_modules/@radix-ui/react-select
3907 silly ADD node_modules/@radix-ui/react-scroll-area
3908 silly ADD node_modules/@radix-ui/react-radio-group
3909 silly ADD node_modules/@radix-ui/react-progress
3910 silly ADD node_modules/@radix-ui/react-popover
3911 silly ADD node_modules/@radix-ui/react-navigation-menu
3912 silly ADD node_modules/@radix-ui/react-menubar
3913 silly ADD node_modules/@radix-ui/react-label
3914 silly ADD node_modules/@radix-ui/react-hover-card
3915 silly ADD node_modules/@radix-ui/react-dropdown-menu
3916 silly ADD node_modules/@radix-ui/react-dialog
3917 silly ADD node_modules/@radix-ui/react-context-menu
3918 silly ADD node_modules/@radix-ui/react-collapsible
3919 silly ADD node_modules/@radix-ui/react-checkbox
3920 silly ADD node_modules/@radix-ui/react-avatar
3921 silly ADD node_modules/@radix-ui/react-aspect-ratio
3922 silly ADD node_modules/@radix-ui/react-alert-dialog
3923 silly ADD node_modules/react-dom
3924 silly ADD node_modules/react-dom/node_modules/scheduler
3925 silly ADD node_modules/react
3926 silly ADD node_modules/@radix-ui/react-accordion
3927 silly ADD node_modules/@biomejs/biome
3928 verbose cwd /home/drarmank/source_build/dr.armankabir-main/src/frontend
3929 verbose os Linux 4.18.0-553.121.1.lve.el8.x86_64
3930 verbose node v22.14.0
3931 verbose npm  v10.9.2
3932 verbose exit 0
3933 info ok
